<?xml version='1.0' encoding='UTF-8'?>
<doc>
  <source><![CDATA[https://newslab.ru/news/899885]]></source>
  <category verify="true" type="str" auto="true"><![CDATA[Новости]]></category>
  <title verify="true" type="str" auto="true"><![CDATA[В Норильске обсудили вопросы реконструкции местного аэропорта]]></title>
  <keywords verify="true" type="list" auto="true">
    <item type="str"><![CDATA[Новости]]></item>
    <item type="str"><![CDATA[Общество]]></item>
    <item type="str"><![CDATA[В Красноярском крае]]></item>
  </keywords>
  <text verify="true" type="str" auto="true"><![CDATA[17 мая 2019 года в Норильске состоялось совещание оперативного штаба при правительстве Красноярского края, в ходе которого обсудили ход реконструкции аэропорта Норильск, важнейшего инфраструктурного и социального проекта.
В заседании оперативного штаба приняли участие начальник управления аэропортовой деятельности Росавиации Анатолий Пчелин, министр транспорта Красноярского края Константин Димитров, старший вице-президент — руководитель блока сбыта, ресурсного обеспечения и инновационного развития «Норникеля» Сергей Батехин, генеральный директор аэропорта «Норильск» Андрей Никифоров и генеральный директор авиакомпании «Нордcтар» Леонид Мохов, представители подрядных и проектных организаций.
В ходе совещания участники обсудили планы на новый, завершающий, строительный сезон и работу аэропорта в летний период 2019 года.
Напомним, масштабная реконструкция аэропорта «Норильск» на условиях государственно-частного партнерства началась в 2016 году. В течение трех летних сезонов в условиях действующего аэропорта был проведен ремонт взлетно-посадочной полосы. Общий объем инвестиций в проект превысит 12,5 млрд рублей, финансирование предусмотрено до 2020 года. При этом подрядная организация намерена в полном объеме завершить работы уже в этом году. Планируется реконструировать перрон с водоотводной системой и очистными сооружениями, построить новую аварийно-спасательную станцию и реконструировать магистральные сети электроснабжения аэропорта. Будут завершены работы по устройству патрульной автодороги и ограждения аэродрома с техническими средствами охраны и системой видеонаблюдения, строительству очистных сооружений поверхностного стока с взлетно-посадочной полосы и реконструкции электрических магистральных сетей аэропорта, а также строительство топливохранилища для котельной.
Государственной программой на реконструкцию аэропортового комплекса Норильск предусматриваются средства в объеме 12 048,9 млн рублей, в том числе средства федерального бюджета — 9 048,9 млн рублей, внебюджетные источники — 3 млрд рублей. Внебюджетная часть финансируется компанией «Норникель». Речь идет о разработке проектной документации, завершающем этапе строительства новых магистральных сетей, реконструкции перрона, покупке спецтехники, реконструкции системы электроснабжения, строительстве цеха бортового питания и здания аварийно-спасательной станции.
«Завершение реконструкции важнейшего для региона объекта, аэропорта Норильска, требует мобилизации всех заинтересованных сторон. Строительный сезон в Норильске короткий, и следует четко выдерживать все сроки и графики работ, без потери качествах показателей обновляемых объектов аэропортовой инфраструктуры», — отметил Анатолий Пчелин, начальник управления аэропортовой деятельности Росавиации.
«Реконструкция норильского аэропорта — это важнейший инфраструктурный и социальный проект, направленный на улучшение качества жизни норильчан. После завершения проекта аэропорт будет отвечать всем современным нормативным требованиям, что позволит повысить качество и безопасность предоставляемых населению услуг, обеспечить надежный и стабильный уровень пассажирских и грузовых перевозок в регионе», — прокомментировал старший вице-президент — руководитель Блока сбыта, ресурсного обеспечения и инновационного развития «Норникеля» Сергей Батехин.
«Перевозка пассажиров в 2019 году будет осуществляться в полном объеме, по привычному расписанию и без каких-либо ограничений. Единственная особенность: на время замены покрытия перрона будут выведены из эксплуатации телетрапы, и часть самолетов будет обслуживаться на воинском перроне, как в прошлом году», — сообщил генеральный директор аэропорта «Норильск» Андрей Никифоров.
Директор авиакомпании «Нордcтар» Леонид Мохов уточнил, что летом этого года заменят покрытие перрона, завершат строительство ряда объектов аэропорта — патрульной дороги, ограждений, очистных сооружений, аварийно-спасательной станции. Все эти работы позволят повысить безопасность полетов, скорость и качество обслуживания пассажиров.]]></text>
</doc>
