<?xml version='1.0' encoding='UTF-8'?>
<doc>
  <source><![CDATA[https://newslab.ru/news/902489]]></source>
  <category verify="true" type="str" auto="true"><![CDATA[Новости]]></category>
  <title verify="true" type="str" auto="true"><![CDATA[На правобережье Красноярска три семьи остались без жилья из-за разрушительного пожара (видео)]]></title>
  <keywords verify="true" type="list" auto="true">
    <item type="str"><![CDATA[Новости]]></item>
    <item type="str"><![CDATA[Происшествия]]></item>
    <item type="str"><![CDATA[В Красноярском крае]]></item>
  </keywords>
  <text verify="true" type="str" auto="true"><![CDATA[На правобережье Красноярска пожар уничтожил три дома, сообщили в пресс-службе ГУ МЧС России по Красноярскому краю.
Сообщение о происшествии поступило на телефон диспетчера около 15:37 с улицы Рязанская в Ленинском районе Красноярска. Первые пожарные были на месте через 12 минут. К этому времени горели сразу два дома на общей площади в 200 квадратных метров и огонь уже перекидывался на третье строение.
Пожарные отметили, что все три дома располагались очень близко друг к другу. Не допустить распространения пожара было почти невозможно. На момент локализации возгорания площадь уничтоженных огнем строений достигла 380 квадратных метров.
Также были сложности с подвозом воды — на этой улице нет исправного пожарного гидранта. Пожарным приходилось набирать воду на расстоянии в 1,5 км от места пожара. На тушение привлекались 6 автоцистерн и 22 человека личного состава.]]></text>
</doc>
