<?xml version='1.0' encoding='UTF-8'?>
<doc>
  <source><![CDATA[https://newslab.ru/news/903495]]></source>
  <category verify="true" type="str" auto="true"><![CDATA[Новости]]></category>
  <title verify="true" type="str" auto="true"><![CDATA[В Лесосибирске полиция отобрала у наркосбытчиков почти килограмм «синтетики»]]></title>
  <keywords verify="true" type="list" auto="true">
    <item type="str"><![CDATA[Новости]]></item>
    <item type="str"><![CDATA[Происшествия]]></item>
    <item type="str"><![CDATA[В Красноярском крае]]></item>
  </keywords>
  <text verify="true" type="str" auto="true"><![CDATA[В Красноярском крае задержали трех продавцов «синтетики» с почти килограммом товара, сообщили в краевой полиции.
Злоумышленниками оказались 34-летний мужчина и 45-летняя женщина из Красноярска, а также 26-летняя жительница Большой Мурты. Они приехали в Лесосибирск на легковом автомобиле и привезли среди прочего груза свертки с наркотиками общей массой более 800 граммов. Наркотические средства они планировали продать бесконтактным методом через «закладки».
Позднее полицейские провели осмотр квартир злоумышленников. Там нашлось еще полкилограмма «синтетики».
В отношении ранее судимого мужчины и его знакомых возбудили уголовное дело по части 3 статьи 30, части 5 статьи 228.1 Уголовного кодекса Российской Федерации за попытку незаконного сбыта наркотических средств в особо крупном размере. Им может грозить пожизненное лишение свободы.
На прошлой неделе лесосибирские полицейские задержали еще одну группу красноярцев, которые хотели наладить преступный бизнес в Лесосибирске. У них нашли больше 5 кг запрещенных веществ.]]></text>
</doc>
