<?xml version='1.0' encoding='UTF-8'?>
<doc>
  <source><![CDATA[https://newslab.ru/news/903652]]></source>
  <category verify="true" type="str" auto="true"><![CDATA[Новости]]></category>
  <title verify="true" type="str" auto="true"><![CDATA[Для празднования Дня России в центре Красноярске вводят ограничения для транспорта]]></title>
  <keywords verify="true" type="list" auto="true">
    <item type="str"><![CDATA[Новости]]></item>
    <item type="str"><![CDATA[Общество]]></item>
    <item type="str"><![CDATA[В Красноярском крае]]></item>
  </keywords>
  <text verify="true" type="str" auto="true"><![CDATA[С сегодняшнего дня, 11 июня, и до 23:00 12 июня, в центре Красноярска запретят проезд и парковку авто на двух участках дорог. Ограничения вводят в связи с празднованием Дня России и завершающего мероприятия Дня города.
Речь идёт об улицах, примыкающих к Театральной площади (улица Перенсона, 2). Временный запрет для транспорта вводят:
Красноярцев ждёт большой концерт на Театральной площади с 14:00 до 22:00. Кроме того, в 13:00 возле Института искусств (улица Ленина, 22) одновременно выступят порядка 300 человек из различных певческих коллективов.
Вы можете предупредить знакомых водителей, нажав кнопку «Поделиться в соцсетях»:]]></text>
</doc>
