<?xml version='1.0' encoding='UTF-8'?>
<doc>
  <source><![CDATA[https://newslab.ru/news/902953]]></source>
  <category verify="true" type="str" auto="true"><![CDATA[Новости]]></category>
  <title verify="true" type="str" auto="true"><![CDATA[В Красноярском крае завершается посевная кампания]]></title>
  <keywords verify="true" type="list" auto="true">
    <item type="str"><![CDATA[Новости]]></item>
    <item type="str"><![CDATA[Экономика]]></item>
    <item type="str"><![CDATA[В Красноярском крае]]></item>
  </keywords>
  <text verify="true" type="str" auto="true"><![CDATA[До окончания посевной кампании в Красноярском крае остались считанные дни. На 6 июня аграрии провели яровой сев на площади 1 млн 195 тыс. га, в том числе засеяли зерновыми и зернобобовыми культурами 880 тыс. га, или 98 % от плана, сообщили в пресс-службе министерства сельского хозяйства и торговли региона.
В числе лидеров посевной Шарыповский, Ачинский, Канский Дзержинский, Рыбинский, Партизанский, Уярский, Тасеевский, Иланский, Балахтинский, Краснотуранский, Курагинский, Казачинский районы, засеявшие более 100 % от запланированных площадей.
По словам заместителя председателя правительства края — министра сельского хозяйства и торговли Леонида Шорохова, в этом году погода не доставила сельчанам серьезных проблем: «Теплая и сухая весна позволила провести сев зерновых в оптимальные агротехнические сроки. В перспективе сельхозпроизводители получат не только урожай в запланированном объеме, но и высокое качество зерна».
Он отметил, что только четыре субъекта Российской Федерации могут экспортировать пшеницу в Китайскую Народную республику. В их числе Красноярский край. «Мы эффективно реализуем поставленную президентом России задачу, направленную на повышение качества отечественного зерна. В 2018 году порядка 87 % краевой пшеницы соответствовало показателям продовольственной. Для сравнения: по Сибирскому федеральному округу этот показатель 78 %, по Российской Федерации — 30 %», — подчеркнул Леонид Шорохов.
Министр обратил внимание на отличительную особенность посевной кампании в этом году — это изменение структуры посевов сельхозкультур в сторону увеличения площадей масличных на 19,5 % и кукурузы на 22,5 %. «Возделывая рапс, аграрии добиваются финансовой устойчивости, ведь средняя цена реализации этой культуры существенно выше цены на зерно. И рынок сбыта рапса сегодня не ограничен. Кроме того, это растение — отличный предшественник перед севом пшеницы, а также культура, обладающая основными питательными элементами, необходимыми для сбалансированного кормления крупного рогатого скота», — высказал мнение министр.]]></text>
</doc>
