<?xml version='1.0' encoding='UTF-8'?>
<doc>
  <source><![CDATA[https://newslab.ru/news/904061]]></source>
  <category verify="true" type="str" auto="true"><![CDATA[Новости]]></category>
  <title verify="true" type="str" auto="true"><![CDATA[Врач футбольного «Енисея» спасла женщину во время полета]]></title>
  <keywords verify="true" type="list" auto="true">
    <item type="str"><![CDATA[Новости]]></item>
    <item type="str"><![CDATA[Происшествия]]></item>
    <item type="str"><![CDATA[В Красноярском крае]]></item>
  </keywords>
  <text verify="true" type="str" auto="true"><![CDATA[Врач красноярского ФК «Енисей» Лилия Сергеева спасла человека на борту самолета.
Как рассказали в пресс-службе клуба, женская сборная возвращалась из Москвы после матча с «Локомотивом».
Во время полета одной из пассажирок стало плохо. У нее поднялось давление, а нужных медикаментов не было. Тогда Лилия Сергеева провела осмотр и определила, что у пассажирки случился гипертонический криз.
Врач стабилизировала давление, женщине стало лучше, экстренной посадки не потребовалось.
Справка:
Гипертонический криз — неотложное тяжёлое состояние из-за слишком повышенного артериального давления. По данным медиков, это патологическое состояние является одной из наиболее распространенных причин вызова скорой помощи.]]></text>
</doc>
