<?xml version='1.0' encoding='UTF-8'?>
<doc>
  <source><![CDATA[https://newslab.ru/news/904716]]></source>
  <category verify="true" type="str" auto="true"><![CDATA[Новости]]></category>
  <title verify="true" type="str" auto="true"><![CDATA[Лесосибирского предпринимателя уличили в выводе миллионов за границу]]></title>
  <keywords verify="true" type="list" auto="true">
    <item type="str"><![CDATA[Новости]]></item>
    <item type="str"><![CDATA[Происшествия]]></item>
    <item type="str"><![CDATA[В Красноярском крае]]></item>
  </keywords>
  <text verify="true" type="str" auto="true"><![CDATA[В Красноярском крае будут судить бывшего директора лесосибирской деревообрабатывающей компании за вывод денег за границу, сообщили в Западно-Сибирской транспортной прокуратуре.
Компания ООО «ДОЗ 21» заключила контракт на поставку лесоматериалов в Азербайджанскую республику. Получить предприниматели должны были 11,29 миллиона рублей. Закон требует, чтобы эти деньги в установленный контрактом срок были зачислены на российские банковские счета фирмы. Но директор компании нарушил закон и уклонился от «исполнения обязанностей по репатриации денежных средств в крупном размере».
В отношении уже бывшего руководителя возбудили уголовное дело по ч. 1 ст. 193 Уголовного кодекса Российской Федерации. Максимальное наказание по ней — 3 года лишения свободы. Рассматривать дело будет Лесосибирский городской суд.]]></text>
</doc>
