<?xml version='1.0' encoding='UTF-8'?>
<doc>
  <source><![CDATA[https://newslab.ru/news/904206]]></source>
  <category verify="true" type="str" auto="true"><![CDATA[Новости]]></category>
  <title verify="true" type="str" auto="true"><![CDATA[Красноярцев позвали в путешествие на электричке и теплоходе до Дивногорска]]></title>
  <keywords verify="true" type="list" auto="true">
    <item type="str"><![CDATA[Новости]]></item>
    <item type="str"><![CDATA[Общество]]></item>
    <item type="str"><![CDATA[В Красноярском крае]]></item>
  </keywords>
  <text verify="true" type="str" auto="true"><![CDATA[В субботу, 15 июня, красноярцев и гостей города приглашают в путешествие «Дивногорская Ривьера». Тур включает экскурсионную поездку на комфортабельном электропоезде и прогулку на теплоходе по Енисею по маршруту Красноярск — Дивногорск — Красноярск, сообщили в пресс-службе КрасЖД.
Маршрут позволяет увидеть самые красивые и знаковые места Красноярска и Дивногорска, взгляду путешественников откроются впечатляющие виды «Столбов» и Енисея. В программе экскурсия, которая познакомит с достопримечательностями городов, а также посещение Мемориального комплекса и музея-библиотеки имени писателя Виктора Астафьева в его родном селе Овсянка.
Отправление туристического электропоезда «Дивногорская Ривьера» с железнодорожного вокзала Красноярска в 11:30; теплохода от речного вокзала Красноярска — в 10:00. По прибытию в Дивногорск туристам предоставляется свободное время для прогулок. В обратном направлении туристическая электричка отправится со станции Дивногорск в 15:30; теплоход от причала Дивногорск в 15:00.
Проект реализуется с 2017 года компанией «Краспригород» совместно туроператором, на сайте которого можно оставить заявку на участие в экскурсионном туре. Сейчас в расписании туроператора — 4 мультимодальных тура выходного дня «Дивногорская Ривьера». Ближайшие рейсы запланированы на 29 июня, 13 и 27 июля, 10 августа. По желанию туристов количество экскурсий может быть увеличено.]]></text>
</doc>
