<?xml version='1.0' encoding='UTF-8'?>
<doc>
  <source><![CDATA[https://newslab.ru/news/904711]]></source>
  <category verify="true" type="str" auto="true"><![CDATA[Новости]]></category>
  <title verify="true" type="str" auto="true"><![CDATA[«Ночь провела у подруги, а утром решила еще погулять»: пропавшую красноярскую школьницу нашли на остановке]]></title>
  <keywords verify="true" type="list" auto="true">
    <item type="str"><![CDATA[Новости]]></item>
    <item type="str"><![CDATA[Происшествия]]></item>
    <item type="str"><![CDATA[В Красноярском крае]]></item>
  </keywords>
  <text verify="true" type="str" auto="true"><![CDATA[В Красноярске полицейские вернули семье пропавшую девочку-подростка. Все случилось в Ленинском районе города в минувшие выходные. Вечером 15 июня 12-летняя девочка не вернулась домой с прогулки и ее родители обратились за помощью к стражам порядка.
«Сотрудники полиции незамедлительно организовали поиски. Были созданы группы, в которые вошли инспекторы по делам несовершеннолетних, сотрудники уголовного розыска, участковые уполномоченные полиции. Ориентировка была передана всем наружным нарядам, предупреждены водители городских автобусов. Также к поискам подключились волонтеры», — рассказали стражи порядка.
Девочку живой и невредимой обнаружили днем 16 июня на одной из остановок Ленинского района города.
Как оказалось, школьница осталась ночевать у подруги, но почему-то не предупредила родителей, а утром следующего дня решила не идти домой и еще немного погулять. В настоящее время со школьницей и ее семьей работают инспекторы по делам несовершеннолетних.]]></text>
</doc>
