<?xml version='1.0' encoding='UTF-8'?>
<doc>
  <source><![CDATA[https://newslab.ru/news/902684]]></source>
  <category verify="true" type="str" auto="true"><![CDATA[Новости]]></category>
  <title verify="true" type="str" auto="true"><![CDATA[Стали известны результаты конкурса на лучший проект крематория в Красноярске]]></title>
  <keywords verify="true" type="list" auto="true">
    <item type="str"><![CDATA[Новости]]></item>
    <item type="str"><![CDATA[Общество]]></item>
    <item type="str"><![CDATA[В Красноярском крае]]></item>
  </keywords>
  <text verify="true" type="str" auto="true"><![CDATA[Обновлено: Стали известны предварительные сроки строительства красноярского крематория
Сегодня, 5 июня, мэрия определила победителя конкурса на лучший проект строительства крематория в Красноярске. Больше всего голосов набрала компания, ставшая лидером по результатам интернет-голосования — «Красноярский крематорий».
До конца мая красноярцы выбирали один из четырёх предложенных проектов. По результатам предварительного голосования с большим отрывом лидировал вариант крематория с 13-метровым светящимся крестом на фасаде. Названия фирм-участников мэрия не раскрывала вплоть до финального подсчёта баллов с учетом 11 дополнительных критериев конкурса.
«Наибольшее количество баллов присуждена проекту ООО „Красноярский крематорий“. Решение комиссии совпадает с результатами интернет-голосования», — объявил глава департамента экономической политики и инвестразвития Красноярска Вячеслав Полищук результаты конкурса.
Как сообщили Newslab в мэрии, в конкурсе также принимали участие фирмы ООО «Альтаир», ООО «Харон», поступила личная заявка от Имназинова Марселя Маратовича.
Сейчас компания ООО «Красноярский крематорий» занимается похоронным бизнесом в городе и предоставляет услугу кремации с транспортировкой тела покойного в Новосибирск. Бизнесмены предлагают построить крематорий в Красноярске на территории кладбища Бадалык. Но пока вопрос с участком остаётся открытым, отмечают в мэрии.
Предыстория: Стали известны первые результаты голосования за лучший проект крематория]]></text>
</doc>
