<?xml version='1.0' encoding='UTF-8'?>
<doc>
  <source><![CDATA[https://newslab.ru/news/904715]]></source>
  <category verify="true" type="str" auto="true"><![CDATA[Новости]]></category>
  <title verify="true" type="str" auto="true"><![CDATA[В Красноярске ищут сбежавшего из психдиспансера мужчину. Скрывается уже неделю]]></title>
  <keywords verify="true" type="list" auto="true">
    <item type="str"><![CDATA[Новости]]></item>
    <item type="str"><![CDATA[Происшествия]]></item>
    <item type="str"><![CDATA[В Красноярском крае]]></item>
  </keywords>
  <text verify="true" type="str" auto="true"><![CDATA[Красноярские волонтеры попросили у горожан помощи в поиске 34-летнего мужчины, который на прошлой неделе ушел из краевого психоневрологического диспансера № 1 (ул Курчатова, 14).
Сергей Мартынов покинул медучреждение в 16:30 часов 11 июня. До настоящего времени о его местонахождении ничего неизвестно. Но жители города сообщили, что неоднократно видели мужчину вместе с его матерью на улице Щорса — они якобы посещали торговый комплекс «Мави». По некоторым данным, именно она увела разыскиваемого из больницы. О том, представляет ли мужчина опасность, не сообщается.
Всех, кто располагает какой-либо информацией о пропавшем, просят позвонить в полицию по номеру 8 (391) 246-87-64 или связаться с волонтерами 8 (950) 99-66-066 (звонить по этому номеру можно круглосуточно).
Вы можете помочь распространению информации о пропавшем мужчине, нажав кнопку «Поделиться в соцсетях»:]]></text>
</doc>
