<?xml version='1.0' encoding='UTF-8'?>
<doc>
  <source><![CDATA[https://newslab.ru/news/902759]]></source>
  <category verify="true" type="str" auto="true"><![CDATA[Новости]]></category>
  <title verify="true" type="str" auto="true"><![CDATA[Красноярцы могут заказать мультибрендовую обувь с доставкой на дом]]></title>
  <keywords verify="true" type="list" auto="true">
    <item type="str"><![CDATA[Новости]]></item>
    <item type="str"><![CDATA[Общество]]></item>
    <item type="str"><![CDATA[В Красноярском крае]]></item>
  </keywords>
  <text verify="true" type="str" auto="true"><![CDATA[Теперь жители Красноярска и Красноярского края могут купить обувь в интернет-магазине Ascania, и курьер привезет ее в удобное время. Ascania — сеть мультибрендовых магазинов обуви и аксессуаров с 20-летней историей, полюбившаяся покупателям в Новосибирске, Томске, Красноярске и Екатеринбурге вышла в онлайн.
Заказать с доставкой в Красноярск и Красноярский край можно любую обувь в интернет-магазине ascania.shop и со скидками. На летнюю обувь — скидки до 50 %, а на зимнюю обувь — до 70 %. Доступна доставка курьером до порога или самовывоз из пункта выдачи заказов (ПВЗ). При оформлении покупки можно выбрать удобный способ оплаты. Оплатить товар курьеру можно после примерки. Сейчас сделать заказ особенно выгодно, до 16 июня действует акция «Бесплатная доставка на первый заказ»*.
«В мультибрендовом интернет-магазине стильной обуви и аксессуаров ascania.shop вы найдете самые актуальные тренды сезона: яркие детали, модные модели и натуральные материалы, а также комфортные варианты на каждый день. В коллекции есть обувь на любой вкус: линии Classic, Elegant, Active и Comfort», — отметили в компании.
В ascania.shop тщательный отбор поставщиков, поэтому в ассортименте известные европейские бренды и гарантия высокого качества продукции. В магазине представлено более 900 моделей от более 70 известных брендов Италии, Испании, Португалии, Германии, Швейцарии, Турции: Adidas, Geox, Levis, GoERGO, CAPRICE, S and M, Indiana, Marco Tozzi, Tamaris, El Tempo, FrancescoDonni и Capilano.
«Неважно, какой стиль вы предпочитаете, здесь вы найдете яркий акцент для вашего образа и подчеркнете свою индивидуальность. Вы будете рады найти ту самую пару, счастливы, когда почувствуете, как она удобна, и придете в восторг от доступной цены», — добавили в компании.
Интернет-магазин ascania.shop. Магазин есть и в социальных сетях: Instagram, VKontakte.
*акция «Бесплатная доставка» действует до 16.06.2019 при условии частичного либо полного выкупа заказа.]]></text>
</doc>
