<?xml version='1.0' encoding='UTF-8'?>
<doc>
  <source><![CDATA[https://newslab.ru/news/903694]]></source>
  <category verify="true" type="str" auto="true"><![CDATA[Новости]]></category>
  <title verify="true" type="str" auto="true"><![CDATA[Красноярские приставы вместе с гаишниками начали ловить должников на выездах из города (видео)]]></title>
  <keywords verify="true" type="list" auto="true">
    <item type="str"><![CDATA[Новости]]></item>
    <item type="str"><![CDATA[Происшествия]]></item>
    <item type="str"><![CDATA[В Красноярском крае]]></item>
  </keywords>
  <text verify="true" type="str" auto="true"><![CDATA[Красноярские инспекторы полка ДПС вместе с судебными приставами ловили должников на дорогах.
Специализированный рейд «Должник» прошел на выездах из города. Как уточнили в пресс-службе полка ДПС, инспекторы дежурили на Свердловской в районе остановки «Турбаза» и на Бугаче в районе бывшего поста.
За два часа рейда полицейские остановили около 40 машин. Инспекторы проверяли соблюдение водителями ПДД, а судебные приставы искали водителей в базе данных должников.
Всего выявили двух должников — у одного водителя были долги по имущественным обязательствам (налоги), у другого — за коммунальные услуги. Оба на месте подписали уведомление от приставов и обязались оплатить долги в кратчайшие сроки.
Кроме того, сотрудники ДПС выявили 10 нарушений ПДД. В Госавтоинспекции обещали, что в будущем такие рейды будут проводить каждую неделю.]]></text>
</doc>
