<?xml version='1.0' encoding='UTF-8'?>
<doc>
  <source><![CDATA[https://newslab.ru/news/904292]]></source>
  <category verify="true" type="str" auto="true"><![CDATA[Новости]]></category>
  <title verify="true" type="str" auto="true"><![CDATA[Замначальника полиции Красноярского края получил очередную звезду на погоны]]></title>
  <keywords verify="true" type="list" auto="true">
    <item type="str"><![CDATA[Новости]]></item>
    <item type="str"><![CDATA[Общество]]></item>
    <item type="str"><![CDATA[В Красноярском крае]]></item>
  </keywords>
  <text verify="true" type="str" auto="true"><![CDATA[Заместителя начальника полиции Красноярского края Олега Стефанкова повысили. Указ о присвоении ему звания генерал-майора подписал накануне президент России Владимир Путин.
Олег Стефанков работает в Красноярском крае с 2017 года в должности заместителя начальника ГУ МВД России по Красноярскому краю — начальника полиции. В Красноярск его перевели в звании полковника из Калужской области. Там он занимал аналогичную должность.
С 2011 по 2015 годы Олег Стефанков служил в должности замначальника полиции по оперативной работе МВД по республике Адыгея. В тот же период министром внутренних дел этой республики являлся нынешний глава ГУ МВД по Красноярскому краю Александр Речицкий.
Предыстория: Президент утвердил нового начальника красноярской полиции]]></text>
</doc>
