<?xml version='1.0' encoding='UTF-8'?>
<doc>
  <source><![CDATA[https://newslab.ru/news/904724]]></source>
  <category verify="true" type="str" auto="true"><![CDATA[Новости]]></category>
  <title verify="true" type="str" auto="true"><![CDATA[Жители Белых Рос страдают от шумных вечеринок на берегу (видео)]]></title>
  <keywords verify="true" type="list" auto="true">
    <item type="str"><![CDATA[Новости]]></item>
    <item type="str"><![CDATA[Общество]]></item>
    <item type="str"><![CDATA[В Красноярском крае]]></item>
  </keywords>
  <text verify="true" type="str" auto="true"><![CDATA[Жители красноярского микрорайона «Белые Росы» жалуются на шумные встречи на берегу и во дворах, которые с начала лета за полночь устраивает местная молодёжь. Видео одной из таких вечеринок появилось в соцсетях.
Молодые люди громко общаются и слушают музыку в тёмное время суток. Как отмечают жители микрорайона, участники уличного действа ещё и злоупотребляют алкоголем. Особенно часто это происходит по выходным, шум мешает спать красноярцам из окрестных домов.
В комментариях под видео горожане по-разному оценили вариант такого досуга. Кто-то отметил, что лето — это пора отдыха, и расслабляться в хорошую погоду на свежем воздухе — хороший вариант. Кто-то считает, что так шуметь можно только в специальных местах.
«Гуляйте, сколько влезет, вам никто не запрещает. На мотоциклах хоть в труху убивайтесь, и музыку слушайте хоть до потери слуха, но на специальных площадках. А пока вы находитесь в общественном месте, вы — часть общества, должны соблюдать законы этого общества. В Красноярске закон тишины с 22:00 до 9:00», — высказываются красноярцы под видео.
На шумное соседство с отдыхающей по вечерам молодёжью жалуются и жители домов на Дубровинского. Там, на левобережной набережной, каждый вечер собираются кальянщики, которые не только предлагают свои услуги курения, но и громко катаются на машинах, слушают музыку.]]></text>
</doc>
