<?xml version='1.0' encoding='UTF-8'?>
<doc>
  <source><![CDATA[https://newslab.ru/news/903650]]></source>
  <category verify="true" type="str" auto="true"><![CDATA[Новости]]></category>
  <title verify="true" type="str" auto="true"><![CDATA[В Красноярском крае резко увеличилась площадь лесных пожаров]]></title>
  <keywords verify="true" type="list" auto="true">
    <item type="str"><![CDATA[Новости]]></item>
    <item type="str"><![CDATA[Происшествия]]></item>
    <item type="str"><![CDATA[В Красноярском крае]]></item>
  </keywords>
  <text verify="true" type="str" auto="true"><![CDATA[В Красноярском крае после потепления начала увеличиваться площадь лесных пожаров. Такая информация появилась в сводке федеральной Авиалесоохраны.
На сегодняшнее утро в регионе зафиксировано 12 пожаров в лесах. Их площадь превышает 6,2 тысячи гектаров. Неделю назад площадь пожаров была всего 478,5 гектара.
В Лесопожарном центре Красноярского края уточнили, что леса горят в Богучанском, Кежемском, Эвенкийском и Мотыгинском районах края. По предварительным данным, в большинстве случаев пожары возникли в результате гроз. Лишь 4 пожара на площади в 98 гектаров находятся в зоне контроля — там возгорания не тушат, а лишь отслеживают.
В Лесопожарном центре заверяют — угрозы для населенных пунктов от пожаров нет, ситуация находится под контролем. В тушении принимают участие 229 человек и 13 единиц техники.
Напомним, сезон лесных пожаров 2018 года в Красноярском крае закончился большим скандалом. Счетная палата региона и ФСБ России провели совместную проверку организации тушения пожаров и обвинили министерство лесного хозяйства в отсутствии своевременных мер для ликвидации возгораний. Ущерб лесному фонду превысил 4 миллиарда рублей.]]></text>
</doc>
