<?xml version='1.0' encoding='UTF-8'?>
<doc>
  <source><![CDATA[https://newslab.ru/news/905320]]></source>
  <category verify="true" type="str" auto="true"><![CDATA[Новости]]></category>
  <title verify="true" type="str" auto="true"><![CDATA[РУСАЛ принимает участие в международной выставке упаковочной индустрии RosUpack]]></title>
  <keywords verify="true" type="list" auto="true">
    <item type="str"><![CDATA[Новости]]></item>
    <item type="str"><![CDATA[Общество]]></item>
    <item type="str"><![CDATA[В России]]></item>
  </keywords>
  <text verify="true" type="str" auto="true"><![CDATA[РУСАЛ, один из крупнейших в мире производителей алюминия, принимает участие в 24-ой международной выставке упаковочной индустрии RosUpack, которая проходит с 18 по 21 июня 2019 года в Москве.
В рамках выставки РУСАЛ презентует стенд, композиционной основой которого станут живописные полотна, созданные с применением фольги, алюминиевой ленты, пергамента, пищевой пленки и других упаковочных материалов. В экспозиции представлены около 20 арт-объектов, которые воспроизводят знаменитые шедевры мировой живописи, в том числе «Девочка с персиками» Валентина Серова, «Поцелуй» Густава Климта, «Крик» Эдварда Мунка, «Наполеон» Жака Луи Давида.
Кроме того, РУСАЛ представляет весь спектр продукции, выпускаемой Даунстрим дивизионом компании: кашированную, лакированную и печатную фольгу, для ламинации, различных технических назначений, а также многослойные упаковочные материалы, пищевые контейнеры.
На стенде компании также можно ознакомиться с алюминиевыми лентами, банками и крышками из ламистера, различными видами упаковочных материалов на основе бумаги, пергамента и гофрокартона.]]></text>
</doc>
