<?xml version='1.0' encoding='UTF-8'?>
<doc>
  <source><![CDATA[https://newslab.ru/news/904848]]></source>
  <category verify="true" type="str" auto="true"><![CDATA[Новости]]></category>
  <title verify="true" type="str" auto="true"><![CDATA[Посылка с мужем, запретный метр о великом кутюрье и ГТО: вторник в Красноярске]]></title>
  <keywords verify="true" type="list" auto="true">
    <item type="str"><![CDATA[Новости]]></item>
    <item type="str"><![CDATA[Общество]]></item>
    <item type="str"><![CDATA[В Красноярском крае]]></item>
  </keywords>
  <text verify="true" type="str" auto="true"><![CDATA[Сегодня вторник, 18 июня. В Красноярске ожидается ясный день с температурой воздуха от +22 °C до +25 °C. Восточный ветер подует со скоростью до 2,5 м/с.
Сегодня в рамках проекта «Арт-берег» на левобережной набережной (на творческой поляне под Коммунальным мостом) следующая программа:
18:00 — 20:30 — поэтический вечер со свободным микрофоном и импровизацией от ART-Дилетанть;
20:30 — 22:00 — прощальный квартирник талантливого музыканта Яши Шамрина;
18:00 — 20:00 в районе спуска с Центрального парка будет работать площадка «Готов к труду и обороне». Горожан познакомят с видами тестирований и нормативами, чтобы подготовиться и сдать ГТО.
Newslab подготовил вам подборку мероприятий, которые можно посетить в этот вторник:
В 19:00 в красноярской Филармонии (проспект Мира, 2 Б) состоится увлекательный комедийный спектакль «Срочно выйду замуж!».
В центре сюжета — независимая молодая женщина Джанет Хастингс. Она живёт в центре большого города, строит карьеру и... совершенно не задумывается о своей личной жизни. До тех пор, пока однажды на пороге её квартиры не появляется незнакомец — курьер — посыльный экстравагантной тёти Марты, доставивший к Джанет мужчину в бессознательном состоянии...
В спектакле заняты актёры: Дмитрий Миллер, Нелли Уварова, Любовь Руденко, Ольга Тураева, Сергей Шолох.
В красноярском кинотеатре Синема парк (Дубровинского, 1А С) покажут оригинальную версию с субтитрами фильма «Величайший кутюрье». Фильм о последних годах, проведенных Ивом Сен-Лораном в качестве креативного директора собственного модного дома, и создание его прощальной коллекции для YSL. Бескомпромиссный и субъективный взгляд на закулисье и рутину творческого процесса, разрушающий миф о великом кутюрье, был в штыки воспринят партнером Сен-Лорана Пьером Берже, после чего его запретили к показу на протяжении семи лет. Билеты в кассах кинотеатров.
Вечером вторника Yushin Brothers (улица Карла Маркса, 102) организует два мероприятия.
В 19:30 начнётся открытый микрофон от Stand Up Siberia. Приходите познакомиться с молодым юмором красноярских комиков. Цензуры не будет.
А в 21:00 начнётся джазовый джем-сейшн. Музыканты попробуют при помощи инструментов выразить то, что нельзя сказать словами. А вас зовут бесплатно отдохнуть в приятной обстановке.
В 20:00 в парке «Троя» (улица Баумана, 18) возле главной сцены пройдут бесплатные тренировки под открытым небом. Занятия запланировали на каждый будний день. По понедельникам, средам и пятницам в 9:00 — кардио+силовая. А по вторникам и четвергам в 20:00 — zumba.
Сегодня как раз намечаются жаркие спортивные танцы, одевайтесь поудобнее. Перед посещением тренировки, пожалуйста, позвоните по телефону 290-00-07 и узнайте, будет ли она.
О других интересных событиях можно узнать в афише Красноярска
Расскажите о планах на вторник друзьям, нажав кнопку:]]></text>
</doc>
