<?xml version='1.0' encoding='UTF-8'?>
<doc>
  <source><![CDATA[https://newslab.ru/news/902959]]></source>
  <category verify="true" type="str" auto="true"><![CDATA[Новости]]></category>
  <title verify="true" type="str" auto="true"><![CDATA[В Центральном парке Красноярска ночью загорелся гараж. Подозревают поджог]]></title>
  <keywords verify="true" type="list" auto="true">
    <item type="str"><![CDATA[Новости]]></item>
    <item type="str"><![CDATA[Происшествия]]></item>
    <item type="str"><![CDATA[В Красноярском крае]]></item>
  </keywords>
  <text verify="true" type="str" auto="true"><![CDATA[В центре Красноярска сегодня горели подсобные помещения Центрального парка, подтвердили в пресс-службе краевого управления МЧС России.
Пожар на углу улиц Горького и Карла Маркса начался сегодня, 7 июня, около 4:20. К приезду пожарных огонь уже охватил крышу одноэтажного гаражного бокса. Он мог в любой момент перекинуться на соседние строения.
Потушить пламя удалось только через час. Площадь пожара составила 130 квадратных метров. По предварительным данным, причиной происшествия стал умышленный поджог.
Напомним, этот пожар — не первый в Центральном парке. В 2018 году в результате поджога сгорели два павильона с «комнатой страха» и выставкой восковых фигур. Чтобы добиться компенсации ущерба, который оценили в 20 миллионов рублей, мэрия Красноярска вынуждена была обращаться в суд.]]></text>
</doc>
