<?xml version='1.0' encoding='UTF-8'?>
<doc>
  <source><![CDATA[https://newslab.ru/news/904799]]></source>
  <category verify="true" type="str" auto="true"><![CDATA[Новости]]></category>
  <title verify="true" type="str" auto="true"><![CDATA[Красноярские общественники едва не поссорились из-за спасения уникального дуба]]></title>
  <keywords verify="true" type="list" auto="true">
    <item type="str"><![CDATA[Новости]]></item>
    <item type="str"><![CDATA[В Красноярском крае]]></item>
  </keywords>
  <text verify="true" type="str" auto="true"><![CDATA[Красноярские общественники не могут договориться о том, как нужно спасать старый дуб в Николаевке. Накануне в сети Instagram появился призыв найти виновников «уничтожения» дерева, которое растет в районе улиц Волочаевская и Чкалова.
Свое заявление о попытке уничтожения дерева автор сообщения проиллюстрировала фотографией. На ней видно, что вокруг ствола дерева выкопана яма, корни дерева обнажены.
«На наших глазах убивают дуб! Прошу репоста для выявления причастных лиц и привлечения их к ответственности. Не так много у нас в Красноярске дубов, чтобы так их истреблять», — написала красноярка.
Публикация от pt78 (@_pt_78_) 15 Июн 2019 в 1:31 PDT
Судя по информации в социальных сетях, яма около корней дуба — дело рук других общественников. Они специально обкопали дерево, чтобы освободить «корневую шейку» — место ответвления корней от ствола. По словам красноярки Натальи Подоляк, если этого не сделать, корни начнут гнить и дерево погибнет. Корни дуба общественники освобождали от земли дважды — в июне 2018 года и в мае 2019 года.
Об уникальном дереве начали говорить во время строительства Николаевского проспекта. Взрослый дуб много лет рос рядом с частным домом, который попал под снос. Дерево спасли от вырубки, но уже несколько раз общественники ловили строителей и озеленителей на неправильном уходе за ним. При этом взять дерево на городской баланс и ухаживать за ним, в мэрии отказываются — оно растет на земле, которой занимается КрУДор.
Предыстория: В Николаевке надеются сохранить от сноса уникальный дуб (видео)]]></text>
</doc>
