<?xml version='1.0' encoding='UTF-8'?>
<doc>
  <source><![CDATA[https://newslab.ru/news/903660]]></source>
  <category verify="true" type="str" auto="true"><![CDATA[Новости]]></category>
  <title verify="true" type="str" auto="true"><![CDATA[Красноярские мужчины заявили о нежелании создавать семью с курящими женщинами. Но дружить не против]]></title>
  <keywords verify="true" type="list" auto="true">
    <item type="str"><![CDATA[Новости]]></item>
    <item type="str"><![CDATA[Общество]]></item>
    <item type="str"><![CDATA[В Красноярском крае]]></item>
  </keywords>
  <text verify="true" type="str" auto="true"><![CDATA[В торговых центрах Красноярска волонтеры-медики провели опрос мужчин об отношении к женскому курению. Акция прошла в рамках мероприятий, приуроченных к Всемирному Дню без табака (31 мая). Итоги накануне обнародовал Минздрав региона.
Всего удалось опросить 476 мужчин в возрасте от 18 до 35 лет. 66 % сообщили, что среди их родственников и друзей есть курящие женщины.
«Также опрос показал, что у курящих мужчин чаще среди родственников и друзей есть курящие женщины и девушки. Некурящие же мужчины, судя по всему, стараются избегать общения с курящими женщинами: доля знакомых женщин, приверженных курению, у некурящих мужчин на 30 % меньше и составляет 51,2 %. Около половины мужчин (48,5 %) относятся к курящим женщинам отрицательно и считают, что женщины не должны курить. Относятся нейтрально и считают, что курение — личное дело каждого человека, 37,7 % опрошенных мужчин.
Выяснилось, что отношение к женскому курению зависит от статуса курения респондента: так, курящие мужчины чаще нейтрально относятся к курящим женщинам — 47,6 %, некурящие — отрицательно (65,6 %).
40 % опрошенных мужчин заявили, что не готовы к созданию семьи и рождению детей с курящей женщиной. «В ходе опроса выяснилось, что мужчины склонны негативно относиться к курящим женщинам. Оказалось, что 40 % опрошенных мужчин готовы вступать с курящими женщинами в приятельские отношения, однако не готовы к созданию с ними семьи и рождению детей, а 25 % мужчин сообщили, что не готовы вступать с курящими женщинами даже в приятельские отношения», — рассказали в Минздраве.]]></text>
</doc>
