<?xml version='1.0' encoding='UTF-8'?>
<doc>
  <source><![CDATA[https://newslab.ru/news/903893]]></source>
  <category verify="true" type="str" auto="true"><![CDATA[Новости]]></category>
  <title verify="true" type="str" auto="true"><![CDATA[Сразу два красноярских театра завершат сезон премьерами]]></title>
  <keywords verify="true" type="list" auto="true">
    <item type="str"><![CDATA[Новости]]></item>
    <item type="str"><![CDATA[Культура]]></item>
    <item type="str"><![CDATA[В Красноярском крае]]></item>
  </keywords>
  <text verify="true" type="str" auto="true"><![CDATA[В Красноярске два театра завершат творческий сезон премьерами.
Так, Музыкальный театр покажет зрителям постановку «Ханума». Премьера комедии-водевиля пройдет 23, 24 и 25 июня.
Действие спектакля крутится вокруг семей армянского купца Микича Котрянца и грузинского князя Вано Пантиашвили. Микич — богатейший авлабарский купец, который имеет кожевенный бизнес, но ему не хватает красивого герба. Также он хочет поднять свой авторитет в гильдии купцов. За княжеский титул он хочет отдать свою любимую дочь «старому ощипанному петуху» —пропившему своё состояние князю Вано Пантиашвили. Выгодную сделку организует сваха Кабато, она хочет пододвинуть на пьедестале свою конкурентку по матримониальному бизнесу Хануму. Ханума же выступает в роли кризисного менеджера и опытного организатора, разыгрывая ситуацию в свою пользу. В очередной раз доказав, что «лучше свахи в мире нет».
Зрителям пообещали яркие костюмы, необычные танцевальные постановки и специальную музыку. Купить билеты на премьеру спектакля «Ханума» можно на сайте театра.
Вторая премьера пройдет в Театре оперы и балета имени Д. Хворостовского. Постановку оперы «Ермак» представят 27, 28 и 29 июня.
Опера была написана специально по заказу театра. От замысла до воплощения проекта прошло несколько лет. Музыку для оперы написал современный композитор Александр Чайковский. Он же выступил в качестве музыкального руководителя спектакля.
Зрителям будет представлена масштабная поистине эпическая опера с главным действующим героем Ермаком. В основе сюжета — процесс создания Василием Суриковым картины «Покорение Сибири Ермаком». Действующими лицами станут известные исторические личности: Иван Грозный, император Николай II, купец Третьяков, художник Репин, бароны Строгановы и другие.
В спектакле задействовано больше 40 солистов оперы, хор театра и балетная труппа. Мастерские театра работают над созданием порядка 300 костюмов, которые будут соответствовать эпохе. Билеты можно купить в кассах театра.]]></text>
</doc>
