<?xml version='1.0' encoding='UTF-8'?>
<doc>
  <source><![CDATA[https://newslab.ru/news/903647]]></source>
  <category verify="true" type="str" auto="true"><![CDATA[Новости]]></category>
  <title verify="true" type="str" auto="true"><![CDATA[Суд поддержал запрет мэрии на строительство дома в Березовой роще Студгородка]]></title>
  <keywords verify="true" type="list" auto="true">
    <item type="str"><![CDATA[Новости]]></item>
    <item type="str"><![CDATA[Общество]]></item>
    <item type="str"><![CDATA[В Красноярском крае]]></item>
  </keywords>
  <text verify="true" type="str" auto="true"><![CDATA[Арбитражный суд Красноярского края поддержал постановление мэрии о запрете строительства домов в Березовой роще Студгородка.
ООО «Три медведя» хотело снести пансионат, принадлежащий компании, и построить на его месте 8-этажный дом с подземной парковкой, закрытым двором и садом на крыше. Вопрос вынесли на публичные слушания, одобрение общественности проект не прошел. Мэрия вынесла постановление о запрете в декабре 2018 года. После этого ООО «Три медведя», планирующее возводить там дома, обратилось в суд.
Накануне, 10 июня, суд отказал истцу.
«Отказать в признании недействительным ненормативного правового акта, решение (действие, бездействие) незаконным (ч.3 ст.201 АПК РФ)», — говорится в материалах дела.
Предыстория: На мэрию Красноярска подали в суд за запрет строить элитный дом в Березовой роще
Мэрия Красноярска всё-таки запретила строить дом в Березовой роще Студгородка
На публичные слушания по строительству дома в Березовой роще допустили только двух красноярцев]]></text>
</doc>
