<?xml version='1.0' encoding='UTF-8'?>
<doc>
  <source><![CDATA[https://newslab.ru/news/904430]]></source>
  <category verify="true" type="str" auto="true"><![CDATA[Новости]]></category>
  <title verify="true" type="str" auto="true"><![CDATA[На водоемах Красноярского края утонули 7 человек]]></title>
  <keywords verify="true" type="list" auto="true">
    <item type="str"><![CDATA[Новости]]></item>
    <item type="str"><![CDATA[Происшествия]]></item>
    <item type="str"><![CDATA[В Красноярском крае]]></item>
  </keywords>
  <text verify="true" type="str" auto="true"><![CDATA[В ГУ МЧС по Красноярскому краю обнародовали данные о происшествиях на местных водоемах, которые случились в новом сезоне, и призвали жителей к бдительности. Особо внимательными должны быть родители, считают спасатели.
На сегодняшний день на территории края произошло 9 происшествий на воде, утонули 7 человек, двое из которых — дети.
«Уважаемые родители, мамы и папы, бабушки и дедушки, помните, что именно от того, насколько вы внимательно следите за своими детьми, зависит жизнь вашего ребенка! Сотрудники МЧС настоятельно рекомендуют, отдыхая на водоемах, не оставлять детей без присмотра. Не разрешайте купаться детям одним, без сопровождения взрослых, не позволяйте нырять в незнакомых местах. Следите за тем, чтобы дети не заплывали за буйки, не отплывали далеко от берега на надувных плавсредствах, не подплывали к моторным и надувным лодкам, не цеплялись за них. Помните, любая игра в водной стихии может привести к непоправимой ситуации. Отправляясь на водоем, будьте бдительны и соблюдайте правила безопасного поведения на воде и помните, отдыхая на официально разрешенных пляжах, вы можете быть в безопасности, так как именно там дежурят спасатели и если, вдруг, понадобится помощь, то она придет незамедлительно!», — говорится в сообщении МЧС.]]></text>
</doc>
