<?xml version='1.0' encoding='UTF-8'?>
<doc>
  <source><![CDATA[https://newslab.ru/news/904754]]></source>
  <category verify="true" type="str" auto="true"><![CDATA[Новости]]></category>
  <title verify="true" type="str" auto="true"><![CDATA[Красноярцу вынесли приговор за расстрел чужой таксы в гаражах]]></title>
  <keywords verify="true" type="list" auto="true">
    <item type="str"><![CDATA[Новости]]></item>
    <item type="str"><![CDATA[Происшествия]]></item>
    <item type="str"><![CDATA[В Красноярском крае]]></item>
  </keywords>
  <text verify="true" type="str" auto="true"><![CDATA[Сегодня, 17 июня, Советский суд Красноярска вынес приговор мужчине, застрелившему чужую собаку.
В ноябре 2018 года в гаражах в Солнечном 34-летний красноярец подъехал к собаке и подстрелил ее. Раненое животное убежало, но спасти его не удалось.
В полиции в отношении стрелка возбудили уголовное дело по ч. 1 ст. 245 УК РФ за жестокое обращение с животными. Максимальное наказание — три года лишения свободы.
Стрелявшего красноярца осудили на один год ограничения свободы. Это значит, что он не сможет выходить из дома с 10 вечера до 6 утра, не сможет уезжать из Красноярска, ему запрещено посещать массовые и развлекательные мероприятия. На суде мужчина отрицал свою вину и заявил, что собака была агрессивной, а у него не было намерения ее убить. Однако обвинение опровергло доводы.
Сейчас у всех сторон есть 10 дней на обжалование судебного решения.
Предыстория: Убийце домашней таксы в Красноярске грозит до трех лет колонии]]></text>
</doc>
