<?xml version='1.0' encoding='UTF-8'?>
<doc>
  <source><![CDATA[https://newslab.ru/news/904264]]></source>
  <category verify="true" type="str" auto="true"><![CDATA[Новости]]></category>
  <title verify="true" type="str" auto="true"><![CDATA[Со следующей недели 16 камер начнут фиксировать скорость водителей на трассах Красноярского края]]></title>
  <keywords verify="true" type="list" auto="true">
    <item type="str"><![CDATA[Новости]]></item>
    <item type="str"><![CDATA[Общество]]></item>
    <item type="str"><![CDATA[В Красноярском крае]]></item>
  </keywords>
  <text verify="true" type="str" auto="true"><![CDATA[С понедельника, 17 июня, на федеральных автодорогах Красноярского края начнут работу стационарные комплексы с фотофиксацией скоростного режима движения. Как пояснили в ГИБДД, большинство этих комплексов ранее фиксировали другие нарушения ПДД, а часть — установили недавно.
Речь идет о 16 участках двух трасс:
Вы можете предупредить других водителей, нажав кнопку «Поделиться в соцсетях»:]]></text>
</doc>
