<?xml version='1.0' encoding='UTF-8'?>
<doc>
  <source><![CDATA[https://newslab.ru/news/904097]]></source>
  <category verify="true" type="str" auto="true"><![CDATA[Новости]]></category>
  <title verify="true" type="str" auto="true"><![CDATA[Двести красноярок пройдут по набережной города в красных платьях]]></title>
  <keywords verify="true" type="list" auto="true">
    <item type="str"><![CDATA[Новости]]></item>
    <item type="str"><![CDATA[Общество]]></item>
    <item type="str"><![CDATA[В Красноярском крае]]></item>
  </keywords>
  <text verify="true" type="str" auto="true"><![CDATA[22 июня на набережной Красноярска пройдет «Шествие в красных платьях», в котором примут участие более 200 женщин.
Как сообщили организаторы шествия, это социальный проект, который призван поддержать женскую уверенность в себе. Находясь среди красного цвета, женщины начинают чувствовать себя раскованнее.
Участницы шествия могут до мероприятия и после него встретиться с интересными специалистами проекта:
Кроме того, участницам расскажут о том, как и с чем носить красный цвет. В конце всех ждет фотосессия с автомобилем и на корабле.
Маршрут шествия :
12:00 — набережная напротив парка Горького — 14: 00 завершение на речном вокзале
Возраст участниц не ограничен.
Регистрация обязательна, условия участия по телефону 8 960 761 5453.]]></text>
</doc>
