<?xml version='1.0' encoding='UTF-8'?>
<doc>
  <source><![CDATA[https://newslab.ru/news/905499]]></source>
  <category verify="true" type="str" auto="true"><![CDATA[Новости]]></category>
  <title verify="true" type="str" auto="true"><![CDATA[Водитель внедорожника в Назарово разбил чужое авто на встречке и отказался платить за ремонт]]></title>
  <keywords verify="true" type="list" auto="true">
    <item type="str"><![CDATA[Новости]]></item>
    <item type="str"><![CDATA[Происшествия]]></item>
    <item type="str"><![CDATA[В Красноярском крае]]></item>
  </keywords>
  <text verify="true" type="str" auto="true"><![CDATA[В Назарово Красноярского края водитель Toyota Land Cruiser устроил аварию и долго отказывался выплачивать ущерб. Второму участнику ДТП пришлось обратиться к приставам.
Автомобилист выехал на внедорожнике на полосу встречного движения при совершении маневра поворота на одном из перекрестков города. После чего и врезался в другой автомобиль. Машина, марку которой не уточняют, получила сильные повреждения. Виновник ДТП отказался добровольно компенсировать расходы на ремонт.
Пострадавший автомобилист обратился в суд, а затем и к судебным приставам Назаровского района. Водителю «Тойоты» назначили штраф в размере 230 тысяч рублей. Но мужчина так и не приступил к исполнению обязательств.
«Погасить задолженность в полном объёме виновника аварии заставили только запрет регистрационных действий в отношении его личного транспорта, вычеты из зарплаты и ограничение права выезда за пределы Российской Федерации», — рассказали в службе судебных приставов.
Сейчас исполнительное производство окончено, задолженность виновник аварии погасил с учётом штрафа за просрочку исполнения обязательств.]]></text>
</doc>
