<?xml version='1.0' encoding='UTF-8'?>
<doc>
  <source><![CDATA[https://newslab.ru/news/902602]]></source>
  <category verify="true" type="str" auto="true"><![CDATA[Новости]]></category>
  <title verify="true" type="str" auto="true"><![CDATA[Ачинская пенсионерка попыталась продать дом и осталась без денег]]></title>
  <keywords verify="true" type="list" auto="true">
    <item type="str"><![CDATA[Новости]]></item>
    <item type="str"><![CDATA[Происшествия]]></item>
    <item type="str"><![CDATA[В Красноярском крае]]></item>
  </keywords>
  <text verify="true" type="str" auto="true"><![CDATA[В Красноярском крае полицейские ищут мошенников, которые обманули жительницу Ачинска при продаже дома.
Как сообщили в краевой полиции, 68-летняя женщина разместила объявление о продаже дома на сайте с объявлениями. Почти сразу ей позвонил «покупатель», который предложил перевести задаток на банковскую карту. Женщина, не подозревая о намерениях мошенника, сообщила ему все реквизиты своей карты. Через какое-то время с ее счета пропали 105 тысяч рублей. Покупатель после этого перестал выходить на связь.
По факту мошенничества полицейские возбудили уголовное дело по ч. 2 ст. 159 УК РФ. Злоумышленнику грозит до 5 лет лишения свободы.
Полицейские просят жителей Красноярского края объяснить своим пожилым родственникам правила безопасности при использовании банковских карт. В случае обмана они рекомендуют сразу обращаться в правоохранительные органы.]]></text>
</doc>
