<?xml version='1.0' encoding='UTF-8'?>
<doc>
  <source><![CDATA[https://newslab.ru/news/905078]]></source>
  <category verify="true" type="str" auto="true"><![CDATA[Новости]]></category>
  <title verify="true" type="str" auto="true"><![CDATA[Один из самых больших и популярных красноярских рынков накажут за мусор]]></title>
  <keywords verify="true" type="list" auto="true">
    <item type="str"><![CDATA[Новости]]></item>
    <item type="str"><![CDATA[Общество]]></item>
    <item type="str"><![CDATA[В Красноярском крае]]></item>
  </keywords>
  <text verify="true" type="str" auto="true"><![CDATA[Служба красноярских городовых рассказала о нарушениях на рынке «Енисейский привоз», который расположен на улице Шахтеров (район Покровки). В ходе проверки выяснилось, что от работы торговцев на территории образуется разнообразный мусор. При этом у рынка нет договора со специализированной организацией на его вывоз.
«Транспортировка и размещение отходов нарушает ФЗ № 89 „Об отходах производства и потребления“. Собственнику рынка служба выдала уведомление о необходимости заключить договор на оказание услуг по вывозу твердых коммунальных отходов. В связи с неисполнением указанных требований информацию передали в отдел полиции.
Административная ответственность за подобное нарушение по ст. 8.2 КоАП РФ на юрлиц составляет от 100 до 250 тысяч рублей», — рассказали городовые.
Публикация от Служба городовых в Красноярске (@sluzhba_gorodovyh_krsk) 18 Июн 2019 в 2:36 PDT
«Отмечу, что часто местом складирования мусора становятся земельные участки в лесу, около водоемов. Так появляются несанкционированные свалки. Совместно с региональным оператором и полицией продолжаем работать с собственниками организаций, чтобы мусор вывозился регулярно и в специально отведенные места», — прокомментировал ситуацию руководитель службы городовых Александр Клименко.]]></text>
</doc>
