<?xml version='1.0' encoding='UTF-8'?>
<doc>
  <source><![CDATA[https://newslab.ru/news/903465]]></source>
  <category verify="true" type="str" auto="true"><![CDATA[Новости]]></category>
  <title verify="true" type="str" auto="true"><![CDATA[Тувинец сумел отбиться от медведя и откусил ему язык]]></title>
  <keywords verify="true" type="list" auto="true">
    <item type="str"><![CDATA[Новости]]></item>
    <item type="str"><![CDATA[Происшествия]]></item>
    <item type="str"><![CDATA[Тува]]></item>
  </keywords>
  <text verify="true" type="str" auto="true"><![CDATA[На севере Тувы мужчина защищался от напавшего на него медведя и откусил хищнику язык. Информация об этом накануне появилась в социальных сетях.
Судя по справке участкового полиции, нападение произошло в Пий-Хемском районе республики Тува 1 июня 2019 года. 29-летний Николай Игрит и двое его товарищей отправились в заказник Хутинский для того, чтобы собрать оленьи рога. В тайге они разошлись и на Николая Игрита напал бурый медведь.
«Игрит стал громко кричать, пытаясь спугнуть медведя. Но медведь напал и стал кусать его. Когда медведь кусал за лицо, Николаю Игриту удалось откусить медведю язык, отчего он испугался и убежал. После этого Игрит позвал остальных и ему вызвали скорую помощь», — говорится в справке.
Мужчину доставили в больницу Кызыла. Сейчас он проходит лечение. Так как у участников поездки не было официального разрешения на посещение заказника и они жгли костер в лесу, мужчин ждет наказание.]]></text>
</doc>
