<?xml version='1.0' encoding='UTF-8'?>
<doc>
  <source><![CDATA[https://newslab.ru/news/902646]]></source>
  <category verify="true" type="str" auto="true"><![CDATA[Новости]]></category>
  <title verify="true" type="str" auto="true"><![CDATA[Банк из Татарстана заставили заплатить за незаконное использование земли в Красноярске. Бюджет получил 1,5 миллиона рублей]]></title>
  <keywords verify="true" type="list" auto="true">
    <item type="str"><![CDATA[Новости]]></item>
    <item type="str"><![CDATA[Экономика]]></item>
    <item type="str"><![CDATA[В Красноярском крае]]></item>
  </keywords>
  <text verify="true" type="str" auto="true"><![CDATA[Банк «Ак Барс» из Татарстана заставили заплатить 1,5 миллиона за муниципальную землю в районе КрасТЭЦ в Красноярске, на которой находится их здание, сообщили в пресс-службе мэрии.
Несколько лет назад коммерческий банк «Ак Барс» стал собственником капитального строения в районе КрасТЭЦ. Здание было возведено на муниципальном участке, но права на землю представители банка решили не оформлять. В мэрии посчитали, что «Ак Барс» незаконно пользуется муниципальной землей и обратились в Арбитражный суд республики Татарстан.
В иске департамент муниципального имущества и земельных отношений указал, что за период с октября 2016 года по февраль 2019 года банк задолжал городу 1,37 миллиона рублей. Еще 123,8 тысячи рублей составили проценты за несвоевременную уплату. Представители банка «Ак Барс» решили не доводить дело до суда и выплатили весь долг в бюджет Красноярска.
«Рассчитывать на то, что факт незаконного использования земельного участка останется незамеченным не стоит. Служба муниципального контроля департамента непременно выявит „теневого пользователя“, после чего последует судебный иск. С начала года департамент подал в суды разных инстанций 28 исков о взыскании неосновательного обогащения на сумму порядка 13,54 миллиона рублей. В бюджет города уже поступило 4,5 миллиона», — рассказала начальник юридического отдела департамента горимущества Евгения Горшкова.
В пресс-службе отметили, что за пользование землей в России должны платить как собственники, так и арендаторы. Пользование земельным участком без правовых оснований всегда приводит к иску о незаконном обогащении.]]></text>
</doc>
