<?xml version='1.0' encoding='UTF-8'?>
<doc>
  <source><![CDATA[https://newslab.ru/news/904220]]></source>
  <category verify="true" type="str" auto="true"><![CDATA[Новости]]></category>
  <title verify="true" type="str" auto="true"><![CDATA[На трассе в Красноярском крае крупный медведь едва не попал под колёса авто (видео)]]></title>
  <keywords verify="true" type="list" auto="true">
    <item type="str"><![CDATA[Новости]]></item>
    <item type="str"><![CDATA[Происшествия]]></item>
    <item type="str"><![CDATA[В Красноярском крае]]></item>
  </keywords>
  <text verify="true" type="str" auto="true"><![CDATA[Накануне, 13 июня, красноярский автомобилист встретил крупного медведя на трассе под Балахтой. Хищник пытался перебежать дорогу, но испугался машины.
Красноярец показал во Facebook встречу с медведем, снятую на камеру видеорегистратора. Это произошло на 146 километре трассы «Енисей», в 15 километрах от посёлка Балахтинского района. На кадрах видно, как медведь отскочил с обочины дороги и скрылся в лесу. Автор видео отметил, что зверь был крупным.
Это уже не первая встреча с бурым хищником за последние дни, которую обсуждают в соцсетях. Недавно другой автомобилист показал видео с медведем в Енисейском районе Красноярского края. Хищника он заметил в 230 км от Красноярска.
Ранее жители уже рассказывали о встречах с хищниками в разных районах края, а также на территории заповедника «Столбы».
Предыстория: «Где-то рядом ходит мама»: у трассы в Красноярском крае заметили сразу трёх гуляющих медвежат (видео)
Предыстория: На севере Красноярского края медведь вышел на детскую площадку. Его пришлось застрелить]]></text>
</doc>
