<?xml version='1.0' encoding='UTF-8'?>
<doc>
  <source><![CDATA[https://newslab.ru/news/904248]]></source>
  <category verify="true" type="str" auto="true"><![CDATA[Новости]]></category>
  <title verify="true" type="str" auto="true"><![CDATA[За убийство красноярца из-за фанатской символики житель Новосибирска получил 8,5 лет колонии]]></title>
  <keywords verify="true" type="list" auto="true">
    <item type="str"><![CDATA[Новости]]></item>
    <item type="str"><![CDATA[Спорт]]></item>
    <item type="str"><![CDATA[Происшествия]]></item>
    <item type="str"><![CDATA[В Сибири]]></item>
    <item type="str"><![CDATA[В Красноярском крае]]></item>
  </keywords>
  <text verify="true" type="str" auto="true"><![CDATA[Жителя Новосибирска признали виновным в убийстве красноярского болельщика Эдуарда Самышкина. Информация появилась на сайте Заельцовского районного суда Новосибирска.
Драка между болельщиками двух футбольных клубов произошла 18 ноября 2017 года. Ее устроили из-за фанатской символики, которую новосибирцы отобрали у болельщиков красноярской команды «Енисей».
Один из красноярцев — Эдуард Самышкин — во время драки получил несколько ударов по голове и по другим частям тела. Очевидцы сообщали, что парню пробили висок и сломали шейные позвонки. Врачи диагностировали, что смерть наступила на месте происшествия от закрытой черепно-мозговой травмы.
Виновником гибели молодого человека оказался новосибирец Виктор Афанасьев. Накануне суд отправил его в колонию строгого режима на 8,5 лет. Приговор еще не вступил в законную силу, Виктор Афанасьев находится под стражей.
Предыстория: Красноярского болельщика забили насмерть из-за футбольного флага]]></text>
</doc>
