<?xml version='1.0' encoding='UTF-8'?>
<doc>
  <source><![CDATA[https://newslab.ru/news/903540]]></source>
  <category verify="true" type="str" auto="true"><![CDATA[Новости]]></category>
  <title verify="true" type="str" auto="true"><![CDATA[Самое интересное в Красноярске за 10 июня: боль на Татышеве, прирост населения и «скверная» история]]></title>
  <keywords verify="true" type="list" auto="true">
    <item type="str"><![CDATA[Новости]]></item>
    <item type="str"><![CDATA[Общество]]></item>
    <item type="str"><![CDATA[В Красноярском крае]]></item>
  </keywords>
  <text verify="true" type="str" auto="true"><![CDATA[Странная история развернулась вокруг нового сквера на правом берегу Красноярска. В прошлом году на пустом после сноса павильонов месте посадили деревья. Но вот беда, не приживаются (может от того, что земля всё ещё в собственности предпринимателя). Пересадили. Местные жители в ярости.
Во время последней диспансеризации в России рак выявили у 200 тысяч человек. При этом в Красноярском крае в начале года впервые за долгое время выросла численность населения. Цифра меньше потрясает воображение — на 166 человек.
Несколько новостей с Татышева. Прокуратура подтвердила причину гибели свиристелей на острове. Во всём виноваты слишком прозрачные витражи визит-центра — птицы не видели препятствия и врезались в них. Заставят переделать.
Красноярск грандиозно отпраздновал День города на Татышеве. Но не все ушли с острова приятными впечатлениями. Две красноярки в гонке за победу на соревнованиях по ношению жён получили травмы головы.]]></text>
</doc>
