<?xml version='1.0' encoding='UTF-8'?>
<doc>
  <source><![CDATA[https://newslab.ru/news/902454]]></source>
  <category verify="true" type="str" auto="true"><![CDATA[Новости]]></category>
  <title verify="true" type="str" auto="true"><![CDATA[Летние платья и текстиль от лучших российских производителей привезут на ярмарку в МВДЦ «Сибирь»]]></title>
  <keywords verify="true" type="list" auto="true">
    <item type="str"><![CDATA[Новости]]></item>
    <item type="str"><![CDATA[Общество]]></item>
    <item type="str"><![CDATA[В Красноярском крае]]></item>
  </keywords>
  <text verify="true" type="str" auto="true"><![CDATA[Красноярцев пригласили на «Летнюю ярмарку», которая пройдет с 7 по 13 июня в МВДЦ «Сибирь». Посетителей ждет большой выбор летней одежды из натуральных тканей: рубахи, платья, сарафаны, платки. Все изделия из натуральных, «дышащих» тканей — льна, хлопка, сатина, бязи, бамбука.
Участие в ярмарке примут лучшие российские производители одежды в славянском стиле, в том числе «Полоника» (Нижний Новгород) и «Марыся» (Екатеринбург). Они представят нарядные платья, юбки и сарафаны ручной работы. В этих изделиях используются элементы народного костюма: славянский крой, украшения тесьмой, кружевом и традиционной вышивкой.
Также на ярмарке будут представлены павлопосадские платки и оренбургские пуховницы, невьянские валенки, изделия из монгольской шерсти и кашемира, тульский, чебоксарский и тамбовский трикотаж, мужская одежда из натурального турецкого хлопка. Кроме того, на выставку привезут настоящий ивановский текстиль и белорусский трикотаж. Посетители смогут выбрать для дома покрывала, скатерти, простыни, полотенца, постельное белье, подарочный текстиль.
«Летняя ярмарка» пройдет одновременно с выставкой «Сибирь православная». Вход свободный. Место проведения: МВДЦ «Сибирь» (ул. Авиаторов, 19).]]></text>
</doc>
