<?xml version='1.0' encoding='UTF-8'?>
<doc>
  <source><![CDATA[https://newslab.ru/news/903429]]></source>
  <category verify="true" type="str" auto="true"><![CDATA[Новости]]></category>
  <title verify="true" type="str" auto="true"><![CDATA[Утренняя зарядка, скандальная любовь и Владимир Винокур: понедельник в Красноярске]]></title>
  <keywords verify="true" type="list" auto="true">
    <item type="str"><![CDATA[Новости]]></item>
    <item type="str"><![CDATA[Общество]]></item>
    <item type="str"><![CDATA[В Красноярском крае]]></item>
  </keywords>
  <text verify="true" type="str" auto="true"><![CDATA[Понедельник, 10 июня. С утра и в течение дня ожидается от +14 до +22 °C. Синоптики прогнозируют пасмурную погоду. Западный ветер подует со скоростью до 3 м/c. Кратковременный дождь возможен утром и в обед.
Сегодня на проекте «Арт-берег» на творческой поляне под Коммунальным мостом по плану «Бодрый понедельник» — творческие мастер-классы по различным музыкальным направлениям. Приходите с 18:00 до 22:00.
Newslab.ru подготовил вам подборку мероприятий, которые можно посетить в Красноярске в этот понедельник:
В 7:00 всех приглашают на утреннюю зарядку на левобережной набережной Енисея, в районе Центрального парка (Карла Маркса, 151).
В 9:00 в парке «Троя» (улица Баумана, 18) перед главной сценой для желающих размяться в первый день рабочей недели приготовили тренировку кардио+силовая. Перед посещением, пожалуйста, позвоните по телефону 290-00-07 и узнайте, состоится ли занятие.
В кинотеатре Синема парк (улица Дубровинского, 1А С) Красноярска покажут фильм «Вита и Вирджиния». В эпоху разлагающейся морали, блистательного джаза и контрабандного алкоголя, светская львица Вита Сэквилл-Уэст знакомится с «королевой литературы» Вирджинией Вульф. Их противостояние перерастает во взаимную симпатию, а затем и в головокружительный роман. Эта связь потрясет высшее общество и навсегда изменит их жизни. Билеты в кассе кинотеатра.
В 19:00 в Филармонии (проспект Мира, 2 Б) в рамках своего тура «70 лет шутя» выступит народный артист России Владимир Винокур. Это великолепный пародист и прекрасный певец. Лучшие монологи прежних лет, новые миниатюры, номера, любимые истории и анекдоты, а так же премьеры пародий ждут зрителей. Билеты можно купить онлайн.
В 20:00 в Yushin Brothers (улица Карла Маркса, 102) проведут барную викторину-квиз. Нужно собрать из своих друзей команду 2-6 человек или на месте договориться с незнакомцами на игру. Темы вопросов очень разнообразные. Организаторы обещают много веселья и символические призы.
О других интересных событиях можно узнать в афише Красноярска.
Расскажите о планах на понедельник друзьям, нажав кнопку:]]></text>
</doc>
