<?xml version='1.0' encoding='UTF-8'?>
<doc>
  <source><![CDATA[https://newslab.ru/news/904902]]></source>
  <category verify="true" type="str" auto="true"><![CDATA[Новости]]></category>
  <title verify="true" type="str" auto="true"><![CDATA[Мэр в «косухе» прокатился по Красноярску с легендарными байкерами (видео)]]></title>
  <keywords verify="true" type="list" auto="true">
    <item type="str"><![CDATA[Новости]]></item>
    <item type="str"><![CDATA[Общество]]></item>
    <item type="str"><![CDATA[В Красноярском крае]]></item>
  </keywords>
  <text verify="true" type="str" auto="true"><![CDATA[17 июня, в день мотоциклиста, Красноярск посетили байкеры клуба «Ночные волки». Их визит состоялся в рамках масштабного мотопробега из Владивостока в Севастополь, который они организовали в честь 30-летия клуба. За 30 дней они планируют преодолеть более 10 тысяч км.
С ними по городу прокатился мэр Сергей Ерёмин, который также увлекается мотоциклами. На встречу он надел байкерскую «косуху». Они съездили к часовне Параскевы Пятницы на Караульной горе, к Успенскому мужскому монастырю в Удачном, а также посетили смотровую площадку около памятника «Царь-Рыба» и другие достопримечательности.
Публикация от Сергей Еремин (@eremin__krsk) 17 Июн 2019 в 4:09 PDT
«Показал им наш Красноярск, познакомил с мальчишками из команды „Тотем“. Многие байкеры загорелись идеей приехать в наш город не проездом, а на отдых. Ждём! А пока хорошей дороги, мужики!», — написал Ерёмин на своей странице в социальной сети.
Мотоклуб «Ночные волки» был основан в 1989 году. На данный момент он насчитывает 5000 членов. Его бессменным лидером является Александр (Хирург) Залдостанов.]]></text>
</doc>
