<?xml version='1.0' encoding='UTF-8'?>
<doc>
  <source><![CDATA[https://newslab.ru/news/903654]]></source>
  <category verify="true" type="str" auto="true"><![CDATA[Новости]]></category>
  <title verify="true" type="str" auto="true"><![CDATA[Большинство пойманных в Красноярском крае клещей могли заразить людей боррелиозом]]></title>
  <keywords verify="true" type="list" auto="true">
    <item type="str"><![CDATA[Новости]]></item>
    <item type="str"><![CDATA[Общество]]></item>
    <item type="str"><![CDATA[В Красноярском крае]]></item>
  </keywords>
  <text verify="true" type="str" auto="true"><![CDATA[В управлении Роспотребнадзора по Красноярскому краю рассказали, какие инфекции чаще выявляли у принесенных на анализ клещей.
Возбудители клещевого боррелиоза были обнаружены в 24,6 % исследованных клещей. 2,8 % клещей оказались заражены моноцитарным эрлихиозом человека, 2,1 % — переносчиками гранулоцитарного анаплазмоза. Вирусный клещевой энцефалит нашли лишь у 0,7 % обследованных членистоногих.
При этом клещи не снижают своей активности. За неделю в крае зафиксировано 2065 присасываний к людям, в том числе пострадали 452 ребенка. В Красноярске с прошлой недели к врачам с жалобами на контакты с членистоногими обратились 728 человек, включая 144 ребенка.
Чаще всего с клещами встречаются жители Емельяновского, Большемуртинского, Манского, Сухобузимского, Березовского, Ачинского, Боготольского, Козульского, Балахтинского, Рыбинского, Канского, Пировского, Идринского и Курагинского районов, Дивногорска, Сосновоборска, Енисейска и Минусинска.
В Красноярске опасными местами остаются Академгородок, Ветлужанка, Удачный, заповедник «Столбы», фанпарк «Бобровый лог» и кладбища Бадалык.
За неделю в Красноярском крае акарицидные обработки провели на площади почти в 1000 гекатров. Теперь от клещей защищено 3430,3 гектаров в местах массового отдыха, летних оздоровительных учреждениях и на дачных участках.]]></text>
</doc>
