<?xml version='1.0' encoding='UTF-8'?>
<doc>
  <source><![CDATA[https://newslab.ru/news/902966]]></source>
  <category verify="true" type="str" auto="true"><![CDATA[Новости]]></category>
  <title verify="true" type="str" auto="true"><![CDATA[Красноярский осужденный угрожал судье расправой молотком и может получить новый срок]]></title>
  <keywords verify="true" type="list" auto="true">
    <item type="str"><![CDATA[Новости]]></item>
    <item type="str"><![CDATA[Происшествия]]></item>
    <item type="str"><![CDATA[В Красноярском крае]]></item>
  </keywords>
  <text verify="true" type="str" auto="true"><![CDATA[Красноярский осужденный, отбывающий наказание за разбойное нападение со смертельным исходом, написал судье письмо с угрозами. Стражи порядка сочли это за реальную опасность и завели на него новое уголовное дело, рассказали в краевом следственном управлении Следственного комитета.
Обвиняемый мужчина в возрасте 36 лет отбывает наказание в Минусинске, суд назначил ему 13 лет лишения свободы за кражу имущества, грабеж, разбойное нападение и причинение тяжкого вреда здоровью с последствиями в виде смерти потерпевшего. Следствием установлено, что осужденный остался несогласным с приговором и стал угрожать представителю правосудия.
«Имея неприязненные отношения к судье, вынесшей приговор, обвиняемый написал письмо в прокуратуру Красноярского края, в котором выразил намерение причинить судье тяжкий вред здоровью с использованием молотка. Ознакомившись с содержанием письма, судья высказанные в ее адрес угрозы восприняла как реальную опасность для своей жизни и здоровья», — рассказали красноярские следователи.
В ходе следствия обвиняемый признал свою вину. Уголовное дело с утвержденным обвинительным заключением направлено в Минусинский городской суд для рассмотрения по существу. По части 1 статьи 296 УК РФ (угроза или насильственные действия в связи с осуществлением правосудия) ему грозит штраф от ста тысяч до трехсот тысяч рублей, максимальное наказание — лишением свободы на срок до трех лет.]]></text>
</doc>
