<?xml version='1.0' encoding='UTF-8'?>
<doc>
  <source><![CDATA[https://newslab.ru/news/904255]]></source>
  <category verify="true" type="str" auto="true"><![CDATA[Новости]]></category>
  <title verify="true" type="str" auto="true"><![CDATA[В Красноярском крае трое парней катались по деревне с пьяным водителем и попали в ДТП. Один погиб]]></title>
  <keywords verify="true" type="list" auto="true">
    <item type="str"><![CDATA[Новости]]></item>
    <item type="str"><![CDATA[Происшествия]]></item>
    <item type="str"><![CDATA[В Красноярском крае]]></item>
  </keywords>
  <text verify="true" type="str" auto="true"><![CDATA[В Партизанском районе Красноярского края произошло ДТП, в котором погиб подросток.
По данным ГИБДД, все произошло в деревне Кожелак накануне, 13 июня. 24-летний водитель ехал на «Волге» по гравийной дороге. Он не справился с управлением и улетел в кювет, машина перевернулась. В ДТП погиб 17-летний пассажир, еще двое молодых людей 17 и 18 лет получили медицинскую помощь на месте. Все трое не были пристегнуты.
При этом водитель был пьян — опьянение составило 1,29 мг/л. В отношении него возбудили уголовное дело за «Нарушение лицом, управляющим автомобилем ПДД, повлекшее по неосторожности смерть человека».
«Обращаемся к родителям: не оставайтесь равнодушными к времяпрепровождению своих детей-подростков, узнайте круг общения его, интересы и увлечения. Потерю ребенка не восполнить никогда» — напомнили сотрудники ГИБДД.]]></text>
</doc>
