<?xml version='1.0' encoding='UTF-8'?>
<doc>
  <source><![CDATA[https://newslab.ru/news/904027]]></source>
  <category verify="true" type="str" auto="true"><![CDATA[Новости]]></category>
  <title verify="true" type="str" auto="true"><![CDATA[Красноярская ГЭС готова к прохождению грозового сезона]]></title>
  <keywords verify="true" type="list" auto="true">
    <item type="str"><![CDATA[Новости]]></item>
    <item type="str"><![CDATA[Экономика]]></item>
    <item type="str"><![CDATA[В Красноярском крае]]></item>
  </keywords>
  <text verify="true" type="str" auto="true"><![CDATA[Компания En+ Group, ведущий вертикально интегрированный производитель алюминия и электроэнергии, сообщает о завершении ежегодной подготовки оборудования и персонала Красноярской ГЭС к безаварийному прохождению предстоящего грозового сезона.
Каждый год накануне лета гидроэнергетики Красноярской ГЭС проводят подготовительные мероприятия к работе основного и вспомогательного оборудования в грозовой сезон. В этот период поэтапно выводится из работы оборудование всех гидроагрегатов — турбины и генераторы, главные трансформаторы и оборудование открытого распределительного устройства (ОРУ-220 кВ) для проведения осмотров, техобслуживания, регулировки и устранения мелких дефектов.
В мае из работы выведены гидроагрегат №№ 1 и 2, обходная система шин ОРУ-220 кВ для поочередного осмотра, проверки исправности работы всего оборудования системы шин и ремонта. В этот же период отремонтированы автотрансформаторы АТ-1 и АТ-2 с их присоединениями. Также на открытом распределительном устройстве выполнены работы по осмотру, чистке подвесной и опорной изоляции, заменена дефектная изоляция.
Подготовительные мероприятия к работе Красноярской ГЭС в грозовой период проводились в строгом соответствии утвержденному плану, отклонений по срокам нет. В результате проведения на станции большого объема оперативных переключений не зафиксированы сбои в подаче электроэнергии. Станция полностью готова к работе в грозовой сезон.]]></text>
</doc>
