<?xml version='1.0' encoding='UTF-8'?>
<doc>
  <source><![CDATA[https://newslab.ru/news/904763]]></source>
  <category verify="true" type="str" auto="true"><![CDATA[Новости]]></category>
  <title verify="true" type="str" auto="true"><![CDATA[«Игрушечный бартер и покупка послушания»: красноярских детсадовцев обучают финансовой грамотности]]></title>
  <keywords verify="true" type="list" auto="true">
    <item type="str"><![CDATA[Новости]]></item>
    <item type="str"><![CDATA[Общество]]></item>
    <item type="str"><![CDATA[В Красноярском крае]]></item>
  </keywords>
  <text verify="true" type="str" auto="true"><![CDATA[В красноярском детском саду № 7 на Северо-Енисейской детям начали преподавать уроки финансовой грамотности.
Родители пожаловались, что дети потеряли интерес к игрушкам. Тогда в детсаду решили менять игрушки на хорошее поведение. Воспитатели разработали курс финансовой грамотности — дети изучают экономику, разумное потребление, учатся распределять доходы и расходы.
«Курс включает в себя дидактические и настольные игры, упражнения, решение проблемных ситуаций и экономических задач. Полученные знания закрепляются даже через сказки. В садике даже появился „игрушечный бартер“ и собственная валюта, которую дети зарабатывают в течение целого года и тратят на своё усмотрение», — рассказали в управлении образования города.
При помощи настольных игр ребятишки учатся вести себя в магазине, делать покупки.
Иногда ребятишки приносят из дома игрушки и обмениваются ими друг с другом — временно или навсегда. Таким образом, решается вопрос необдуманных трат на куклы и машинки, к которым ребёнок очень быстро потеряет интерес. Каждый ребенок делает в блокноте пометки и получает монеты за бережливость. Прибыль получают в случае, если предложили очинить игрушку вместо покупки новой.
Аналогичные программы начали внедрять более чем в 20 дошкольных учреждениях и 6 школах.]]></text>
</doc>
