<?xml version='1.0' encoding='UTF-8'?>
<doc>
  <source><![CDATA[https://newslab.ru/news/903469]]></source>
  <category verify="true" type="str" auto="true"><![CDATA[Новости]]></category>
  <title verify="true" type="str" auto="true"><![CDATA[Красноярцы толкали заглохшую машину и повредили еще две (видео)]]></title>
  <keywords verify="true" type="list" auto="true">
    <item type="str"><![CDATA[Новости]]></item>
    <item type="str"><![CDATA[Происшествия]]></item>
    <item type="str"><![CDATA[В Красноярском крае]]></item>
  </keywords>
  <text verify="true" type="str" auto="true"><![CDATA[На правобережье Красноярска пятеро молодых людей устроили нелепое ДТП, пытаясь завести заглохшее авто. Все случилось в 7 часов вечера 9 июня во дворе дома № 34 по улице Кутузова и попало на камеру уличного наблюдения.
На кадрах видно, как четверо парней толкают машину, за рулем которой сидит еще одни. В нужный момент он не успел вывернуть руль и авто поцарапало две машины, которые стояли слева друг за другом. После этого парни разошлись по сторонам, но уже через несколько секунд вернулись и стали толкать машину уже в другую сторону.
Кутузова 34, Пацаны к успеху шли, не фартануло, с места ДТП скрылись.
Публикация от ЧП Красноярск (@kras.chp) 9 Июн 2019 в 6:11 PDT
Обсуждая инцидент, жители Красноярска предположили, что ни у одного из парней не было водительских прав, поэтому они и скрылись.]]></text>
</doc>
