<?xml version='1.0' encoding='UTF-8'?>
<doc>
  <source><![CDATA[https://newslab.ru/news/904896]]></source>
  <category verify="true" type="str" auto="true"><![CDATA[Новости]]></category>
  <title verify="true" type="str" auto="true"><![CDATA[Следственный комитет начал проверку после обращения красноярцев к Путину]]></title>
  <keywords verify="true" type="list" auto="true">
    <item type="str"><![CDATA[Новости]]></item>
    <item type="str"><![CDATA[Происшествия]]></item>
    <item type="str"><![CDATA[В Красноярском крае]]></item>
  </keywords>
  <text verify="true" type="str" auto="true"><![CDATA[Следственный комитет по Красноярскому краю начал доследственную проверку по обращению граждан к президенту РФ Владимиру Путину. Как рассказали в ведомстве, обращение на «прямую линию» с президентом, которая пройдет 20 июня, разместили в одной из социальных сетей. В нем красноярцы сообщают, что пострадали от рук мошенников при долевом строительстве.
Речь идет о ЖК «Ясный» в Солонцах-2 Советского района. По предварительным данным, еще в 2016 году жители вложили деньги в долевое, но до сегодняшнего дня строительство так и не закончили.
Сами дольщики говорят, что дома должны были сдать еще в феврале 2018 года.
Сейчас устанавливаются все обстоятельства, опрашиваются заявители, проверяются финансовые документы. По результатам проверки вынесут процессуальное решение.
ЖК «Ясный» возводится в 10 квартале жилого района «Солонцы-2» Красноярским краевым фондом жилищного строительства в рамках программы «Жилье для российской семьи». До 2025 года в «Солонцах-2» планируется построить 13 жилых домов.
Продолжение: Фонд жилищного строительства прокомментировал информацию Следственного комитета. Как рассказали в пресс-службе Фонда, к ним не поступал запрос о предоставлении документации, но в любой момент сотрудники могут предоставить необходимые данные.
«Правоохранительные органы обязаны реагировать на любые сигналы о неправомерных действиях. За последний год были проведены проверки деятельности Фонда по различным направлениям. Проведена проверка КРО министерства строительства Красноярского края, Счетной палаты Красноярского края, комплексная проверка Службы
строительного надзора и жилищного контроля, а также проведены 26 проверок различных органов прокуратуры. Все замечания по результатам проверок Фондом были устранены», — пояснили специалисты.
Предыстория: Дома по программе «Жилье для российской семьи» в Солонцах-2 сдадут в начале следующего года]]></text>
</doc>
