<?xml version='1.0' encoding='UTF-8'?>
<doc>
  <source><![CDATA[https://newslab.ru/news/903539]]></source>
  <category verify="true" type="str" auto="true"><![CDATA[Новости]]></category>
  <title verify="true" type="str" auto="true"><![CDATA[После жестокого избиения красноярской школьницы следователи возбудили уголовное дело о вымогательстве]]></title>
  <keywords verify="true" type="list" auto="true">
    <item type="str"><![CDATA[Новости]]></item>
    <item type="str"><![CDATA[Происшествия]]></item>
    <item type="str"><![CDATA[В Красноярском крае]]></item>
  </keywords>
  <text verify="true" type="str" auto="true"><![CDATA[В Красноярске следователи после жестокого избиения гимназистки завели уголовное дело о вымогательстве.
Как сообщили в краевом следственном управлении, проверку они начали после того, как запись избиения восьмиклассницы появилась в социальных сетях. После беседы с участниками конфликта, их родителями и учителями, следователи возбудили уголовное дело по п. «в» ч. 2 ст. 163 УК РФ (вымогательство с применением насилия). Максимальное наказание по этой статье составляет семь лет лишения свободы со штрафом.
В управлении отметили, что виновнице происшествия уже исполнилось 16 лет. Она учится в той же гимназии № 15, где получает образование избитая девочка. К восьмикласснице гимназистка испытывала неприязненные отношения, а долг, который она требовала вернуть, был выдуман.
Во время избиения подростки требовали от своей жертвы, чтобы она никому не жаловалась. Но затем сами поделились записью в социальных сетях.
Предыстория: В Красноярске школьники жестоко избили 14-летнюю гимназистку. К делу подключилась полиция и следователи (видео)]]></text>
</doc>
