<?xml version='1.0' encoding='UTF-8'?>
<doc>
  <source><![CDATA[https://newslab.ru/news/904937]]></source>
  <category verify="true" type="str" auto="true"><![CDATA[Новости]]></category>
  <title verify="true" type="str" auto="true"><![CDATA[В Красноярске вандалы испортили несколько памятников в Гвардейском парке]]></title>
  <keywords verify="true" type="list" auto="true">
    <item type="str"><![CDATA[Новости]]></item>
    <item type="str"><![CDATA[Происшествия]]></item>
    <item type="str"><![CDATA[В Красноярском крае]]></item>
  </keywords>
  <text verify="true" type="str" auto="true"><![CDATA[В красноярском парке «Гвардейский» в Зеленой Роще неизвестные испортили несколько памятников. 
Фотографии горожане опубликовали в соцсетях. На них видно, что у некоторых скульптур отломаны пальцы и из них торчит металлическая конструкция.
Парк открыт круглые сутки, в нем нет практически никакой охраны. Поймать злоумышленников будут довольно сложно.
Напомним, реконструкцию парка «Гвардейский» провели в 2015 году. На «Аллее славы» в центральной части  расположены семь скульптур, посвященных Великой Отечественной войне. В 2018 году здесь открыли еще одну скульптуру — детям-узникам концлагерей.
Фигуры уже не в первый раз подвергаются нападению вандалов. Так, в 2017 году несколько молодых людей исписали памятники фашистской символикой.
В начале лета в Красноярске наказали нескольких вандалов, которые оставили граффити на зданиях в центре города. Молодых людей осудили на 7 суток ареста.]]></text>
</doc>
