<?xml version='1.0' encoding='UTF-8'?>
<doc>
  <source><![CDATA[https://newslab.ru/news/902847]]></source>
  <category verify="true" type="str" auto="true"><![CDATA[Новости]]></category>
  <title verify="true" type="str" auto="true"><![CDATA[Красноярский край будет работать с фондом «Сколково»]]></title>
  <keywords verify="true" type="list" auto="true">
    <item type="str"><![CDATA[Новости]]></item>
    <item type="str"><![CDATA[Экономика]]></item>
    <item type="str"><![CDATA[В Красноярском крае]]></item>
  </keywords>
  <text verify="true" type="str" auto="true"><![CDATA[Сегодня на Петербургском международном экономическом форуме губернатор Красноярского края Александр Усс подписал соглашение о взаимодействии с председателем некоммерческой организации «Фонд развития Центра разработки и коммерциализации новых технологий» (фонд «Сколково») Виктором Вексельбергом.
Соглашение позволит привлечь в Красноярский край дополнительные финансовые и интеллектуальные ресурсы для развития технологического предпринимательства. Предполагается, что на базе Красноярского регионального инновационно-технологического бизнес-инкубатора начнёт работать региональный оператор фонда.
Благодаря этому красноярские бизнесмены смогут получить доступ к сервисам «Сколково». Также для них создадут особые условия для исследований и разработок в области энергетики, энергоэффективных технологий, ядерных, космических, биомедицинских и компьютерных технологий. Общий объем инвестиций в стартапы может достигнуть к 2020 году 600-750 млн рублей.
«Мы должны при реализации перспективных инновационных идей исходить из потребностей, которые есть у наших крупных промышленных компаний. Они тоже нуждаются в новых решениях», — отметил Александр Усс.
Виктор Вексельберг подчеркнул, что фонд рассчитывает на плодотворное сотрудничество с Красноярским краем — регионом, богатым талантами, имеющим современную промышленность и инфраструктуру.]]></text>
</doc>
