<?xml version='1.0' encoding='UTF-8'?>
<doc>
  <source><![CDATA[https://newslab.ru/news/902809]]></source>
  <category verify="true" type="str" auto="true"><![CDATA[Новости]]></category>
  <title verify="true" type="str" auto="true"><![CDATA[Главные святыни Сибири привезли в Красноярск на православную выставку]]></title>
  <keywords verify="true" type="list" auto="true">
    <item type="str"><![CDATA[Новости]]></item>
    <item type="str"><![CDATA[Общество]]></item>
    <item type="str"><![CDATA[В Красноярском крае]]></item>
  </keywords>
  <text verify="true" type="str" auto="true"><![CDATA[С 7 по 13 июня в МВДЦ «Сибирь» пройдет XII выставка-ярмарка «Сибирь православная». Это одна из крупнейших подобных выставок Сибири и Дальнего Востока. Только раз в году красноярцы могут увидеть святыни Греции, Италии, Кипра, Сирии, Черногории, Грузии, Украины, Беларуси и России под одной крышей.
Выставка по традиции откроется торжественным молебном, который совершит митрополит Красноярский и Ачинский Пантелеимон (начало в 12:00). Участниками выставки в этом году станут более 200 храмов и монастырей мира. В числе самых известных и крупных — Свято-Елисаветинский женский монастырь (Республика Беларусь), патриарший монастырь Святой Фёклы (Сирия), собор Святого Георгия Победоносца (г. Солоники, Греция), монастырь Шавнабада (Грузия), храм Ксении Петербургской (г. Санкт-Петербург).
Впервые в этом году участие в выставке принимают практически все епархии края (Красноярская, Минусинская, Енисейская, Норильская и др.) Также впервые на ярмарку приедут представители Кызыльской епархии из республики Тыва, которые представят гостям свои национальные святыни и православную продукцию.
Каждый из храмов привезет на выставку свою местночтимую икону. Например, в этом году будут представлены икона с частицей мощей Свт. Тихона Задонского (Липецкая область), нерукотворное отображение в стекле иконы Божьей Матери «Экономисса» (Украина), икона Святой Фёклы с частицами ее мощей (Сирия), икона Святого Георгия Победоносца из Шавнабадского мужского монастыря (Грузия), икона Казанской Божьей Матери 18 века (Обитель Кирилла Белозерского, г. Казань), икона «Тихвинская Чадоподательница» (Татарстан) и другие.
В числе особо чтимых сибирских святынь будут представлены:
В рамках «Сибири православной» в этом году запланирована насыщенная культурно-просветительская программа. Гостей выставки ждут фестиваль православной и патриотической песни «Сибирские купола», выступления исполнителей духовной песни, тематические мастер-классы, православная трапезная, где можно попробовать блюда, приготовленные по канонам православной кухни.
Также на выставке будут представлены два новых просветительских проекта при поддержке Красноярской епархии и международного грантового конкурса «Православная инициатива 2018–2019»: «Этапами веры» и «Корни и крона». Пройдут встречи со священниками и православными психологами, состоятся фотовыставки, показы фильмов об истории церкви. Посетители смогут увидеть экспозиции, посвященные строительству и восстановлению храмов в Красноярском крае. Все желающие смогут позвонить в настоящие старинные колокола 19 века с колокольни Часовни Параскевы Пятницы в д. Барабаново.
Одновременно пройдет большая «Летняя ярмарка», где представят качественную одежду российского производства, текстиль и продукты Кубани, Адыгеи, Абхазии, Алтая, Камчатки, Беларуси, Узбекистана, Греции. Горожане смогут выбрать себе легкие рубахи, платки, сарафаны изо льна, ситца, хлопка, крестильную и венчальную одежду ручной работы. Будет представлен качественный белорусский трикотаж и ивановский текстиль, платки, монастырская керамика. Из продуктов можно приобрести белорусские деликатесы, камчатскую рыбу, греческие оливки, кубанские сладости, крымские вина, монастырские чаи и мед.
Место проведения: МВДЦ «Сибирь» (ул. Авиаторов, 19). Вход свободный. Время работы: 7-12 июня с 10:00 до 19:00, 13 июня с 10:00 до 17:00.]]></text>
</doc>
