<?xml version='1.0' encoding='UTF-8'?>
<doc>
  <source><![CDATA[https://newslab.ru/news/903431]]></source>
  <category verify="true" type="str" auto="true"><![CDATA[Новости]]></category>
  <title verify="true" type="str" auto="true"><![CDATA[«Норникель» рассказал о роли корпоративного спорта в рамках Петербургского международного экономического форума]]></title>
  <keywords verify="true" type="list" auto="true">
    <item type="str"><![CDATA[Новости]]></item>
    <item type="str"><![CDATA[Спорт]]></item>
    <item type="str"><![CDATA[В России]]></item>
  </keywords>
  <text verify="true" type="str" auto="true"><![CDATA[В рамках Петербургского международного экономического форума состоялось заседание на тему «Спорт для всех: мировые тренды и деловой подход». В мероприятии, в частности, приняли участие вице-премьер РФ Ольга Голодец, президент FIDE Аркадий Дворкович, трехкратный олимпийский чемпион по греко-римской борьбе Александр Карелин и другие эксперты отрасли.
По словам участников дискуссии, здравоохранение и спорт потенциально могут стать драйверами роста российской экономики как вклад в будущее для многих поколений. Речь идет не только о государственном уровне, но и уровне семьи и каждого лично.
По словам Аркадия Дворковича, чтобы привлечь внимание людей к спорту, необходимо применять цифровые технологии. Например, уже сегодня тысячи людей занимаются шахматами онлайн, но для дальнейшего развития необходимы тренеры. Также должна быть система соревнования и дух соперничества. Именно соревнования могут собрать большую группу людей для участия, тем сам привлекая внимания к разным видам спорта.
Выступая на сессии, посвящённой спорту, вице-премьер страны Ольга Голодец отметила, что задача государства — привлечь 55 % населения к занятиям спортом. «Мы уже начали двигаться по этой траектории. За прошлый год число людей, которые постоянно занимаются спортом, выросло на 4 миллиона человек. У нас произошли очень серьёзные изменения в структуре занимающихся спортом, особенно среди детей и молодёжи», — подчеркнула вице-премьер.
Вице-президент «Норникеля» Дмитрий Пристансков рассказал участникам о том, какую роль компания отводит спорту с точки зрения повышения качества жизни сотрудников: «В компании 80 тыс. сотрудников, при этом мы практически приближаемся к выполнению указа президента, у нас около 35 % уже вовлечено в спорт, это более 27 тыс. человек, и конечно, самое важное заниматься начинать с детского и юношеского спорта массово, потому что без этого не бывает спорта больших достижений. В „Норникеле“ мы создали систему сезонных спортивных корпоративных мероприятий, ежегодно проводим по соревнования по 16 различным видам спорта. Конечно ключевой элемент нашей социальной политики — это поддержка и развитие спортивной инфраструктуры».
Сейчас в Норильске компания «Норникель» строит уникальный физкультурно-оздоровительный центр на тысячу человек. Кроме того, в северном городе расположен единственный расположенный за полярным кругом спортивно-развлекательный комплекс «Арена-Норильск», где есть аквапарк, бассейн, тренажерный зал. В Дудинке с участием «Норникеля» построена современная ледовая арена, где в четвертый раз проводят турниры по керлингу. В этом году в нем приняли участие женские команды из Южной Кореи, Швейцарии, Канады, Финляндии, Швеции и России.
Также «Норникель» стал генеральным партнером Универсиады-2019 в Красноярске. Компания поддержала всемирные студенческие игры не только финансово и инфраструктурно, но взяла на себя дополнительные обязательства: подготовка кадров, собственная волонтерская программа, содействие в открытии всему миру нового образа современной Сибири. Вклад компании в масштабное спортивное событие придал импульс развитию краю и оставил в регионе богатое наследие.
Компания провела реконструкцию набережной Красноярска, создала художественную подсветку Коммунального моста и здания Енисейского речного пароходства, разбила новый парк в пойме Базаихи, провела модернизацию фанпарка «Бобровый лог». Только на второй этап благоустройства левобережной набережной — ремонт территории у вантового моста, зоны в районе галереи «Енисей» и музейного центра — компания выделила 167 млн рублей. На модернизацию «Бобрового лога» было затрачено более миллиарда рублей, а общий срок работ составил три года. В парке в пойме Базаихи при финансовой поддержке компании были оборудованы вело-пешеходные дорожки, детский городок, спортивные площадки. Вся инфраструктура стала частью наследия Универсиады и продолжает служить красноярцам после Студенческих игр.]]></text>
</doc>
