<?xml version='1.0' encoding='UTF-8'?>
<doc>
  <source><![CDATA[https://newslab.ru/news/902604]]></source>
  <category verify="true" type="str" auto="true"><![CDATA[Новости]]></category>
  <title verify="true" type="str" auto="true"><![CDATA[«Тушили из огородных шлангов»: красноярские пожарные спасли от огня дом и получили претензии за сгоревшую баню (видео)]]></title>
  <keywords verify="true" type="list" auto="true">
    <item type="str"><![CDATA[Новости]]></item>
    <item type="str"><![CDATA[Происшествия]]></item>
    <item type="str"><![CDATA[В Красноярском крае]]></item>
  </keywords>
  <text verify="true" type="str" auto="true"><![CDATA[На красноярских пожарных обрушился шквал претензий за то, что они не смогли спасти надворные постройки и горящую баню в Кировском районе. Видео с места происшествия появилось в социальных сетях.
Судя по сводке на сайте управления МЧС России по Красноярскому краю, пожар начался 4 июня около 17:40 в поселке Суворовский на улице Черняховского. Местные жители утверждают, что это был поджог, хозяев в этот момент дома не было. Пожарные, по их словам прибыли на место достаточно быстро, но без воды.
«Пожарные приехали быстро машин 6-7. Как раз баня только начала гореть. Но в машинах не было воды. В итоге тушили вёдрами и огородными шлангами!», — написал автор видео. За это на пожарных обрушился шквал критики.
В краевом управлении МЧС России пояснили, что к ним поступило сообщение о том, что загорелись надворные постройки рядом с жилым домом. Через 10 минут на месте уже была пожарная машина на базе Isuzu. В ней небольшая цистерна с водой — всего 1 кубометр. Ее хватает не более, чем на 5-10 минут работы насоса.
Первым делом пожарные начали защищать жилой дом и те постройки, которые еще можно было спасти. Вода быстро кончилась и пожарные действительно пользовались огородными шлангами, чтобы не дать огню разгореться еще больше. Из-за этого люди посчитали, что огнеборцы приехали на место пожара неподготовленными.
Уже через несколько минут около горящего дома собрались 8 автоцистерн. Большая часть из них приехала с места пожара на улице Рязанской — там огнеборцы пытались отстоять жилые дома. Пожарным пришлось подвозить воду из гидрантов, расположенных на других улицах поселка Суворовский. Потушили пожар только к 9 часам вечера.]]></text>
</doc>
