<?xml version='1.0' encoding='UTF-8'?>
<doc>
  <source><![CDATA[https://newslab.ru/news/902952]]></source>
  <category verify="true" type="str" auto="true"><![CDATA[Новости]]></category>
  <title verify="true" type="str" auto="true"><![CDATA[«Нас ждут великие открытия и масштабные проекты»: Игорь Сечин рассказал о реализации инвестпроектов по нефтедобыче в Красноярском крае]]></title>
  <keywords verify="true" type="list" auto="true">
    <item type="str"><![CDATA[Новости]]></item>
    <item type="str"><![CDATA[Экономика]]></item>
    <item type="str"><![CDATA[В Красноярском крае]]></item>
  </keywords>
  <text verify="true" type="str" auto="true"><![CDATA[6 июня главный исполнительный директор и председатель правления ПАО «НК «Роснефть» Игорь Сечин, выступая на сессии «Энергетическая панель» Петербургского международного экономического форума, сделал акцент на перспективах развития нефтедобычи в Арктике. Единственным регионом, который был приведен в пример, стал Красноярский край, сообщили в пресс-службе краевого правительства.
«Ресурсный потенциал российской Арктики для возможных проектов Роснефти превышает 20 млрд тонн нефти. Эта оценка включает в себя проект в Карском море, где с учетом предстоящего бурения, я думаю, мы превысим запасы в 15 млрд тонн, так и на севере Красноярского края, где нас ждут великие открытия и масштабные проекты, которые окажут серьезное влияние на мировую нефтяную отрасль», − сказал Игорь Сечин.
В ходе своего выступления Игорь Сечин поприветствовал главу Красноярского края Александра Усса, который принял участие в сессии «Энергетическая панель»: «Здесь находится губернатор Красноярского края, поприветствуем господина Усса».
«На наш взгляд, только по консервативным оценкам север Красноярского края, на суше только, содержит до 5 млрд тонн нефти. Мы уже доложили об этих результатах руководству страны, получили поддержку по реализации. Речь идет об интегральном проекте, который включил бы в себя ресурсную базу и инфраструктуру ряда действующих месторождений — Ванкорского, Сузунского, Тагульского, а также ряда крупных проектов, расположенных к северу от Ванкора, — Пайяхской и Западно-Иркинской группы и других. В настоящее время мы ведем работу с правительством РФ, направленную на законодательное оформление комплекса инвестиционных стимулов, позволяющих обеспечить рентабельность, глобальную конкурентность этого нового Арктического кластера, который станет основным источником грузопотока для загрузки Северного морского пути и громко заявит о себе в ближайшие годы», − уточнил Игорь Сечин.]]></text>
</doc>
