<?xml version='1.0' encoding='UTF-8'?>
<doc>
  <source><![CDATA[https://newslab.ru/news/903661]]></source>
  <category verify="true" type="str" auto="true"><![CDATA[Новости]]></category>
  <title verify="true" type="str" auto="true"><![CDATA[Уполномоченный партнер Toyota в Красноярске только в июне предлагает внедорожники с выгодой до 575 тысяч рублей]]></title>
  <keywords verify="true" type="list" auto="true">
    <item type="str"><![CDATA[Новости]]></item>
    <item type="str"><![CDATA[Общество]]></item>
    <item type="str"><![CDATA[В Красноярском крае]]></item>
  </keywords>
  <text verify="true" type="str" auto="true"><![CDATA[Лето — самое долгожданное время года, идеальное для открытий, новых идей, впечатлений, планов, исполнения желаний и, конечно, поездок на отдых. Именно летом нас наполняет особое чувство, когда хочется мчаться навстречу теплому ветру и приключениям, забыв о повседневных делах. Если вы из тех, кому знакомо это чувство, то внедорожники Toyota станут вам настоящим партнером.
Отличная проходимость, великолепный уровень оснащения, безопасность, надежность и абсолютная уверенность за рулем предоставят возможность осуществить все задуманные планы, просторный салон с комфортом разместит всех ваших близких, а вместительный багажник позволит взять все необходимое для путешествия. Toyota — это не просто автомобили, это настоящие внедорожники для любителей охоты, рыбалки и просто активного образа жизни.
Только в июне вы можете стать обладателем Toyota с уникальной* финансовой выгодой, а также воспользоваться низкой кредитной ставкой от АО «Тойота банк». Выгода на автомобили — до 575 000** руб.: Camry, RAV4, Fortuner, Hilux, Land Cruiser Prado, Land Cruiser 200. Автомобили в наличии с ПТС.
Отправляйтесь навстречу приключениям вместе с Toyota
Весь список автомобилей
*Уникальная в сравнении с другими предложениями АО «Тойота Банк»
**Максимальная скидка в размере 575 000 руб. действует на автомобили Land Cruiser 200 Executive Lounge 4.6 Бензин, WIN — номера: JTMHX02J004180660, TMHX02J504180752. Выгода действует при условии приобретения по программе Trade-in — в размере до 350 000 р. При сдаче своего автомобиля марки Toyota или Lexus в счет оплаты нового. Специальная сниженная цена до 225 000 руб. действуют до ее отмены. Акция действует с 01.06 по 30.06.2019 г Подробности акции уточняйте в отделе продаж.]]></text>
</doc>
