<?xml version='1.0' encoding='UTF-8'?>
<doc>
  <source><![CDATA[https://newslab.ru/news/903305]]></source>
  <category verify="true" type="str" auto="true"><![CDATA[Новости]]></category>
  <title verify="true" type="str" auto="true"><![CDATA[Канскую учительницу за разврат отправили в психбольницу]]></title>
  <keywords verify="true" type="list" auto="true">
    <item type="str"><![CDATA[Новости]]></item>
    <item type="str"><![CDATA[Происшествия]]></item>
    <item type="str"><![CDATA[В Красноярском крае]]></item>
  </keywords>
  <text verify="true" type="str" auto="true"><![CDATA[В Красноярском крае экспертная комиссия признала бывшую учительницу, которая вела развратную переписку с учениками, невменяемой. Как сообщили в Канском городском суде, ее отправят в психиатрический стационар на лечение.
В ходе судебного заседания стало известно, что учительница со своей страницы в соцсети направляла ученику и его подруге сообщения, «содержащие лексику и высказывания, направленные на удовлетворение своего сексуального влечения и на пробуждение у детей интереса к сексуальным отношениям».
Суд установил, что женщина совершила общественно-опасное деяние, запрещенное уголовным законом, в состоянии невменяемости, в связи с чем ее освободили от уголовной ответственности. Ее принудительно поместят в психиатрический стационар для дальнейшего лечения. Женщину взяли под стражу в зале суда.
Напомним, что все случилось в сентябре 2018 года, когда женщина работала учителем английского языка в общеобразовательной школе. По уточненным данным следователей, в социальной сети «ВКонтакте» она вступила в переписку с двумя учениками (изначально сообщалось только об одном), в ходе которой отправляла им развратные сообщения.
Позднее на телешоу «Прямой эфир» учительница решила сделать предложение подростку. Стало также известно, что это далеко не первый случай, когда она вела интимную переписку со своими учениками. Около четырех лет назад она признавалась в любви 16-летнему студенту, когда преподавала в колледже.
Предыстория: После интим-скандала у канской учительницы могут забрать двух дочерей]]></text>
</doc>
