<?xml version='1.0' encoding='UTF-8'?>
<doc>
  <source><![CDATA[https://newslab.ru/news/905030]]></source>
  <category verify="true" type="str" auto="true"><![CDATA[Новости]]></category>
  <title verify="true" type="str" auto="true"><![CDATA[Питомец юрского периода, муми-праздник и новое состязание «Красного Яра»: среда в Красноярске]]></title>
  <keywords verify="true" type="list" auto="true">
    <item type="str"><![CDATA[Новости]]></item>
    <item type="str"><![CDATA[Общество]]></item>
    <item type="str"><![CDATA[В Красноярском крае]]></item>
  </keywords>
  <text verify="true" type="str" auto="true"><![CDATA[Сегодня среда, 19 июня. В Красноярске солнечно и очень тепло, ожидается +15 с утра и до 25 °C во второй половине дня. Юго-западный ветер будет сильным — до 3,7 м/с, а небо — ясным и малооблачным.
Сегодня на Творческой поляне Арт-берега под Коммунальным мостом:
19:00 — 21:00 квартирник Алены Рубановой;
18:00 — 19:00 и 21:00 — 22:00 свободный микрофон.
В 19:00 также пройдёт танцевальная тренировка по зумбе на деревянной террасе в районе спуска с Центрального парка.
Newslab подготовил подборку мероприятий, которые можно посетить в эту среду:
В кинотеатрах Красноярска покажут фильм о дружбе на грани фантастики «Питомец юрского периода». Подросток помогает маленькому динозавру вырваться из рук учёного, который планирует проводить над ним эксперименты. Билеты в кассах кинотеатров.
В музее-усадьбе Юдина (улица Мелькомбинатская, дом 2/1) с 17:00 до 20:00 пройдёт семейный праздник «Правила счастья». В этот вечер усадьба превратится в волшебную страну, где живут Муми-тролли, сказочные персонажи, которых подарила миру Туве Янссон.
В зданиях и на территории вас будет ждать очень разнообразная программа:
Стоимость билетов: взрослый — 200 рублей, детский — 150 рублей. В кассе музея возможен безналичный расчёт.
В 21:00 на пространстве Yushin Brothers (ул. Карла Маркса, 102) пройдёт открытый микрофон «Живая музыка». Ребята Юшина предоставят инструменты и создадут крутую атмосферу, а ведущий объявит вас, если пожелаете выступить. Заранее сообщите об этом организаторам, кодовая фраза «Хочу выступить». Вход бесплатный.
В 19:00 на стадионе «Красный Яр» (улица Маерчака, 57) пройдёт игра в рамках чемпионата России по регби. Встретятся клубы: «Красный Яр» — «Металлург».
В 21:00 группа Wings & Tails (проспект Мира, 86) сыграет в крафт-баре «Штаб» (проспект Мира 86). Начало в 21:00. Вход свободный.
О других интересных событиях можно узнать в афише Красноярска
Расскажите о планах на среду друзьям, нажав кнопку:]]></text>
</doc>
