<?xml version='1.0' encoding='UTF-8'?>
<doc>
  <source><![CDATA[https://newslab.ru/news/904559]]></source>
  <category verify="true" type="str" auto="true"><![CDATA[Новости]]></category>
  <title verify="true" type="str" auto="true"><![CDATA[На «Столбах» в районе популярной скалы заблудились четверо туристов]]></title>
  <keywords verify="true" type="list" auto="true">
    <item type="str"><![CDATA[Новости]]></item>
    <item type="str"><![CDATA[Происшествия]]></item>
    <item type="str"><![CDATA[В Красноярском крае]]></item>
  </keywords>
  <text verify="true" type="str" auto="true"><![CDATA[В Красноярске в заповеднике «Столбы» заблудились четверо туристов. Об этом говорится в сводке КГКУ «Спасатель».
Накануне, 15 июня, четыре человека заблудились в районе скалы «Дед». Они подали сигнал о помощи. В ходе поисково-спасательных работ потерявшихся нашли и доставили до Свердловской. Медицинская помощь никому не понадобилась. Возраст и пол спасенных не уточняется.
Скала «Дед» расположена на центрально-столбовском плато, к северо-востоку от 1-го Столба. Северная стена заканчивается 40-метровым отвесом, а с юга его высота от подножия составляет 28 метров. Эта скала — одна из самых знаменитых и является одной из самых узнаваемых в заповеднике.
Кроме того, в этот же день потребовалась эвакуация еще одному туристу. В 14:00 поступило сообщение о пострадавшем мужчине. Его эвакуировали с участка в районе «Манской стены». Пострадавший сломал голень, на носилках его спустили до поста Центра медицины катастроф и передали врачам.
На территории заповедника постоянно работает пост спасателей. На нем дежурят четыре сотрудника. В случае экстренного происшествия вызвать спасателей можно по телефонам: 8-908-211-83-97; 8-913-517-02-40; 8-913-567-48-79; 8 (391) 211-95-56; 8 (391) 211-48-79.]]></text>
</doc>
