<?xml version='1.0' encoding='UTF-8'?>
<doc>
  <source><![CDATA[https://newslab.ru/news/903046]]></source>
  <category verify="true" type="str" auto="true"><![CDATA[Новости]]></category>
  <title verify="true" type="str" auto="true"><![CDATA[Самое интересное в Красноярске за 7 июня: свободная выделенка и много шума из-за дыма]]></title>
  <keywords verify="true" type="list" auto="true">
    <item type="str"><![CDATA[Новости]]></item>
    <item type="str"><![CDATA[Общество]]></item>
    <item type="str"><![CDATA[В Красноярском крае]]></item>
  </keywords>
  <text verify="true" type="str" auto="true"><![CDATA[Красноярка пожаловалась на кальянщиков, от которых нет никакого покоя — во-первых, дымят, во-вторых, шумят так, что невозможно заснуть по вечерам. А городовые отчитались — «штрафуем, кальяны отбираем».
Сразу после ввода запрета велосипедов на вантовом мосту по нему проехал Lexus, водителя заметили и уже нашли. Красноярцы так разозлились этому абсурду, что создали петицию.
Красноярский осужденный расстроился из-за приговора и решил написать письмо судье. Лучше от этого ему не стало — зря пригрозил расправой с молотком. Другое дело в Красноярском крае (уже с применением топора) закончилось убийством четырёх людей.
Автомобилистов пустят на одну из выделенок Красноярска. А автобусы до аэропорта начали ходить по новому расписанию.
«Мы вместе делаем шаг вперед!»: Красноярск отмечает День города
«Когда ребёнок начинает улыбаться — плачу от счастья»: истории соцработников Красноярска]]></text>
</doc>
