<?xml version='1.0' encoding='UTF-8'?>
<doc>
  <source><![CDATA[https://newslab.ru/news/904211]]></source>
  <category verify="true" type="str" auto="true"><![CDATA[Новости]]></category>
  <title verify="true" type="str" auto="true"><![CDATA[У красноярского министра культуры новый заместитель. Им стала женщина-библиотекарь]]></title>
  <keywords verify="true" type="list" auto="true">
    <item type="str"><![CDATA[Новости]]></item>
    <item type="str"><![CDATA[Политика]]></item>
    <item type="str"><![CDATA[В Красноярском крае]]></item>
  </keywords>
  <text verify="true" type="str" auto="true"><![CDATA[Министр культуры Красноярского края Аркадий Зинов назначил нового заместителя. Им стала Анжелика Трофимова, заслуженный работник культуры края.
Анжелика Трофимова получила образование журналиста в Красноярском государственном университете. Она прошла путь от библиотекаря до директора Краевой молодежной библиотеки. В культурной отрасли работает более 25 лет, библиотекой руководит около 10 лет.
В министерстве культуры Анжелика Трофимова будет координировать вопросы, связанные с культурно-досуговой деятельностью и народным творчеством, вопросы межрегионального и межведомственного взаимодействия.]]></text>
</doc>
