<?xml version='1.0' encoding='UTF-8'?>
<doc>
  <source><![CDATA[https://newslab.ru/news/904024]]></source>
  <category verify="true" type="str" auto="true"><![CDATA[Новости]]></category>
  <title verify="true" type="str" auto="true"><![CDATA[Пожилой красноярец устроил экстремальное «шоу» на Перьях и спустился со скалы вниз головой (видео)]]></title>
  <keywords verify="true" type="list" auto="true">
    <item type="str"><![CDATA[Новости]]></item>
    <item type="str"><![CDATA[Спорт]]></item>
    <item type="str"><![CDATA[В Красноярском крае]]></item>
  </keywords>
  <text verify="true" type="str" auto="true"><![CDATA[Красноярец устроил экстремальное представление на «Столбах»: поднялся на Перья по очень сложному ходу и спустился со скалы вниз головой. Видео появилось в группе «Город Красноярск».
Главным героем ролика является Андрей Дидух или дед Андроныч, как его называют на «Столбах». Мужчине около 70 лет, но он находится в очень хорошей спортивной форме и регулярно устраивает «представления» для туристов на скалах.
На видео, которым поделился красноярец Сергей Чистоусов, Андрей Дидух поднимается на вершину Перьев по ходу «Авиатор» без страховки. Подъем проходит по вертикальному ребру одного из «перьев» и требует от восходителя большой силы и точности движений. Спускаться столбист, по просьбе зрителей, решил вниз головой по «шкуродеру» — узкому лазу между камнями.
«Если встретите на Столбах деда Андроныча, можете стать свидетелем такого экстремального спуска. Мы в прошлом году сами видели и ахали с замиранием сердца», — написал автор записи.
Перья — одна из самых красивых скал в красноярском заповеднике «Столбы». Ее высота — 42 метра, а периметр основания — 135 метров. Основных «перьев» насчитывается четыре. На их вершины ведет 16 ходов, а спуск по расщелине с характерным названием «Шкуродер» можно смело назвать уникальным приемом скалолазания.]]></text>
</doc>
