<?xml version='1.0' encoding='UTF-8'?>
<doc>
  <source><![CDATA[https://newslab.ru/news/905355]]></source>
  <category verify="true" type="str" auto="true"><![CDATA[Новости]]></category>
  <title verify="true" type="str" auto="true"><![CDATA[В России приняли закон о компенсации ипотеки многодетным семьям]]></title>
  <keywords verify="true" type="list" auto="true">
    <item type="str"><![CDATA[Новости]]></item>
    <item type="str"><![CDATA[Общество]]></item>
    <item type="str"><![CDATA[В России]]></item>
    <item type="str"><![CDATA[В Красноярском крае]]></item>
  </keywords>
  <text verify="true" type="str" auto="true"><![CDATA[Госдума России в третьем чтении приняла законопроект о компенсации многодетным семьям кредитов по ипотеке.
По условиям льготы при рождении третьего и последующего ребенка семье будут выделять из бюджета 450 тысяч рублей на погашение кредита. Норма имеет обратную силу — господдержку получат и семьи, в которых ребенок родился с 1 января 2019 года. Компенсационную выплату освободят от налогов.
Всего в стране выплаты на погашение ипотеки в 2019 смогут получить около 30 тысяч семей, на это выделят порядка 15 млрд рублей из федерального бюджета. Компенсацию единожды имеют право получить только граждане России.
По данным рейтинга, который в марте составили эксперты «РИА-новости», Красноярский край находится на 11-м месте среди регионов по доступности ипотеки. Кредит на покупку квартиры могут позволить себе 39,5 % семей. За год этот показатель вырос почти на пять процентов.]]></text>
</doc>
