<?xml version='1.0' encoding='UTF-8'?>
<doc>
  <source><![CDATA[https://newslab.ru/news/905508]]></source>
  <category verify="true" type="str" auto="true"><![CDATA[Новости]]></category>
  <title verify="true" type="str" auto="true"><![CDATA[Спасатели показали полет над тайгой и десантирование с парашютом на Ману (видео)]]></title>
  <keywords verify="true" type="list" auto="true">
    <item type="str"><![CDATA[Новости]]></item>
    <item type="str"><![CDATA[Общество]]></item>
    <item type="str"><![CDATA[В Красноярском крае]]></item>
  </keywords>
  <text verify="true" type="str" auto="true"><![CDATA[Спасатели Сибирского регионального поисково-спасательного отряда МЧС России провели в Красноярском крае учения по десантированию с парашютом и показали красивый полет над тайгой. Видео появилось сегодня в социальных сетях.
Представители МЧС России пояснили, что занятия проходили с 13 по 15 июня в Манском районе. Спасатели тренировались проводить поиски людей в труднодоступной местности.
По легенде, во время прохождения достаточно сложного маршрута произошел несчастный случай с туристом-водником. Человек пропал в таком месте, куда спасателям пришлось бы добираться несколько дней. Поэтому было решено — спасатели сбросят с вертолета груз с лодкой и необходимыми вещами, а затем сами прыгнут с парашютом.
В Сибирском отряде спасателей пояснили, что сборы прошли успешно. Все поставленные перед участниками задачи удалось успешно выполнить.]]></text>
</doc>
