<?xml version='1.0' encoding='UTF-8'?>
<doc>
  <source><![CDATA[https://newslab.ru/news/905086]]></source>
  <category verify="true" type="str" auto="true"><![CDATA[Новости]]></category>
  <title verify="true" type="str" auto="true"><![CDATA[Вытрезвители предлагают открыть в шести городах Красноярского края]]></title>
  <keywords verify="true" type="list" auto="true">
    <item type="str"><![CDATA[Новости]]></item>
    <item type="str"><![CDATA[Происшествия]]></item>
    <item type="str"><![CDATA[Общество]]></item>
    <item type="str"><![CDATA[В Красноярском крае]]></item>
  </keywords>
  <text verify="true" type="str" auto="true"><![CDATA[ГУ МВД по Красноярскому краю предложило создать вытрезвители в Красноярске, Норильске, Ачинске, Канске, Железногорске и Минусинске. Финансироваться они должны за счет краевого, муниципального бюджетов и средств частных инвесторов. Накануне этот вопрос рассмотрели на заседании комитета по безопасности и защите прав граждан Заксобрания края.
Напомним, все вытрезвители в Красноярском крае закрыли в 2011 году. Но в этом году во время Универсиады в Красноярске работали два бесплатных вытрезвителя. С 1 февраля по 15 марта в них доставили 155 человек. 136 из них предложили разместиться в палате вытрезвителя, согласие дали 42 человека.
Обсуждая проблему пьянства с депутатами, замначальника краевой полиции по охране общественного порядка Евгений Годовалов уточнил, что за 6 лет в регионе на 60 % увеличилось количество преступлений, совершенных в состоянии алкогольного опьянения. На вопрос о том, будут ли услуги вытрезвителей платными, полицейский пояснил, что в разных регионах страны это устроено по-разному, в зависимости от того, на какой базе создано учреждение.
Председатель комитета Анатолий Самков напомнил, что Совет Федерации и ряд депутатов Госдумы ранее разработали законопроект о восстановлении системы вытрезвителей. В пояснительной записке к документу, в частности, говорится, что в 20 территориях страны уже действуют эти учреждения. Ежегодно в стране из-за пьянства гибнут более 50 тысяч человек, из них только замерзают почти 10 тысяч. Находясь в состоянии алкогольного опьянения люди тонут, попадают под колеса автомобилей, травмируются, становятся жертвами преступников. Также Самков озвучил результаты голосования о возвращении вытрезвителей, которое проводилось на сайте Заксобрания: более 70 % респондентов из Красноярского края высказались «за» вытрезвители.
«Комитет поддерживает предложение ГУ МВД по Красноярскому краю. Правительство края рассмотрит вопрос, и мы вместе будем работать над этой доброй и полезной инициативой», — заключил Самков.]]></text>
</doc>
