<?xml version='1.0' encoding='UTF-8'?>
<doc>
  <source><![CDATA[https://newslab.ru/news/903659]]></source>
  <category verify="true" type="str" auto="true"><![CDATA[Новости]]></category>
  <title verify="true" type="str" auto="true"><![CDATA[Изменился порядок запрета вывоза детей из России]]></title>
  <keywords verify="true" type="list" auto="true">
    <item type="str"><![CDATA[Новости]]></item>
    <item type="str"><![CDATA[Общество]]></item>
    <item type="str"><![CDATA[В России]]></item>
    <item type="str"><![CDATA[В Красноярском крае]]></item>
  </keywords>
  <text verify="true" type="str" auto="true"><![CDATA[Уже завтра, 12 июня, в России начнут действовать новые правила вывоза детей за рубеж. Об этом сообщают в Центре общественных связей ФСБ.
Теперь заявления от родителей о несогласии на выезд за границу несовершеннолетнего жителя нужно подавать не в пограничные службы ФСБ, а в территориальные органы МВД по вопросами миграции.
«Прием и учет заявлений осуществляется подразделениями по вопросам миграции территориальных органов МВД России на региональном и районном уровнях по месту жительства (пребывания) одного из родителей, усыновителей, опекунов или попечителей несовершеннолетнего гражданина Российской Федерации или несовершеннолетнего гражданина Российской Федерации, в отношении которого подается заявление. Если заявитель живет за рубежом, он может обратиться в дипломатическое представительство или консульство», — сообщает Центр общественных связей ФСБ.
Новый порядок закреплён в постановлении Правительства РФ № 690 от 31 мая.
Вы можете поделиться полезной информацией со знакомыми и близким, нажав кнопку «Поделиться в соцсетях»:]]></text>
</doc>
