<?xml version='1.0' encoding='UTF-8'?>
<doc>
  <source><![CDATA[https://newslab.ru/news/904029]]></source>
  <category verify="true" type="str" auto="true"><![CDATA[Новости]]></category>
  <title verify="true" type="str" auto="true"><![CDATA[«Хочу напомнить, что вы — люди»: красноярка осудила отдыхающих за кучи мусора на берегу популярного озера]]></title>
  <keywords verify="true" type="list" auto="true">
    <item type="str"><![CDATA[Новости]]></item>
    <item type="str"><![CDATA[Общество]]></item>
    <item type="str"><![CDATA[В Красноярском крае]]></item>
  </keywords>
  <text verify="true" type="str" auto="true"><![CDATA[Жительница Красноярска показала кучи мусора на берегу озера в Ветлужанке и попросила задуматься о своих детях. Фотографии появились в группе «Октябрьский район + соседи».
Женщина написала, что утром решила прогуляться вокруг водоема в районе улиц Чистый лог, Хрустальная и Чистопрудная. Ее внимание привлек отбившийся от мамы утенок, который запутался в полиэтиленовом пакете. Кроме пакета красноярка обнаружила в воде и на берегу пластиковые и стеклянные бутылки, пакеты от чипсов, пластиковые стаканы и другой мусор, который отставили после себя отдыхающие.
«Я просто хочу напомнить, что вы — люди. Ваши дети, ходят по этому берегу, купаются. И эта вода попадает им в рот, нос, глаза и уши. Но возможно, что и последствия для детей вас не особо волнуют. Тогда, спрошу, какого вам самим купаться в мусоре?», — написала женщина.
Напомним, в Красноярске каждое лето работает всего два пляжа — на Абаканской протоке и на острове Татышев, а также несколько открытых бассейнов. Большая часть городских водоемы не предназначена для купания или отдыха на воде. Их берега и дно никто не чистит от мусора, здесь некому следить за безопасностью отдыхающих.]]></text>
</doc>
