<?xml version='1.0' encoding='UTF-8'?>
<doc>
  <source><![CDATA[https://newslab.ru/news/902958]]></source>
  <category verify="true" type="str" auto="true"><![CDATA[Новости]]></category>
  <title verify="true" type="str" auto="true"><![CDATA[Автомобилистам разрешат ездить по выделенкам в центре Красноярска и Советском районе]]></title>
  <keywords verify="true" type="list" auto="true">
    <item type="str"><![CDATA[Новости]]></item>
    <item type="str"><![CDATA[Общество]]></item>
    <item type="str"><![CDATA[В Красноярском крае]]></item>
  </keywords>
  <text verify="true" type="str" auto="true"><![CDATA[Через две недели выделенные полосы на улице Партизана Железняка и проспекте Металлургов начнут работать в специальном режиме. С 22 июня все водители смогут заезжать на полосы, выделенные для движения общественного транспорта, не опасаясь штрафов.
Но делать это можно будет только по пятницам, субботам и воскресеньям.
«Особый режим будет введен на улице Партизана Железняка и на проспекте Металлургов (участок от улицы Партизана Железняка до улицы Тельмана). Выделенные полосы там будут работать только с понедельника по четверг, а в остальные дни они будут открыты для всех видов транспорта. Такое решение принято после мониторинга и анализа транспортных потоков на этих участках. Соответствующие дорожные знаки 22 июня дополнят табличками, указывающими на режим работы», — рассказали в мэрии.
Кроме того, с 22 июня ликвидируют участок выделенной полосы для движения общественного транспорта по улице Карла Маркса. Выделенки теперь не будет на участке от улицы Перенсона до улицы Вейнбаума.
Напомним, в Красноярске уже есть выделенные полосы, которые работают только с понедельника по четверг. Это участки на улицах Тотмина и Калинина (от путепровода «Бугач» до транспортного кольца). Все остальные выделенные для общественного транспорта полосы продолжают работать в прежнем режиме. На сегодняшний день выделенные полосы есть на 21 городской дороге. Проезд личного транспорта по крайней правой полосе на участках, обозначенных соответствующими дорожными знаками и разметкой, классифицируется как нарушение, за которое наказывают штрафом в 1,5 тысячи рублей.
Вы можете рассказать о грядущих изменениях знакомым водителям, нажав кнопку «Поделиться в соцсетях»:]]></text>
</doc>
