<?xml version='1.0' encoding='UTF-8'?>
<doc>
  <source><![CDATA[https://newslab.ru/news/902766]]></source>
  <category verify="true" type="str" auto="true"><![CDATA[Новости]]></category>
  <title verify="true" type="str" auto="true"><![CDATA[«Нам просто не дают работать»: в Красноярске закрыли популярный летний лагерь]]></title>
  <keywords verify="true" type="list" auto="true">
    <item type="str"><![CDATA[Новости]]></item>
    <item type="str"><![CDATA[Общество]]></item>
    <item type="str"><![CDATA[В Красноярском крае]]></item>
  </keywords>
  <text verify="true" type="str" auto="true"><![CDATA[Обновлено: «Комиссия выезжала несколько раз!»: чиновники назвали причины закрытия красноярского детского лагеря
В Красноярске закрыли детский лагерь KrasАir на Базаихе. Как рассказали в Роспотребнадзоре, там выявили ряд нарушений. Какие именно недостатки нашли в работе организации, в Роспотребнадзоре обещали рассказать позже.
Дети заехали в лагерь на первую смену, кто-то заселился заранее, а уже через несколько дней родители приехали, чтобы забрать школьников домой. Лагерь принадлежит частному лицу, на нем и лежит вся ответственность по подготовке организации к сезону.
Сейчас детей, которые купили муниципальные путевки, переводят в другие лагеря. Всем, кто купил путевки за полную стоимость, возвращают деньги.
«Мы были готовы и сейчас готовы принимать детей. Нарушения, которые нашел Роспотребнадзор, они незначительны. Мы каждый год готовимся тщательно, у нас есть все сертификаты — на воду, на питание, на все остальное. Сами родители сейчас не хотят забирать детей. Управление образования отозвало деньги за муниципальные путевки и переводит детей в другие лагеря, где гораздо хуже условия — нет ни туалетов нормальных, ни душей. А дети не по муниципальным путевкам просто отправятся домой и останутся без отдыха. Нам просто не дают работать, и никакой управы мы найти не можем», — рассказала менеджер туркомпании, где продают путевки в KrasАir, Любовь Кудрявцева.
Как рассказали представители лагеря, раньше Роспотребнадзор проводил проверку за несколько недель до открытия сезона. Сейчас специалисты приехали за день до официального старта смены. Руководство намерено жаловаться на действия Роспотребнадзора.
Фото на главной: vk.com/krasair24]]></text>
</doc>
