<?xml version='1.0' encoding='UTF-8'?>
<doc>
  <source><![CDATA[https://newslab.ru/news/903008]]></source>
  <category verify="true" type="str" auto="true"><![CDATA[Новости]]></category>
  <title verify="true" type="str" auto="true"><![CDATA[Эксперт: на проспекте Мира в Красноярске погибло 72 % новых деревьев]]></title>
  <keywords verify="true" type="list" auto="true">
    <item type="str"><![CDATA[Новости]]></item>
    <item type="str"><![CDATA[Общество]]></item>
    <item type="str"><![CDATA[В Красноярском крае]]></item>
  </keywords>
  <text verify="true" type="str" auto="true"><![CDATA[На проспекте Мира в Красноярске погибло больше половины высаженных в прошлом году деревьев.
Дендрологи считают, что 72 % новых деревьев погибли полностью, а 21 % саженцев частично сохранили здоровые ветки. Пережили зиму лишь 7 % из деревьев, которые в прошлом году высадили в центре города. Но и они требуют лечения и ухода, сообщает портал sibdom.ru.
Новые деревья на проспекте Мира высадили в прошлом году. Сначала подрядчик озеленил центральную улицу города деревьями, высота которых была не более 1,8 метров, но мэрия потребовала их заменить. Некоторые деревья высаживали в холодную погоду.
Напомним, несколько дней назад первый заместитель главы Красноярска Владислав Логинов сообщил, что знает о проблемах с сохранностью деревьев на проспекте Мира и на Николаевском проспекте. Но точную цифру погибших деревьев он пообещал назвать позже. Пока, по его словам, специалисты проверили деревья, которые были высажены по другому контракту. Там «естественный отпад» составил не более 5 %.
Предыстория: «Погибло не более 5 %»: в мэрии подвели первые итоги инспекции прошлогодних посадок]]></text>
</doc>
