<?xml version='1.0' encoding='UTF-8'?>
<doc>
  <source><![CDATA[https://newslab.ru/news/904072]]></source>
  <category verify="true" type="str" auto="true"><![CDATA[Новости]]></category>
  <title verify="true" type="str" auto="true"><![CDATA[В полиции прокомментировали прогулку юного норильчанина по карнизу девятого этажа]]></title>
  <keywords verify="true" type="list" auto="true">
    <item type="str"><![CDATA[Новости]]></item>
    <item type="str"><![CDATA[Происшествия]]></item>
    <item type="str"><![CDATA[В Красноярском крае]]></item>
  </keywords>
  <text verify="true" type="str" auto="true"><![CDATA[В Красноярском крае полицейские провели беседу с семьей мальчика, который с риском для жизни прогулялся по оконному карнизу на высоте 9 этажа.
Как пояснили в краевой полиции, сотрудникам отдела МВД России по Норильску о происшествии сообщили местные жители. Напомним, люди успели записать опасные действия одного мальчика, но утверждали, что подобный же «трюк» до этого проделал еще один ребенок. Стражи порядка сразу выехали на улицу Талнахская, чтобы пообщаться с семьей мальчиков.
«Дома находились отец двоих детей и бабушка. Как установили сотрудники ОВД, взрослые готовили ужин, а несовершеннолетние в это время играли в комнате без присмотра», — пояснили в пресс-службе.
Полицейские отметили, что семья не состояли на учете в органах внутренних дел. Поэтому инспекторы по делам несовершеннолетних ограничились лишь профилактической беседой.
Предыстория: Норильский мальчик прогулялся по карнизу окна на 9 этаже и вызвал бурные споры в соцсетях (видео)]]></text>
</doc>
