<?xml version='1.0' encoding='UTF-8'?>
<doc>
  <source><![CDATA[https://newslab.ru/news/904709]]></source>
  <category verify="true" type="str" auto="true"><![CDATA[Новости]]></category>
  <title verify="true" type="str" auto="true"><![CDATA[После небольшого похолодания в Красноярск вернется жара]]></title>
  <keywords verify="true" type="list" auto="true">
    <item type="str"><![CDATA[Новости]]></item>
    <item type="str"><![CDATA[Общество]]></item>
    <item type="str"><![CDATA[В Красноярском крае]]></item>
  </keywords>
  <text verify="true" type="str" auto="true"><![CDATA[В третью неделю июня синоптики обещают красноярцам преимущественно теплую погоду с кратковременными дождями. Небольшое похолодание ожидается только сегодня, 17 июня.
В понедельник синоптики прогнозируют переменную облачность и дождь. Западный ветер будет дуть со скоростью 3-8 м/с, иногда будет усиливаться до 14 м/с. Температура воздуха составит лишь 18, 20 °C.
Затем ветер стихнет и в городе вновь потеплеет.
Во вторник и четверг Гидрометцентр прогнозирует 24, 25 °C, а в среду и пятницу — 28 и 26 °C соответственно. Ночами уличные градусники будут показывать 13, 14 °C.
Согласно предварительным данным, на следующих выходных в Красноярске сохранится комфортная теплая погода.]]></text>
</doc>
