<?xml version='1.0' encoding='UTF-8'?>
<doc>
  <source><![CDATA[https://newslab.ru/news/904944]]></source>
  <category verify="true" type="str" auto="true"><![CDATA[Новости]]></category>
  <title verify="true" type="str" auto="true"><![CDATA[Красноярский школьник на велосипеде попал под Nissan. В ГИБДД рассказали, какие правила он нарушил (видео)]]></title>
  <keywords verify="true" type="list" auto="true">
    <item type="str"><![CDATA[Новости]]></item>
    <item type="str"><![CDATA[Происшествия]]></item>
    <item type="str"><![CDATA[В Красноярском крае]]></item>
  </keywords>
  <text verify="true" type="str" auto="true"><![CDATA[В Октябрьском районе Красноярска школьник попал под колеса иномарки. В дорожной полиции рассказали о грубом нарушении правил дорожного движения с его стороны.
Авария произошла в районе дома № 35а на улице Цимлянская в понедельник, 17 июня, около 17:30. Автомобиль Nissan двигался по проезду около Автотранспортного техникума, когда перед ним на дорогу выехал 9-летний мальчик на велосипеде. Среагировать водитель не успел. Он сбил ребенка, его велосипед отлетел на несколько метров.
В пресс-службе напомнили, что юный велосипедист до 14 лет не имел права выезжать на дорогу общего пользования.
По данным ГИБДД, с начала года в Красноярске уже пострадало 10 детей-велосипедистов. В каждом втором случае виноват ребенок, который нарушил правила.
«Велосипед — это транспортное средство, водитель которого обязан знать и соблюдать правила дорожного движения. Уважаемые родители, покупая своему чаду велосипед, позаботьтесь не только о том, чтобы ребенок был доволен подарком, но и обязательно проконтролируйте знание им правил дорожного движения. Ведь от этого может зависеть его жизнь и здоровье», — призвали сотрудники пресс-службы.]]></text>
</doc>
