<?xml version='1.0' encoding='UTF-8'?>
<doc>
  <source><![CDATA[https://newslab.ru/news/904202]]></source>
  <category verify="true" type="str" auto="true"><![CDATA[Новости]]></category>
  <title verify="true" type="str" auto="true"><![CDATA[Столкнувшиеся на Коммунальном мосту иномарки опрокинули трактор]]></title>
  <keywords verify="true" type="list" auto="true">
    <item type="str"><![CDATA[Новости]]></item>
    <item type="str"><![CDATA[Происшествия]]></item>
    <item type="str"><![CDATA[В Красноярском крае]]></item>
  </keywords>
  <text verify="true" type="str" auto="true"><![CDATA[Поздно вечером 13 июня на красноярском Коммунальном мосту произошло ДТП с участием легковых автомобилей Honda и Ford, а также трактора МТЗ. От удара последний опрокинулся на бок.
Как подтвердили Newslab в ГИБДД, все случилось в 22:49 часов при движении с правого на левый берег. Сначала на переправе столкнулись иномарки, а после Ford врезался в трактор. Его водитель получил ушибы, медики оказали ему разовую помощь.
В социальных сетях очевидцы ДТП рассказали свою версию случившегося:
«Трактор двигался по средней полосе, за ним — неизвестный автомобиль (не причастный к ДТП), следом ехал Ford Mondeo. Неизвестный авто слева обогнал трактор, Ford захотел также обогнать слева, но его не пустили, и он решил обогнать трактор по правой (автобусной) полосе. Начал перестраиваться, но в это время там двигался Honda Accord. В результате Ford бьёт Honda, от удара Ford отскакивает в заднее правое колесо трактору, который от удара ложится на бок. Виновник без ОСАГО. Водитель трактора получил лёгкие ушибы руки».]]></text>
</doc>
