<?xml version='1.0' encoding='UTF-8'?>
<doc>
  <source><![CDATA[https://newslab.ru/news/902772]]></source>
  <category verify="true" type="str" auto="true"><![CDATA[Новости]]></category>
  <title verify="true" type="str" auto="true"><![CDATA[«Погибло не более 5 %»: в мэрии подвели первые итоги инспекции прошлогодних посадок]]></title>
  <keywords verify="true" type="list" auto="true">
    <item type="str"><![CDATA[Новости]]></item>
    <item type="str"><![CDATA[Общество]]></item>
    <item type="str"><![CDATA[В Красноярском крае]]></item>
  </keywords>
  <text verify="true" type="str" auto="true"><![CDATA[В Красноярске завершился первый этап инспекции состояния деревьев, которые были посажены на городских улицах в прошлом году, сообщил первый заместитель главы города Владислав Логинов.
Пока специалисты технического надзора успели проверить только те деревья, которые были высажены в Красноярске по контракту с муниципальным «Управлением зеленого строительства». Его стоимость составляла 120 миллионов рублей.
«Все посадки были высотой 2-2,5 метра. Отпад по крупномерным насаждениям составляет около 5 %. Это те деревья, которые заболели в зимний период и не будут развиваться. Они будут заменены. Мы знаем, что есть большие замечания по проспекту Мира, по улице Волочаевской (Николаевскому проспекту) и другим объектам. Там часть контрактов краевого управления автомобильных дорог, но есть и наши посадки. С этими контрактами мы еще дорабатываем», — пояснил Владислав Логинов.
После того, как работа по оценке состояния деревьев завершится, все погибшие крупномеры заменят. Вице-мэр пояснил, что проверять состояние посадок и менять заболевшие деревья будут не только в этом году, но и два последующие года — именно такой гарантийный срок указан в контракте.
Подключиться к контролю за состоянием прошлогодних посадок может любой красноярец. Для этого достаточно сообщить информацию о засохшем дереве в районную администрацию.
Напомним, в прошлом году в рамках проекта комплексного озеленения города за бюджетные деньги в краевой столице посадили 13 111 крупномерных деревьев.
Предыстория: В Красноярске ищут захиревшие деревья
Вы можете рассказать об этом своим друзьям, нажав кнопку «Поделиться в соцсети»:]]></text>
</doc>
