<?xml version='1.0' encoding='UTF-8'?>
<doc>
  <source><![CDATA[https://newslab.ru/news/904295]]></source>
  <category verify="true" type="str" auto="true"><![CDATA[Новости]]></category>
  <title verify="true" type="str" auto="true"><![CDATA[На Бограда пьяная автоледи врезалась в Volvo и повредила Toyota Land Cruiser (видео)]]></title>
  <keywords verify="true" type="list" auto="true">
    <item type="str"><![CDATA[Новости]]></item>
    <item type="str"><![CDATA[Происшествия]]></item>
    <item type="str"><![CDATA[В Красноярском крае]]></item>
  </keywords>
  <text verify="true" type="str" auto="true"><![CDATA[В Красноярске на улице Бограда нетрезвая автоледи разбила дорогой кроссовер Volvo, также поврежден Toyota Land Cruiser, сообщили очевидцы происшествия.
Аварию, которая произошла сегодня днем в районе перекрестка улиц Бограда и Профсоюзов, записала камера наблюдения. На записи видно, что одну из двух полос дороги в направлении железнодорожного вокзала перегородил грузовик-воровайка. Его водитель выставил предупреждающий знак. Темный автомобиль Volvo притормозил перед преградой и в этот момент в него врезался Toyota Harrier. От удара у Volvo отвалилось запасное колесо, которое вылетело на полосу встречного движения и ударило Toyota Land Cruiser.
В ГИБДД пояснили, что в аварии никто не пострадал. Виновницей происшествия оказалась молодая женщина, которая находилась в состоянии алкогольного опьянения. Алкотестер показал 1,51 мг/литр алкоголя в выдыхаемом воздухе. Это считается тяжелой степенью опьянения.
В ГИБДД не назвали возраст водителя Toyota Harrier, но уточнили, что на подобном нарушении ее поймали впервые. Женщине грозит штраф в 30 тысяч рублей и лишение прав на срок до 2 лет.]]></text>
</doc>
