<?xml version='1.0' encoding='UTF-8'?>
<doc>
  <source><![CDATA[https://newslab.ru/news/905094]]></source>
  <category verify="true" type="str" auto="true"><![CDATA[Новости]]></category>
  <title verify="true" type="str" auto="true"><![CDATA[МВД планирует провести ревизию правил дорожного движения]]></title>
  <keywords verify="true" type="list" auto="true">
    <item type="str"><![CDATA[Новости]]></item>
    <item type="str"><![CDATA[Общество]]></item>
    <item type="str"><![CDATA[В России]]></item>
  </keywords>
  <text verify="true" type="str" auto="true"><![CDATA[Первый замглавы МВД Александр Горовой заявил о необходимости ревизии правил дорожного движения, сообщает ТАСС.
Замминистра признал, что требовать от участников дорожного движения соблюдения правил стало очень сложно.
«Подошел период, когда нам надо остановиться и провести ревизию ПДД. Потому что даже наш личный состав на сегодняшний день достаточно сложно находит подпункты и параграфы, разделы (в Правилах дорожного движения). Что мы можем спрашивать с участников дорожного движения?» — сказал Александр Горовой.
Замглавы ведомства не уточнил, что именно необходимо изменить в правилах, которые разработали еще в 1993 году. Почти каждый год в документ вносятся изменения.
Также Александр Горовой рассказал, что МВД России сейчас участвует в реформе Кодекса об административных правонарушениях. Он уточнил, что новый КоАП будет ориентирован на две задачи — оптимизацию работы для подразделений госструктур, выполняющих контрольно-надзорные функции, и защиту интересов всех участников административного делопроизводства.]]></text>
</doc>
