<?xml version='1.0' encoding='UTF-8'?>
<doc>
  <source><![CDATA[https://newslab.ru/news/905095]]></source>
  <category verify="true" type="str" auto="true"><![CDATA[Новости]]></category>
  <title verify="true" type="str" auto="true"><![CDATA[В Красноярск прилетела российская общественница Нюта Федермессер]]></title>
  <keywords verify="true" type="list" auto="true">
    <item type="str"><![CDATA[Новости]]></item>
    <item type="str"><![CDATA[Общество]]></item>
    <item type="str"><![CDATA[В Красноярском крае]]></item>
  </keywords>
  <text verify="true" type="str" auto="true"><![CDATA[В Красноярск прилетела российская общественница Анна Федермессер, известная как Нюта Федермессер. Она является учредителем благотворительного фонда помощи хосписам «Вера».
Как сообщили в правительстве, с ней встретился губернатор края Александр Усс. Глава региона обсудил с общественницей развитие паллиативной помощи, которая входит в национальные приоритеты страны. Красноярский край стал одним из 25 пилотных регионов, где проведут проект Анны Федермессер «Регион заботы». Программа направлена на усовершенствование паллиативной помощи.
«У нас есть все предпосылки, чтобы то, чем вы занимаетесь, по-серьёзному проросло на красноярской земле: потребности, люди, но не хватает организационной поддержки», — сказал Александр Усс.
Федермессер отметила, что человеку нужно оказывать всю необходимую помощь, уход, а также обеспечивать комфортные условия в хосписе. В первый день визита в Красноярский край Анна Федермессер побывала в хосписе и детском интернате «Подсолнух». До конца недели она посетит восток и север края.
Справка:
Благотворительный фонд помощи хосписам «Вера» основан Анной Федермессер в 2006 году. Это первый и единственный в России фонд, занимающийся системной помощью хосписам и их пациентам, а также единственный в стране целевой фонд в области здравоохранения. По данным на 2019 год, среди подопечных фонда — более 250 семей с тяжелобольными детьми.]]></text>
</doc>
