<?xml version='1.0' encoding='UTF-8'?>
<doc>
  <source><![CDATA[https://newslab.ru/news/904752]]></source>
  <category verify="true" type="str" auto="true"><![CDATA[Новости]]></category>
  <title verify="true" type="str" auto="true"><![CDATA[В Красноярске по гарантии начали менять деревья (видео)]]></title>
  <keywords verify="true" type="list" auto="true">
    <item type="str"><![CDATA[Новости]]></item>
    <item type="str"><![CDATA[Происшествия]]></item>
    <item type="str"><![CDATA[В Красноярском крае]]></item>
  </keywords>
  <text verify="true" type="str" auto="true"><![CDATA[В Красноярске начали замену деревьев, которые погибли за зиму. Информация появилась в группе мэрии города в соцсетях.
В пресс-службе заверили, что специалисты проверили все места, где в прошлом году высаживали деревья. Они посчитали процент погибших саженцев — он находится в пределах нормы, около 5-10 %. Судя по фотографиям, сотрудники муниципального «Управления зеленого строительства» убрали засохшие сосны на улице Алексеева в районе ТРЦ «Планета» и высадили на их место новые деревья.
«Продолжается гарантийная замена не прижившихся деревьев, посаженных в прошлые годы. Уже заменили 202 дерева. Вся замена — за счет подрядчиков», — отметили в пресс-службе.
Напомним, на проспекте Мира, по мнению специалистов, погибло больше 70 % посадок. Накануне красноярец Макс Антипов поделился видео, где специалисты УЗС пытаются поливать уже погибшие деревья.
«Проверил — кусты засохшие, почки на них рассыпаются в труху. Спросил у работничка — говорит, что это не просто вода, а с удобрениями», — заметил красноярец.]]></text>
</doc>
