<?xml version='1.0' encoding='UTF-8'?>
<doc>
  <source><![CDATA[https://newslab.ru/news/902424]]></source>
  <category verify="true" type="str" auto="true"><![CDATA[Новости]]></category>
  <title verify="true" type="str" auto="true"><![CDATA[ФСБ сорвала красноярским супругам сделку по продаже килограмма наркотиков]]></title>
  <keywords verify="true" type="list" auto="true">
    <item type="str"><![CDATA[Новости]]></item>
    <item type="str"><![CDATA[Происшествия]]></item>
    <item type="str"><![CDATA[В Красноярском крае]]></item>
  </keywords>
  <text verify="true" type="str" auto="true"><![CDATA[Сотрудники УФСБ региона пресекли преступную деятельность молодых супругов из Красноярска, подозреваемых в приготовлении к незаконному сбыту синтетических наркотических средств в особо крупном размере.
Оперативники установили, что девушка 33 лет и ее 22-летний муж через переписку заказали у неустановленного человека синтетический наркотик в особо крупном размере. «Вместе с зельем подозреваемые получили также рекомендации по способам переработки и фасовки запрещенного товара на розничные партии для последующего распространения. 15 мая при обыске в их квартире было обнаружено и изъято около 1 кг приготовленных для сбыта синтетических наркотических средств», — рассказали в оперативном ведомстве.
В отношении супругов возбудили уголовное дело. Им грозит до 20 лет лишения свободы.]]></text>
</doc>
