<?xml version='1.0' encoding='UTF-8'?>
<doc>
  <source><![CDATA[https://newslab.ru/news/903623]]></source>
  <category verify="true" type="str" auto="true"><![CDATA[Новости]]></category>
  <title verify="true" type="str" auto="true"><![CDATA[«Норникель» и Росрыболовство подписали соглашение о взаимодействии в сфере экологии]]></title>
  <keywords verify="true" type="list" auto="true">
    <item type="str"><![CDATA[Новости]]></item>
    <item type="str"><![CDATA[Общество]]></item>
    <item type="str"><![CDATA[В Красноярском крае]]></item>
  </keywords>
  <text verify="true" type="str" auto="true"><![CDATA[Федеральное агентство по рыболовству и «Норникель» заключили соглашение о взаимодействии. Подписи под документом поставили заместитель министра сельского хозяйства РФ, руководитель Росрыболовства Илья Шестаков и статс-секретарь, вице-президент «Норникеля» Дмитрий Пристансков на площадке Петербургского международного экономического форума 7 июня.
Соглашение предусматривает сотрудничество сторон в сфере сохранения водных биоресурсов в регионах производственной деятельности компании, обмен информацией о результатах научных исследований в области аквакультуры, совместные семинары и другие обучающие мероприятия.
«Сохранение национальных рыбных запасов — одна из приоритетных государственных задач. В ведении Росрыболовства находится более 100 рыборазводных заводов, которые на регулярной основе занимаются искусственным воспроизводством водных биоресурсов по всей России. Но, учитывая растущий антропогенный фактор, необходимо увеличивать объем мероприятий по компенсации ущерба водным объектам рыбохозяйственного значения. Взаимодействие с такой крупной организацией как „Норникель“ — это шаг на пути сохранения, восстановления запасов», — сказал Илья Шестаков.
По словам Дмитрия Пристанскова, заполярный филиал «Норникеля» и его дочерние общества давно занимаются восстановлением водных биоресурсов Енисея: компания выпускает в реку молоди осетровых, хариуса и гольца. Только в прошлом году в Енисей выпущено рекордное количество мальков осетра —почти полмиллиона особей. Восполнением природных ресурсов компания занимается и в Мурманской области, где также находится производственная площадка «Норникеля».
«Эта работа крайне важна для экологического баланса Арктической зоны России и имеет большое социальное значение. Рыболовство является частью традиционного образа жизни коренных малочисленных народов Севера, — подчеркнул вице-президент „Норникеля“, — Уверен, что наше сотрудничество с Росрыболовством подтвердит эффективность государственно-частного партнерства. Не сомневаюсь, совместными усилиями мы сможем успешно решать задачи национального проекта „Экология“ в области сохранения водных биологических ресурсов».
В «Норникеле» принята и действует «Политика по сохранению биоразнообразия» — компания активно сотрудничает с особо охраняемыми природными территориями. В Красноярском крае это «Объединенная дирекция заповедников Таймыра», в Мурманской области — заповедники «Пасвик» и «Лапландский», в Забайкальском крае — заказник «Реликтовые дубы». Основные направления взаимодействия «Норникеля» с заповедниками включают развитие их научно-технической базы, поддержку общественных, волонтерских и образовательных экологических программ.]]></text>
</doc>
