<?xml version='1.0' encoding='UTF-8'?>
<doc>
  <source><![CDATA[https://newslab.ru/news/903004]]></source>
  <category verify="true" type="str" auto="true"><![CDATA[Новости]]></category>
  <title verify="true" type="str" auto="true"><![CDATA[В Красноярске «пенсионные мошенники» пообещали ветерану войны доплату к пенсии и лишили ее денег]]></title>
  <keywords verify="true" type="list" auto="true">
    <item type="str"><![CDATA[Новости]]></item>
    <item type="str"><![CDATA[Происшествия]]></item>
    <item type="str"><![CDATA[В Красноярском крае]]></item>
  </keywords>
  <text verify="true" type="str" auto="true"><![CDATA[В Красноярске мошенники обманули ветерана войны, пообещав пожилой женщине доплату к пенсии, рассказали в пресс-службе Пенсионного фонда по Красноярскому краю.
Ветерану войны, председателю общества «Дети войны» Советского района Красноярска Валентине Шестаковой 87 лет. Недавно она услышала о возможности получать увеличенную пенсию. Она обратилась к юристам, они пообещали помочь пенсионерке, но выманили у нее 28 тысяч рублей и исчезли.
В Пенсионном фонде считают, что женщина могла лишиться намного большей суммы. Некоторых пенсионеров недобросовестные юристы уговаривают отдать до 70 тысяч рублей. Действуют они всегда по одному и тому же сценарию: во время бесплатной консультации убеждают клиентов в том, что их обманули при начислении пенсии и предлагают помочь с оформлением заявления на перерасчет. Эта услуга уже платная, ее стоимость около 30 тысяч рублей, а повторное обращение они оценивают еще в 16 тысяч. Чтобы пенсионер не передумал, «юристы» даже провожают их до дома и на месте оформляют документы.
В пресс-службе пояснили, что в последнее время к ним ежедневно поступают сотни подобных запросов, составленных по одному шаблону. В ответ на них пенсионеры получают лишь подробные разъяснения порядка начисления пенсии, которые они могли бы получить совершенно бесплатно. Для этого нужно побывать на приеме у специалиста Пенсионного фонда. В Пенсионном фонде пояснили, что в отношении одной из таких фирм возбудили дело об административном правонарушении по ч. 1 ст. 14.4 КоАП РФ за оказание некачественных юридических услуг. Штраф по ней составляет от 1 до 30 тысяч рублей.
В пресс-службе напомнили правила, которые позволят не попасться на уловку мошенников:
Вы можете помочь предупредить людей о мошенниках, нажав кнопку «Поделиться в соцсети»:]]></text>
</doc>
