<?xml version='1.0' encoding='UTF-8'?>
<doc>
  <source><![CDATA[https://newslab.ru/news/902461]]></source>
  <category verify="true" type="str" auto="true"><![CDATA[Новости]]></category>
  <title verify="true" type="str" auto="true"><![CDATA[Филины «Роева ручья» выгнали уборщиков из вольера из-за появления птенцов (видео)]]></title>
  <keywords verify="true" type="list" auto="true">
    <item type="str"><![CDATA[Новости]]></item>
    <item type="str"><![CDATA[Общество]]></item>
    <item type="str"><![CDATA[В Красноярском крае]]></item>
  </keywords>
  <text verify="true" type="str" auto="true"><![CDATA[В «Роевом ручье» показали красноярцам злых юных филинов и рассказали, что из-за их появления в вольере этих птиц перестали убираться.
Сейчас в красноярском парке флоры и фауны «Роев ручей» растут трое слётков филина. Пушистые птенцы пока не летают, они прячутся в кустах или траве и ждут, пока родители принесут им пищу. «Врагов» — именно так они воспринимают всех людей — они пытаются отпугнуть недовольными взглядами и щелкают на них клювом. Родители-филины не допускают к птенцам никого. К ним не могут зайти даже те работники по уходу за животными, которые следят за чистотой их вольера годами.
«Они готовы отпугнуть любого врага от своего ненаглядного птенчика, даже самого „грозного“ человека. А они могут: острые клювы и когти никто не отменял. Тщетные попытки работника по уходу за животными защититься веником ни к чему не приводят. Кормить птиц приходится осторожно, забрасывая тушки перепёлок и крыс в дверь. Уборку временно отменили. Такое смелое поведение птиц в парке объяснимо — они давно привыкли к людям и совсем не боятся их», — рассказали в пресс-службе.
Также в парке напомнили, что в дикой природе слётков нельзя трогать. Подросшие птенцы часто специально покидают гнезда, чтобы спастись от хищников. Они могут спрятаться от собак и диких зверей, но погибнуть, потому что его подбирают люди. При этом взрослые птицы могут либо напасть на человека, либо испугаться и улететь, оставив птенца одного.
«Человек, с детства запомнивший фразу „Выпал из гнезда“, видит одинокого, не умеющего летать птенца спешит ему помочь, но поступает совершенно неправильно. Давно пора запомнить другую фразу „Не трогайте слётков“ и пройти мимо. Это будет правильнее всего. Родители птенца вернутся и продолжат кормить его до осени, пока он не окрепнет и не научится летать и охотиться. А потом и у этих, сейчас пушистых и смешных птенчиков, появится своё потомство. Главное, нам их не тревожить», — пояснили в «Роевом ручье».
Вы можете напомнить друзьям о том, что делать при обнаружении выпавшего из гнезда птенца, нажав кнопку «Поделиться в соцсети»:]]></text>
</doc>
