<?xml version='1.0' encoding='UTF-8'?>
<doc>
  <source><![CDATA[https://newslab.ru/news/904028]]></source>
  <category verify="true" type="str" auto="true"><![CDATA[Новости]]></category>
  <title verify="true" type="str" auto="true"><![CDATA[«Все в норме!»: специалисты проверили воздух в Богучанском районе, где больше суток полыхала промбаза]]></title>
  <keywords verify="true" type="list" auto="true">
    <item type="str"><![CDATA[Новости]]></item>
    <item type="str"><![CDATA[Происшествия]]></item>
    <item type="str"><![CDATA[В Красноярском крае]]></item>
  </keywords>
  <text verify="true" type="str" auto="true"><![CDATA[Специалисты Роспотребнадзора и Центра гигиены и эпидемиологии Красноярского края проверили концентрацию загрязняющих веществ в атмосферном воздухе поселка Таежный Богучанского района, где в ночь на среду загорелся штабель леса.
Пробы брали на территории жилой застройки в зоне возможного влияния задымления. Воздух проверяли на содержание диоксида серы, диоксида азота, оксида азота, оксида углерода, формальдегида, бензапирена и взвешенных веществ.
«По результатам проведенных исследований концентрации загрязняющих веществ в атмосферном воздухе на территории жилой застройки не превышают гигиенические нормативы. Все в норме. Ситуация остается на контроле Управления», — успокоили местных жителей в ведомстве.
Как ранее сообщалось, огонь на промбазе вспыхнул в час ночи 12 июня. В 4:30 утра того же дня пожар локализовали, а ликвидировали лишь спустя сутки — только в 5 часов утра 13 июня.
Предыстория: Больше суток ушло на ликвидацию крупного пожара на промбазе с лесом в Богучанском районе]]></text>
</doc>
