<?xml version='1.0' encoding='UTF-8'?>
<doc>
  <source><![CDATA[https://newslab.ru/news/904207]]></source>
  <category verify="true" type="str" auto="true"><![CDATA[Новости]]></category>
  <title verify="true" type="str" auto="true"><![CDATA[В этом году медведи на «Столбах» начали купаться позже обычного]]></title>
  <keywords verify="true" type="list" auto="true">
    <item type="str"><![CDATA[Новости]]></item>
    <item type="str"><![CDATA[Общество]]></item>
    <item type="str"><![CDATA[В Красноярском крае]]></item>
  </keywords>
  <text verify="true" type="str" auto="true"><![CDATA[В красноярском заповеднике «Столбы» засняли купающегося медведя. За поведением животных с близкого расстояния наблюдают при помощи фотоловушек.
В этом году медведи начали купаться позднее, чем в прошлом. Первые водные процедуры попали на фото только 19 мая. А к началу лета специалисты зафиксировали уже трех купающихся мишек. В прошлом году к июню заметили уже 10 животных. 
Как рассказали специалисты, уже в мае почти сразу после пробуждения от спячки на небольших водоемах можно увидеть купающихся медведей. Купания зависят от того, какая была весна — ранняя или затяжная. За последние пять лет самые ранние погружения в воду зафиксированы 3 мая.
«Однако засушливые условия прошлого года привели к малому накоплению почвенной влаги. В связи с чем вся весенняя вода (снежная, дождевая) активно впитывалась грунтами. Поэтому малые водные объекты слабо пополнялись водой, что сказалось и на сроках купального сезона животных», — рассказали в заповеднике.]]></text>
</doc>
