<?xml version='1.0' encoding='UTF-8'?>
<doc>
  <source><![CDATA[https://newslab.ru/news/902843]]></source>
  <category verify="true" type="str" auto="true"><![CDATA[Новости]]></category>
  <title verify="true" type="str" auto="true"><![CDATA[Красноярские дачники и инспекторы «Столбов» показали свои встречи с медведями (видео)]]></title>
  <keywords verify="true" type="list" auto="true">
    <item type="str"><![CDATA[Новости]]></item>
    <item type="str"><![CDATA[Общество]]></item>
    <item type="str"><![CDATA[В Красноярском крае]]></item>
  </keywords>
  <text verify="true" type="str" auto="true"><![CDATA[В Красноярском заповеднике «Столбы» и рядом с ним за последние две недели зафиксировано несколько случаев встречи с медведями. Видеозаписи нескольких случаев показала пресс-служба заповедника.
Один из роликов записан в охранной зоне «Столбов», на реке Калтат. Двухлетние медвежата при виде инспектора залезли на дерево и спрятались там среди веток. Вторая запись сделана недалеко от дач на «Мраморном карьере» — в нижней части Торгашинского хребта. В заповеднике предположили, что этого молодого медведя мать отогнала от себя на период «свадьбы» и он начал знакомиться с территорией.
Еще несколько встреч с медведями записать не удалось, они произошли за последние две недели в охранной зоне заповедника. В пресс-службе отметили, что участившиеся сообщения о выходе медведей к людям — следствие увеличения численности этих зверей в Красноярском крае. Кроме этого, люди стали намного чаще рассказывать о своих встречах с хищником, так как почти у всех появилась возможность сфотографировать его и выложить снимки в соцсети.
В администрации заповедника порекомендовали соблюдать простые меры предосторожности:]]></text>
</doc>
