<?xml version='1.0' encoding='UTF-8'?>
<doc>
  <source><![CDATA[https://newslab.ru/news/904790]]></source>
  <category verify="true" type="str" auto="true"><![CDATA[Новости]]></category>
  <title verify="true" type="str" auto="true"><![CDATA[У посетителей «Роева ручья» заберут опасные лакомства для животных]]></title>
  <keywords verify="true" type="list" auto="true">
    <item type="str"><![CDATA[Новости]]></item>
    <item type="str"><![CDATA[Общество]]></item>
    <item type="str"><![CDATA[В Красноярском крае]]></item>
  </keywords>
  <text verify="true" type="str" auto="true"><![CDATA[В красноярском зоопарке «Роевом ручье» посетителей научат правильно угощать питомцев и заберут опасные для животных лакомства.
Как рассказали в парке флоры и фауны, до конца июля в «Роевом ручье» пройдет акция «Заботься о животных — соблюдай правила». Сотрудники зоопарка и ребята из Трудового отряда главы города будут забирать у посетителей еду, которую они принесли для животных и выдавать им купоны на право льготной покупки специализированного корма по его себестоимости.
В парке напомнили, что делается это для пользы питомцев «Роева ручья». Их рацион тщательно рассчитывается ветеринарами, чтобы контролировать рост и предотвращать возможные заболевания. Пища, которая не входит в рацион животного или ее чрезмерный объем могут привести к гибели. Сами звери не понимают, когда надо остановиться. Они будут есть любой корм из рук людей до тех пор, пока им не станет плохо.
«Перекорм копытных животных сочными кормами приводит к серьёзным нарушениям функции кишечника: он вздувается, появляется атония и животное погибает от удушья. Более того, корм, поступающий на кормокухню парка, проходит жесткий контроль на наличие токсинов нитритов и нитратов, а также на наличие возбудителей заболеваний, опасных и для животных и для человека», — рассказала главный ветеринарный врач «Роева ручья» Ирина Коленченко.
Школьники из Трудового отряда главы города все лето будут дежурить в парке и рассказывать посетителям о правилах поведения и запретах, действующих на территории «Роева ручья».
«Мы хотим, чтобы люди хорошо проводили время в парке, но при этом, не вредили животным. Для многих покормить животное — это огромная радость. Чтобы удовлетворить эту потребность детей и взрослых, мы разработали правила кормления. Животных можно кормить, но лишь определённых, определённым кормом. Чтобы донести до людей правила и то, почему их так важно соблюдать, и проводится эта акция», — пояснил директор «Роева ручья» Андрей Горбань.]]></text>
</doc>
