<?xml version='1.0' encoding='UTF-8'?>
<doc>
  <source><![CDATA[https://newslab.ru/news/904212]]></source>
  <category verify="true" type="str" auto="true"><![CDATA[Новости]]></category>
  <title verify="true" type="str" auto="true"><![CDATA[Клещи стали еще активнее нападать на красноярцев. Специалисты назвали это нормальным]]></title>
  <keywords verify="true" type="list" auto="true">
    <item type="str"><![CDATA[Новости]]></item>
    <item type="str"><![CDATA[Происшествия]]></item>
    <item type="str"><![CDATA[В Красноярском крае]]></item>
  </keywords>
  <text verify="true" type="str" auto="true"><![CDATA[В Красноярском крае за неделю — с 7 по 13 июня — на укусы клещей пожаловались 2352 человека, в том числе 449 детей (неделей ранее к медикам обратились 2065 жителей региона).
В Красноярске за вторую неделю лета от укусов клещей пострадали 880 человек, в том числе 158 детей. Иксодовые нападали на людей в Академгородке, Ветлужанке, Солнечном, в окрестностях «Бобрового лога» и «Роева ручья», возле деревни Кузнецово и в поселке Сухая Балка Емельяновского района.
Возбудители клещевого боррелиоза обнаружены в 26,3 % исследованных клещей, гранулоцитарного анаплазмоза — 2 %, моноцитарного эрлихиоза человека — 3 %, клещевого вирусного энцефалита — 1 %.
«С начала сезона в Красноярском крае зарегистрировано 10006 случаев присасывания клещей, в том числе 2149 случаев среди детей. В Красноярске — 3415 и 667 случаев соответственно. Количество случаев присасывания клещей не превышает средний многолетний уровень», — подытожили в Роспотребнадзоре.]]></text>
</doc>
