<?xml version='1.0' encoding='UTF-8'?>
<doc>
  <source><![CDATA[https://newslab.ru/news/904105]]></source>
  <category verify="true" type="str" auto="true"><![CDATA[Новости]]></category>
  <title verify="true" type="str" auto="true"><![CDATA[Самое интересное в Красноярске за 13 июня: дорогая вода, дорожный переворот и разбогатевший мэр]]></title>
  <keywords verify="true" type="list" auto="true">
    <item type="str"><![CDATA[Новости]]></item>
    <item type="str"><![CDATA[Общество]]></item>
    <item type="str"><![CDATA[В Красноярском крае]]></item>
  </keywords>
  <text verify="true" type="str" auto="true"><![CDATA[За год доходы мэра выросли в два раза. Вряд ли теперь его беспокоят взлетевшие цены на продукты.
Красноярская учительница подготовила к ЕГЭ по химии на 100 баллов 25 учеников. Это её личный и региональный рекорд.
Для красноярских автомобилистов вводят новые схемы движения: на Шахтёров запретят прямые повороты, а на Бограда — просто проезд.
Снова что-то не так с вантовым мостом в Красноярске. Теперь горожане протестуют против катания в лифте для маломобильных пони и лошадей.
Предупреждаем, уже завтра холодная водичка будет «на вес золота» в двух районах Красноярска. Плановые отключения.
«Мы тут от безысходности»: заглянули в Центральный парк Красноярска, чтобы проверить, изменилось ли там что. В прошлом году мы сбежали оттуда в ужасе от увиденного.]]></text>
</doc>
