<?xml version='1.0' encoding='UTF-8'?>
<doc>
  <source><![CDATA[https://newslab.ru/news/902621]]></source>
  <category verify="true" type="str" auto="true"><![CDATA[Новости]]></category>
  <title verify="true" type="str" auto="true"><![CDATA[Красноярцы поддержали открытие вытрезвителей]]></title>
  <keywords verify="true" type="list" auto="true">
    <item type="str"><![CDATA[Новости]]></item>
    <item type="str"><![CDATA[Общество]]></item>
    <item type="str"><![CDATA[В Красноярском крае]]></item>
  </keywords>
  <text verify="true" type="str" auto="true"><![CDATA[Жители Красноярска и края считают, что вытрезвители в регионе стоит возродить. Такое мнение они выразили в опросе, который прошел на сайте Законодательного Собрания с 21 по 24 мая.
Совет Федерации и ряд депутатов Госдумы разработали законопроект о восстановлении системы вытрезвителей. Документ может быть принят до конца этого года и вступить в силу с 2020 года. В Красноярском крае этой проблемой обеспокоились гораздо раньше. В 2017 году идею вновь создать вытрезвители высказал начальник краевой полиции Александр Речицкий. Сейчас стражи порядка предлагают открыть такие учреждения в Красноярске, Норильске, Ачинске, Канске, Железногорске и Минусинске. Финансироваться они должны за счет краевого, муниципального бюджетов и средств частных инвесторов. То есть не исключено, что эти учреждения будут работать по принципу государственно-частного партнерства.
В этом году вытрезвители в Красноярске вернули, но на короткое время — с 1 февраля по 15 марта, пока в краевом центре шли соревнования Студенческих игр. Их было всего два — на левом и правом берегах. За время их работы в палаты вытрезвления поместили 42 человека.
В течение недели свое мнение по этой теме могли высказать жители Красноярского края. Всего в опросе приняли участие 147 человек. 71,4 % участников опроса поддержали открытие вытрезвителей, против проголосовали 26,5 %. Некоторые также высказали свои предложения:
«Нужны, но достойного уровня. Не клетки, а медучреждение с консультацией врача».
«Да, но с регламентом привода в вытрезвитель [в зависимости] от степени опьянения и адекватности поведения».
«Да, но попадание человека туда не должно быть „палкой в плане“».
Результаты опроса прокомментировал председатель комитета по охране здоровья и социальной политике Юрий Данильченко: «Считаю, что человек должен быть защищен. В вытрезвителях обязательно должны оказывать медицинскую помощь, важно и корректное поведение тех людей, которые забирают гражданина, находящегося в состоянии алкогольного опьянения. Многим людям это спасет жизнь, ведь человек после употребления спиртных напитков и замерзнуть может, и удариться, упасть... Поддерживаю создание вытрезвителей, которые бы позволили продлить жизнь людям, попавшим в такую ситуацию».]]></text>
</doc>
