<?xml version='1.0' encoding='UTF-8'?>
<doc>
  <source><![CDATA[https://newslab.ru/news/904762]]></source>
  <category verify="true" type="str" auto="true"><![CDATA[Новости]]></category>
  <title verify="true" type="str" auto="true"><![CDATA[Красноярцев предупредили о смертельно опасной для младенцев инфекции. Прививки нужны и взрослым]]></title>
  <keywords verify="true" type="list" auto="true">
    <item type="str"><![CDATA[Новости]]></item>
    <item type="str"><![CDATA[Общество]]></item>
    <item type="str"><![CDATA[В Красноярском крае]]></item>
  </keywords>
  <text verify="true" type="str" auto="true"><![CDATA[Обновлено: В Роспотребнадзоре опровергли информацию о росте заболеваемости коклюшем среди детей
В Красноярском крае резко увеличилась заболеваемость коклюшем, сообщили в краевом Центре профилактики и борьбы со СПИД.
Представители центра сослались на данные краевого управления Роспотребнадзора. По ним в 2018 году это инфекционное заболевание выявляли в 6,5 раз чаще, чем в 2017 году. Среди заболевших 36 % детей в возрасте от 7 до 17 лет. В России в целом заболеваемость коклюшем за 2018 год выросла в 1,8 раза. В центре напомнили, что наиболее тяжело эта инфекция протекает у младенцев до 2 лет. Для них болезнь может стать смертельной.
Инкубационный период коклюша составляет 9-10 дней. Начало болезни можно спутать с обычной простудой, но затем у больного начинается сильный кашель. Наиболее сильные приступы кашля происходят ночью и могут сопровождаться рвотой. Врачи могут принять коклюш за обструктивный бронхит или дебют бронхиальный астмы.
В Центре СПИД напомнили, что предотвратить заболевание можно вакцинацией. Первичный курс из трех прививок проводят детям в возрасте 3, 4,5 и 6 месяцев, а затем ставится повторная прививка в 1,5 года.
«Для поддержания иммунитета к коклюшу у детей старше 6 лет педиатры рекомендуют ревакцинацию вакциной Адасель, способной защитить вашего ребенка от коклюша в школьном возрасте, на который приходится очередной пик заболеваемости. Вакцина содержит бесклеточный коклюшный, дифтерийный и столбнячный антигены, поэтому может использоваться вместо вакцины АДС-М», — пояснили в центре СПИД.
Вакцинацию советуют пройти всем членам семьи, где есть ребенок младше 2 лет, так как перенесенная болезнь не дает стойкого пожизненного иммунитета.]]></text>
</doc>
