<?xml version='1.0' encoding='UTF-8'?>
<doc>
  <source><![CDATA[https://newslab.ru/news/902955]]></source>
  <category verify="true" type="str" auto="true"><![CDATA[Новости]]></category>
  <title verify="true" type="str" auto="true"><![CDATA[«Не знаю, как высыпаться»: жительница Дубровинского пожаловалась на сборище кальянщиков под окнами (видео)]]></title>
  <keywords verify="true" type="list" auto="true">
    <item type="str"><![CDATA[Новости]]></item>
    <item type="str"><![CDATA[Происшествия]]></item>
    <item type="str"><![CDATA[В Красноярском крае]]></item>
  </keywords>
  <text verify="true" type="str" auto="true"><![CDATA[Обновлено: Городовые рассказали о первых оштрафованных кальянщиках с красноярской набережной
Жительница одного из домов на улице Дубровинского в Красноярске, окна которой выходят на левобережную набережную, пожаловалась в социальных сетях на толпу шумных кальянщиков, мешающих уснуть по ночам.
Видео, на котором запечатлены нарушители закона о тишине, появилось сегодня утром в социальных сетях.
«Пока что борьба с кальянщиками не приносит никаких результатов. Так, друзья, живут люди, у которых квартиры на улице Дубровинского напротив набережной. Завтра на работу в 8 утра, не знаю, как высыпаться», — сетует автор видео.
Буквально накануне власти города попросили красноярцев помочь им бороться с толпами кальянщиков на набережной, которые стали собираться там с наступлением тепла и слушают громкую музыку. Чиновники признали, что администрация города почти не имеет рычагов воздействия на незаконных бизнесменов, которые предлагают отдыхающим за деньги покурить кальян на набережной. Доказать факт предпринимательской деятельности сложно, а наказать людей за курение в общественном месте невозможно — федеральный закон, приравнивающий этот вид курения к курению табака, еще не приняли. Поэтому власти призвали красноярцев объявить бойкот бизнесменам-кальянщикам и не пользоваться их услугами.
Предыстория: Власти Красноярска попросили помощи в борьбе с кальянщиками на набережной Енисея]]></text>
</doc>
