<?xml version='1.0' encoding='UTF-8'?>
<doc>
  <source><![CDATA[https://newslab.ru/news/904259]]></source>
  <category verify="true" type="str" auto="true"><![CDATA[Новости]]></category>
  <title verify="true" type="str" auto="true"><![CDATA[В конце июня в Красноярске состоится юбилейный фестиваль «Зелёный»]]></title>
  <keywords verify="true" type="list" auto="true">
    <item type="str"><![CDATA[Новости]]></item>
    <item type="str"><![CDATA[Общество]]></item>
    <item type="str"><![CDATA[В Красноярском крае]]></item>
  </keywords>
  <text verify="true" type="str" auto="true"><![CDATA[29 и 30 июня на острове Татышеве в десятый раз пройдёт главный пикник красноярского лета — «Зелёный» от медиагруппы «Прима». Сотни площадок, на которых можно съесть бургер, послушать лекцию, поиграть со слаймами, сделать красивые фотографии, послушать музыку и поучаствовать в забеге с залпом красок.
В этом году в честь юбилея организаторы построят на «Зелёном» 10-метровую десятку. Также на фестивале построят 10 площадок-городов.
Пикник начнется в 12:00 и закончится в 21:00, вход на праздник как всегда бесплатный.
Организаторы дали тем, кто хочет прийти на «Зеленый», несколько советов:]]></text>
</doc>
