<?xml version='1.0' encoding='UTF-8'?>
<doc>
  <source><![CDATA[https://newslab.ru/news/903687]]></source>
  <category verify="true" type="str" auto="true"><![CDATA[Новости]]></category>
  <title verify="true" type="str" auto="true"><![CDATA[Водитель встретил медведя на трассе в Красноярском крае (видео)]]></title>
  <keywords verify="true" type="list" auto="true">
    <item type="str"><![CDATA[Новости]]></item>
    <item type="str"><![CDATA[Происшествия]]></item>
    <item type="str"><![CDATA[Общество]]></item>
    <item type="str"><![CDATA[В Красноярском крае]]></item>
  </keywords>
  <text verify="true" type="str" auto="true"><![CDATA[Автомобилист показал встречу с медведем в Енисейском районе Красноярского края. Хищника он заметил в 1 км от поселка Шапкино (примерно в 230 км от Красноярска).
На кадрах с авторегистратора видно, что медведь был не сильной большой. Он никак не отреагировал на автомобиль, перебежал дорогу и скрылся в лесу.
Ранее жители уже рассказывали о встречах с хищниками в разных районах края, а также на территории заповедника «Столбы».
Предыстория: «Где-то рядом ходит мама»: у трассы в Красноярском крае заметили сразу трёх гуляющих медвежат (видео)
Предыстория: На севере Красноярского края медведь вышел на детскую площадку. Его пришлось застрелить]]></text>
</doc>
