<?xml version='1.0' encoding='UTF-8'?>
<doc>
  <source><![CDATA[https://newslab.ru/news/904106]]></source>
  <category verify="true" type="str" auto="true"><![CDATA[Новости]]></category>
  <title verify="true" type="str" auto="true"><![CDATA[В Октябрьском районе молодой водитель на «семерке» сбил ребенка во дворе жилого дома]]></title>
  <keywords verify="true" type="list" auto="true">
    <item type="str"><![CDATA[Новости]]></item>
    <item type="str"><![CDATA[Происшествия]]></item>
    <item type="str"><![CDATA[В Красноярском крае]]></item>
  </keywords>
  <text verify="true" type="str" auto="true"><![CDATA[В Красноярске 6-летняя девочка попала под колеса ВАЗа во дворе собственного дома, сообщили очевидцы ДТП.
Авария произошла около 17:20 во дворе дома № 12а на улице 2-я Хабаровская. По предварительным данным ГИБДД, 6-летняя девочка играла во дворе и неожиданно выбежала на дорогу из-за припаркованных машин. Там она попала под колеса ВАЗ-2107, которым управлял 19-летний красноярец.
Очевидцы вызвали скорую помощь. Врачи осмотрели ребенка и решили отвезти его в больницу на обследование. Освидетельствование водителя показало, что он был трезвым.
В пресс-службе ГИБДД напомнили автомобилистам, что по территории двора разрешено двигаться со скоростью не более 20 км/час. Летом, когда дети проводят очень много времени на улицах водителей просят быть особенно внимательными.]]></text>
</doc>
