<?xml version='1.0' encoding='UTF-8'?>
<doc>
  <source><![CDATA[https://newslab.ru/news/902804]]></source>
  <category verify="true" type="str" auto="true"><![CDATA[Новости]]></category>
  <title verify="true" type="str" auto="true"><![CDATA[Красноярскую сеть «Мясничий» официально признали лучшим магазином страны]]></title>
  <keywords verify="true" type="list" auto="true">
    <item type="str"><![CDATA[Новости]]></item>
    <item type="str"><![CDATA[Общество]]></item>
    <item type="str"><![CDATA[В Красноярском крае]]></item>
  </keywords>
  <text verify="true" type="str" auto="true"><![CDATA[Красноярская розничная сеть мясных продуктов «Мясничий» победила в конкурсе Министерства промышленности и торговли «Торговля России-2019», куда сибиряков после изучения региональных рынков пригласили организаторы.
«Нам есть, что показать экспертам: полная автоматизация розничной сети, технология рентабельного разруба, уникальный софт. Горжусь, что после признания наших полуфабрикатов «Товаром года» на международном форуме «ПродЭкспо» теперь и весь «Мясничий» претендует на победу в номинации «Лучший магазин России», — поделился опытом пятилетней работы в преддверии конкурса генеральный директор холдинга Goldman Group Роман Гольдман.
На почетное звание оказались номинированы торговые бренды со всей страны — всего подано 823 заявки. «Мясничий» сразу оказался среди фаворитов: сказалась история непрерывного развития компании. Только за последние шесть месяцев сеть стала обладателем десятка наград: звание «Лучший магазин России», почетный диплом всероссийского конкурса «Товарный знак года», пять медалей международного форума «ПродЭкспо — 2019» за вкус и качество продуктов собственного производства, премия Food Industry и другие.
В 2018 году сеть вышла на федеральный уровень: новые магазины открываются за пределами Красноярского края, опытом сибирской компании заинтересовались бизнесмены и производители Дальнего Востока, Западного макрорегиона России и Прибалтики. После международного форума «ПродЭкспо-2019» поступило предложение открыть магазин в Москве, а также состоялись результативные переговоры с ритейлерами из Республики Казахстан. Итог: договор на открытие пяти магазинов — первые два скоро появятся в Нур-Султане.
Сегодня магазины «Мясничий» предлагают продукты быстрого приготовления, деликатесы, колбасы, фарши и свежее мясо собственного производства в семи городах России, на 14 июня запланировано новое открытие в Ангарске.]]></text>
</doc>
