<?xml version='1.0' encoding='UTF-8'?>
<doc>
  <source><![CDATA[https://newslab.ru/news/904071]]></source>
  <category verify="true" type="str" auto="true"><![CDATA[Новости]]></category>
  <title verify="true" type="str" auto="true"><![CDATA[В Красноярске стартовал первый всероссийский горняцкий турнир по мини-футболу]]></title>
  <keywords verify="true" type="list" auto="true">
    <item type="str"><![CDATA[Новости]]></item>
    <item type="str"><![CDATA[Спорт]]></item>
    <item type="str"><![CDATA[В Красноярском крае]]></item>
  </keywords>
  <text verify="true" type="str" auto="true"><![CDATA[Накануне в Красноярске на Центральном стадионе прошло торжественное открытие и первые матчи I всероссийского Чемпионата по мини-футболу среди работников топливно-энергетического комплекса.
Участниками Чемпионата, организованного Сибирской угольной энергетической компанией, стали 32 команды из Красноярского, Забайкальского, Хабаровского и Приморского краев, Кемеровской и Мурманской областей, Республик Бурятия и Хакасия, где работают предприятия СУЭК и СГК, а также из Москвы. По словам капитанов футбольных дружин, подготовку к масштабному турниру они начали более полугода назад, каждая из команд приехала в Красноярск только за победой, поэтому борьба обещает быть острой и напряженной, а игры — интересными и зрелищными.
Торжественное открытие турнира состоялось на Центральном стадионе в День России, 12 июня. Со сцены к гостям и участникам соревнований обратился мэр Красноярска Сергей Ерёмин:
«Выражаю благодарность организаторам турнира, которые открывают его именно сегодня, в День России. Думаю, этот Чемпионат станет еще одним праздником — не только для СУЭК, но и для города. Участникам же я хочу пожелать, чтобы вы почувствовали энергию и душевность более чем от миллиона красноярцев и вспоминали потом прекрасные эмоции, полученные от игр, от дней, проведенных в нашем городе. Ура, СУЭК! Ура, футбол! Ура, спорт!».
Почетным гостем церемонии стал Александр Тарханов, советский футболист, полузащитник и нападающий, игрок сборной СССР и мастер спорта СССР, Заслуженный тренер России, футбольный эксперт и комментатор — именно он комментировал и анализировал на телевидении матчи «Евро-2008». Свою футбольную карьеру спортсмен начинал именно в Красноярске — в команде «Автомобилист», вместе с еще одним именитым футболистом Олегом Романцевым. И именно на Центральном стадионе 47 лет назад он забил свой первый гол, давший старт большой спортивной карьере. По мнению Александра Тарханова, встречаться в командных видах спорта цехами, предприятиями, крупными компаниями — добрая традиция, и такие начинания нужно развивать.
«Когда-то я играл в хоккей с мячом в команде „Рассвет“: выступал за цех, в котором работал, на первенстве завода. Совмещать труд и соревнования — давняя добрая традиция. Профессия горняка требует и мужества, и сил, и смелости, и спорт это всё развивает, равно как и наоборот — эти качества нужны для победы на поле», — рассказал Александр Тарханов.
Игры 1/2 финала Чемпионата СУЭК по мини-футболу, а также матчи за 3-е и 1-е место пройдут на Центральном стадионе Красноярска (ул. Остров Отдыха, 15а) в пятницу, 14 июня с 10:00 до 13:00. Торжественная церемония награждения в 13:30. Вход на игры свободный.]]></text>
</doc>
