<?xml version='1.0' encoding='UTF-8'?>
<doc>
  <source><![CDATA[https://newslab.ru/news/902606]]></source>
  <category verify="true" type="str" auto="true"><![CDATA[Новости]]></category>
  <title verify="true" type="str" auto="true"><![CDATA[Зеленогорский ЭХЗ поддержал регбистов сборной команды «Восток»]]></title>
  <keywords verify="true" type="list" auto="true">
    <item type="str"><![CDATA[Новости]]></item>
    <item type="str"><![CDATA[Общество]]></item>
    <item type="str"><![CDATA[В Красноярском крае]]></item>
  </keywords>
  <text verify="true" type="str" auto="true"><![CDATA[В Зеленогорске на стадионе «Труд» состоялся турнир по регби «Открытие сезона», посвященный Дню защиты детей. В соревнованиях приняли участие девушки и юноши 2006-2007 г. р. восточной части Красноярского края, из Зеленогорска, Канска и Ирбея. Мероприятие состоялось благодаря спонсорской поддержке АО «ПО «Электрохимический завод» (входит в Топливную компанию Росатома «ТВЭЛ»).
По словам тренера зеленогорской команды «Саяны» Александра Белошедова, главная цель турнира — выявить лучших игроков, которые войдут в состав сборной команды «Восток» для участия в официальных краевых соревнованиях. Турнир показал, что в сборной команде не последние места займут канские девушки, которые играют не только умно, но и жестко. Есть интересные игроки и в Зеленогорске.
Соревнования прошли по формату 8*8 (два тайма по 10 минут). Основной задачей игроков на поле являлось зарабатывание очков путём заноса мяча в зачётную зону соперника. Ворота не выставлялись. В итоге победителем стала команда Ирбея, на втором месте Канск, на третьем — Зеленогорск.
В ближайшей перспективе у восточных соседей проведение совместных тренировочных сборов и наигрывание состава. Сборная команда будет целенаправленно готовится к XV международному турниру на Кубок главы Красноярска «Будущие звезды овального мяча», который пройдет в начале сентября.
На турнир пришли не так много болельщиков, но накал борьбы им понравился. «Можно смело предположить, что детское регби может прижиться в городе. Тем более есть куда расти. Под боком Красноярск, где базируются две сильнейшие команды страны — „Красный Яр“ и „Енисей-СТМ“», — уточнили организаторы.]]></text>
</doc>
