<?xml version='1.0' encoding='UTF-8'?>
<doc>
  <source><![CDATA[https://newslab.ru/news/904021]]></source>
  <category verify="true" type="str" auto="true"><![CDATA[Новости]]></category>
  <title verify="true" type="str" auto="true"><![CDATA[Больше суток ушло на ликвидацию крупного пожара на промбазе с лесом в Богучанском районе]]></title>
  <keywords verify="true" type="list" auto="true">
    <item type="str"><![CDATA[Новости]]></item>
    <item type="str"><![CDATA[Происшествия]]></item>
    <item type="str"><![CDATA[В Красноярском крае]]></item>
  </keywords>
  <text verify="true" type="str" auto="true"><![CDATA[Предыстория: «Все в норме!»: специалисты проверили воздух в Богучанском районе, где больше суток полыхала промбаза
ГУ МЧС по Красноярскому краю сообщило о ликвидации пожара в Богучанском районе, где в ночь на среду загорелся штабель леса.
Все случилось в поселке Таёжный. Огонь вспыхнул в час ночи 12 июня. В 4:30 утра того же дня пожар локализовали, а ликвидировали лишь спустя сутки — только в 5 часов утра 13 июня. На тушение привлекалось 40 человек и 19 единиц техники.
Как ранее сообщалось, сначала была угроза перехода огня на жилой поселок (ближайшие дома располагаются всего в 500 метрах от промбазы), но пожарным удалось защитить строения.
Жертв и пострадавших нет.
Предыстория: В Богучанском районе из-за пожара на базе с лесом чуть не сгорел жилой поселок]]></text>
</doc>
