<?xml version='1.0' encoding='UTF-8'?>
<doc>
  <source><![CDATA[https://newslab.ru/news/904710]]></source>
  <category verify="true" type="str" auto="true"><![CDATA[Новости]]></category>
  <title verify="true" type="str" auto="true"><![CDATA[«Не жалейте малышей, опасность исходит от человека!»: жителей края просят не уносить птенцов из нацпарка]]></title>
  <keywords verify="true" type="list" auto="true">
    <item type="str"><![CDATA[Новости]]></item>
    <item type="str"><![CDATA[Общество]]></item>
    <item type="str"><![CDATA[В Красноярском крае]]></item>
  </keywords>
  <text verify="true" type="str" auto="true"><![CDATA[На юге Красноярского края, в национальном парке «Шушенский бор», у птиц наступило время появления слетков. Администрация парка просит посетителей не беспокоить их своим вниманием, не помогать им и не уносить домой.
У пернатых в Перовском лесничестве нацпарка начался «сложный и беспокойный период»: птенцы мухоловок, дроздов и многих других видов птиц подросли, и пытаются поскорее покинуть гнездо. «Пока еще малыши не готовы к самостоятельной жизни, но подобно тому, как ребенок делает первые шаги, пернатая кроха совершает первые взмахи крыльев, взлетает на соседние к дому ветки, а со временем и спускается на землю. Некоторые слетки на земле становятся легкой добычей хищников, но для большинства опасность лишь стимулирует заложенный самой природой навык», — пояснили сотрудники парка.
Сотрудница «Шушенского бора» Элинор Пэйт сфотографировала птенца дрозда рябинника, который сначала мирно сидел в гнезде, дожидаясь родителей, а затем «неуверенно встал на самый край, опустился на соседние ветки березы и спикировал на землю». Заметив человека, он поспешил укрыться в густой траве.
Орнитологи уверены, что в такие моменты важно ему не мешать и не докучать беспокойством о дальнейшей судьбе птичьего малыша. «Он обязательно взлетит — пусть и не с первой попытки, если не пытаться ему „помочь“. Поскольку национальный парк „Шушенский бор“ находится в непосредственной близости от населенных пунктов, птенцам грозит опасность пострадать не от хищников, а от рук человека. Слеток выглядит трогательно и беспомощно, поэтому некоторые добросердечные посетители парка решают, что он случайно выпал из гнезда, и несут его домой! Биологи призывают не делать этого. Если птенец находится в безопасном месте (не посреди проезжей части), не имеет травм и ранений, убегает от вас или пытается спрятаться, значит, с ним все в порядке, и не нужно его жалеть. Родители улетели добывать пропитание, но они вернутся и накормят его. Вмешательство в естественные процессы ведет к нарушению баланса в экосистемах, а дикие птицы нужны в природе, где они занимают важную экологическую нишу», — предупредили орнитологи.]]></text>
</doc>
