<?xml version='1.0' encoding='UTF-8'?>
<doc>
  <source><![CDATA[https://newslab.ru/news/903730]]></source>
  <category verify="true" type="str" auto="true"><![CDATA[Новости]]></category>
  <title verify="true" type="str" auto="true"><![CDATA[В Красноярском крае начальник лесничества может 4 года провести в тюрьме за «выдуманных» подчинённых]]></title>
  <keywords verify="true" type="list" auto="true">
    <item type="str"><![CDATA[Новости]]></item>
    <item type="str"><![CDATA[Происшествия]]></item>
    <item type="str"><![CDATA[В Красноярском крае]]></item>
  </keywords>
  <text verify="true" type="str" auto="true"><![CDATA[Следователи собрали все доказательства по делу фиктивного трудоустройства на предприятии «Таймырское лесничество» на севере Красноярского края. В махинациях подозревают бывшего руководителя учреждения, сообщили в краевом следственном управлении Следственного комитета.
Установлено, что в период с июля по октябрь 2016 года руководитель краевого бюджетного предприятия фиктивно устроил туда своего знакомого на должность лесничего. Зарплату за него злоумышленник присвоил себе.
«Трудовые обязанности за фиктивно трудоустроенного лесничего выполняли другие лица из числа работников учреждения. В связи с неправомерными действиями обвиняемого Министерству лесного хозяйства Красноярского края причинен материальный ущерб в размере около 84 тысяч рублей», — поделились информацией следователи.
Обвиняемый полностью признал свою вину. Дело с утвержденным обвинительным заключением направили в суд для рассмотрения по существу. По части 1 статьи 285 УК РФ (злоупотребление должностными полномочиями) ему грозит лишение свободы на срок до 4 лет.
Известно, что ранее обвиняемый уже был осужден за аналогичное преступление.]]></text>
</doc>
