<?xml version='1.0' encoding='UTF-8'?>
<doc>
  <source><![CDATA[https://newslab.ru/news/904100]]></source>
  <category verify="true" type="str" auto="true"><![CDATA[Новости]]></category>
  <title verify="true" type="str" auto="true"><![CDATA[На Шахтеров запретят прямые повороты налево]]></title>
  <keywords verify="true" type="list" auto="true">
    <item type="str"><![CDATA[Новости]]></item>
    <item type="str"><![CDATA[Общество]]></item>
    <item type="str"><![CDATA[В Красноярском крае]]></item>
  </keywords>
  <text verify="true" type="str" auto="true"><![CDATA[В Красноярске на улице Шахтеров изменят схему движения. Как рассказали в администрации, там запретят прямые левые повороты. Вместо них появятся так называемые «отнесённые левые повороты».
Так, улицу Спандаряна сделают односторонней — с нее автомобилисты смогут поворачивать на Березина. А прямой поворот с Шахтеров на Березина закроют.
В обратном направлении схема будет работать на узле Шахтеров — Мужества — Березина (с Шахтеров нельзя будет повернуть на Взлетную).
По мнению инспекторов, нововведение позволит существенно снизить аварийность на улице Шахтёров. Кроме того, будет предотвращаться скопление транспорта перед перекрёстками.
«Мы постарались оценить трафик, который есть, и спрогнозировать организацию движения. Нам пространства на Шахтёров, действительно, не хватает. Получается в часы пик резкий скачок ДТП на перекрёстке Березина и Шахтёров. Отнесённый левый поворот исключит транспортные потоки, которые застаиваются на улице Шахтёров», — прокомментировал завкафедрой «Автомобильных дорог и городских сооружений» Вадим Серватинский.
Когда точно заработает новая схема движения, пока неизвестно.
Кроме того, улицу Спандаряна отремонтируют в рамках федерального проекта «Безопасные и качественные дороги». Там поменяют асфальт, высадят газоны и оборудуют тротуары. Основную часть работ планируют завершить не позднее 31 августа.
Вы можете рассказать о новой схеме движения, нажав кнопку «Поделиться в соцсетях»:]]></text>
</doc>
