<?xml version='1.0' encoding='UTF-8'?>
<doc>
  <source><![CDATA[https://newslab.ru/news/905361]]></source>
  <category verify="true" type="str" auto="true"><![CDATA[Новости]]></category>
  <title verify="true" type="str" auto="true"><![CDATA[Самое интересное в Красноярске за 20 июня: сомнения хитрых чиновников, новые правила для выделенок и звонок Путину]]></title>
  <keywords verify="true" type="list" auto="true">
    <item type="str"><![CDATA[Новости]]></item>
    <item type="str"><![CDATA[Общество]]></item>
    <item type="str"><![CDATA[В Красноярском крае]]></item>
  </keywords>
  <text verify="true" type="str" auto="true"><![CDATA[После того, как для строительства крематория выбрали проект, мэрия опять не может разобраться, как его воплощать. Сроки «плавают», эскизы нужно дорабатывать, место размещения тоже под сомнением.
С застройкой исторического центра Красноярска, казалось бы, тоже уже разобрались, но прокуратура нашла нарушения. Городских чиновников заставили быть внимательней к мнению горожан.
Через пару дней в Красноярске введут новый режим работы выделенных полос. Изменения распространяются на дороги Советского района.
Городовые назвали позорным популярный дискаунтер Красноярска. Он портит облик улицы.
В Красноярске пьяная компания уничтожила Делимобиль. Этот сервис проката авто в городе просто преследует неудача. А таксистов преследуют полицейские — недавно поймали ещё несколько водителей без лицензии.
На «прямую линию» Владимира Путина дозвонилась красноярка и пожаловалась на застройку Солнечного. Президент заставил Александра Усса доехать до микрорайона и во всём разобраться.
«За все удобства они платят свободой»: мы побывали в единственной в Красноярске женской колонии и рассказываем вам, как там всё устроено. Кстати, в колонии есть Дом ребёнка для малышей осужденных со своей молочной кухней. А женщины трудятся на пищевом производстве, в швейном цеху и на мини-заводе газировки. Но это всё обычный распорядок, а у каждой заключённой своя «история ошибки».]]></text>
</doc>
