<?xml version='1.0' encoding='UTF-8'?>
<doc>
  <source><![CDATA[https://newslab.ru/news/904396]]></source>
  <category verify="true" type="str" auto="true"><![CDATA[Новости]]></category>
  <title verify="true" type="str" auto="true"><![CDATA[В Красноярске официально открыли первый пляж. Его признали безопасным]]></title>
  <keywords verify="true" type="list" auto="true">
    <item type="str"><![CDATA[Новости]]></item>
    <item type="str"><![CDATA[Общество]]></item>
    <item type="str"><![CDATA[В Красноярском крае]]></item>
  </keywords>
  <text verify="true" type="str" auto="true"><![CDATA[На территории Красноярского края открыли еще несколько пляжей, сообщили в пресс-службе ГУ МЧС региона. На сегодняшний день инспекторы ГИМС проверили и допустили к эксплуатации 8 официальных пляжей из 27 запланированных:
«Ежедневно сотрудники ГИМС совместно со спасателями, представителями полиции и районной администрации патрулируют несанкционированные места отдыха горожан в целях предотвращения гибели людей на водных объектах. С отдыхающими проводят беседы и выдают памятки, в которых описаны правила поведения на воде, а также, что нужно делать в случае опасности, и какие меры предпринять, если вы оказались очевидцем того, как тонет человек», — рассказали в МЧС.
Напомним, купание разрешено только на территории официально открытых пляжей, которые должны быть оборудованы спасательными станциями, теневыми грибками, скамейками, солнечными тентами, средствами спасения, медикаментами, плавсредствами и телефонной связью. Дно водоемов должны обследовать водолазы и убрать оттуда опасный мусор. Сам водоем должен быть огражден специальными буйками, отмечающими границы зоны заплыва. На территории пляжей должны стоять информационные стенды, буи, кабинки для переодевания и урны.
Подробную информацию об открытых пляжах, контакты их собственников, телефоны инспекторов, отвечающих за территорию, и о всех местах, запрещенных для купания, можно узнать на сайте МЧС.
Вы можете рассказать об открытых пляжах друзьям и знакомым, нажав кнопку «Поделиться в соцсетях»:]]></text>
</doc>
