<?xml version='1.0' encoding='UTF-8'?>
<doc>
  <source><![CDATA[https://newslab.ru/news/902564]]></source>
  <category verify="true" type="str" auto="true"><![CDATA[Новости]]></category>
  <title verify="true" type="str" auto="true"><![CDATA[К Красноярску подбирается 30-градусная жара]]></title>
  <keywords verify="true" type="list" auto="true">
    <item type="str"><![CDATA[Новости]]></item>
    <item type="str"><![CDATA[Общество]]></item>
    <item type="str"><![CDATA[В Сибири]]></item>
    <item type="str"><![CDATA[В Красноярском крае]]></item>
    <item type="str"><![CDATA[Хакасия]]></item>
  </keywords>
  <text verify="true" type="str" auto="true"><![CDATA[С 5 июня в Красноярске установятся летние температуры. Синоптики обещают теплую погоду и по ночам.
Сегодня в краевой столице ожидается небольшая облачность, обойдется без осадков. Северо-восточный ветер будет дуть со скоростью 4-9 м/с. Температура воздуха составит 24... 26 °C. Такие метеоусловия будут способствовать кратковременному накоплению загрязняющих веществ в атмосфере, прогнозируется «повышенное загрязнение».
6 и 7 июня Гидрометцентр РФ обещает красноярцам 27... 28 °C днем и 13... 14 °C ночью. А Gismeteo прогнозирует в два полусредних рабочих дня до 31 °C в светлое время суток и до 17... 19 °C — в темное.
По данным синоптиков, во второй половине недели антициклон покинет южные районы Красноярского края и Хакасию, где с 3 по 5 июня отмечались заморозки от −1 до −3 °C.
Согласно предварительным данным, на выходных в Красноярске пройдут дожди и прогремят грозы, а уличные термометры будут показывать 24... 28 °C. На следующей неделе температура продолжит понижаться.]]></text>
</doc>
