<?xml version='1.0' encoding='UTF-8'?>
<doc>
  <source><![CDATA[https://newslab.ru/news/904755]]></source>
  <category verify="true" type="str" auto="true"><![CDATA[Новости]]></category>
  <title verify="true" type="str" auto="true"><![CDATA[В Кемерово строитель погиб от удара молнии]]></title>
  <keywords verify="true" type="list" auto="true">
    <item type="str"><![CDATA[Новости]]></item>
    <item type="str"><![CDATA[Происшествия]]></item>
    <item type="str"><![CDATA[В Сибири]]></item>
  </keywords>
  <text verify="true" type="str" auto="true"><![CDATA[38-летний мужчина скончался от удара молнии в городе Кемерово. Его тело обнаружили около места, где в настоящее время строится Президентское кадетское училище (проспект Московский), уточняет местное издание Vse42.ru. Трагедия произошла 14 июня, но известно о ней стало только сейчас.
По одной из версий, мужчина, работавший прорабом на стройке, мог погибнуть от удара молнии. При осмотре на его теле и одежде эксперты обнаружили соответствующие следы. Сейчас правоохранительные органы продолжают выяснять другие обстоятельства трагедии.
Похожий случай днем ранее случился под Новосибирском. 13 июня разряд молнии убил 17-летнюю девушку в Колыванском районе области, когда та возвращалась домой со школы.]]></text>
</doc>
