<?xml version='1.0' encoding='UTF-8'?>
<doc>
  <source><![CDATA[https://newslab.ru/news/905090]]></source>
  <category verify="true" type="str" auto="true"><![CDATA[Новости]]></category>
  <title verify="true" type="str" auto="true"><![CDATA[Голая девушка проехалась на байке по красноярским дорогам (видео)]]></title>
  <keywords verify="true" type="list" auto="true">
    <item type="str"><![CDATA[Новости]]></item>
    <item type="str"><![CDATA[Общество]]></item>
    <item type="str"><![CDATA[В Красноярском крае]]></item>
  </keywords>
  <text verify="true" type="str" auto="true"><![CDATA[В Красноярске на дороге засняли обнаженную девушку на мотоцикле.
Видео опубликовали горожане в социальных сетях. На нем видно, как колонна байкеров останавливается на светофоре. За спиной одного из мотоциклистов сидит по пояс раздетая девушка. Очевидцы рассказали, что все происходит в Советском районе на улице Молокова.
Лица девушки не видно, так как на голове у нее защитный шлем с тонированным стеклом. На светофоре она активно делала селфи, прикрываясь рукой. Правил дорожного движения девушка не нарушает, но, возможно, ее могут привлечь за хулиганство. 
У проезжающих мимо водителей, судя по комментариям, необычная пассажирка вызвала одобрение и положительные эмоции.]]></text>
</doc>
