<?xml version='1.0' encoding='UTF-8'?>
<doc>
  <source><![CDATA[https://newslab.ru/news/902925]]></source>
  <category verify="true" type="str" auto="true"><![CDATA[Новости]]></category>
  <title verify="true" type="str" auto="true"><![CDATA[«Норникель», IBM и МФТИ будут готовить блокчейн-специалистов]]></title>
  <keywords verify="true" type="list" auto="true">
    <item type="str"><![CDATA[Новости]]></item>
    <item type="str"><![CDATA[Экономика]]></item>
    <item type="str"><![CDATA[В России]]></item>
  </keywords>
  <text verify="true" type="str" auto="true"><![CDATA[Московский физико-технический институт (МФТИ), компания «Норникель» и IBM заключили соглашение по созданию в Москве (на базе МФТИ) Центра компетенций для проведения научных исследований, подготовки специалистов в области разработки цифровых технологий для горнорудной отрасли с использованием открытого программного обеспечения и специализированных решений. Соглашение подписано 6 июня в ходе проходящего Петербургского международного экономического форума.
Подписи под документом поставили Сергей Батехин, старший вице-президент, руководитель блока сбыта, ресурсного обеспечения и инновационного развития «Норникеля», Ирис Джеба, генеральный директор IBM в России и странах СНГ, Николай Кудрявцев, ректор Московского физико-технического института.
Центр займется обучением студентов, исследованиями и созданием цифровых экосистем, освоением эффективных практик использования информационных технологий в областях «блокчейн», «интернет вещей», «системы оптимизации». Центр компетенций будет также работать над решением прикладных задач горнорудной отрасли.
Для реализации проекта МФТИ подготовит и запустит магистерские и аспирантские программы. Магистерская программа по направлению «Блокчейн» будет запущена уже осенью 2019 года, учебные планы для нее подготовлены, МФТИ готовится к приему студентов. Учебное заведение также сформирует демонстрационную площадку, включая вычислительные мощности для проведения учебных и научных мероприятий Центра по тематике «Норникеля», обеспечит создание прототипов для горнорудной отрасли на основе решений IBM. В магистерской программе предполагаются следующие дисциплины: «Введение в блокчейн (DLT)», «Криптография», «Теория игр», «Обзор блокчейн-платформы Graphene», «Блокчейн-платформа Ethereum», «Блокчейн-конструктор Hyperledger Fabric» и «Токеномика».
«Норникель» не только обеспечит выплату стипендий студентам и аспирантам совместной программы, но и предоставит в распоряжение Центра свои производственные площадки для отработки решений и проведения исследовательских работ.
«Наша компания значительное внимание уделяет подготовке кадров, а сегодня, в век, когда большие вызовы стоят перед индустриальными компаниями, когда мир меняется, когда цифровые технологии развиваются, главный вопрос, конечно, подготовка кадров. Поэтому то событие, которое сегодня свершилось, нацелено на то, чтобы было создано условие для подготовки кадров, для новых технологий, цифровых технологий, которые будут в дальнейшем использоваться компанией „Норникель“ вместе с партнерами. Будет подготовлена магистерская программа на базе известного ведущего российского вуза — Московского физико-технического института, различные дисциплины будут обучаться студенты, это и вопросы теории криптобирж, стейблкоина, платформы токенезации, сопутствующие сервисы. Все эти программы позволят готовить студентов в соответствии с современными вызовами и позволят нам как компании „Норникель“ иметь задел среди студентов молодых, которые дальше могут идти на работу в „Норильский никель“ и способствовать развитию и повышению эффективности нашей компании», — отметил старший вице-президент, руководитель блока сбыта, ресурсного обеспечения и инновационного развития «Норникеля» Сергей Батехин на подписании соглашения с Московским физико-техническим институтом (МФТИ) и корпорации IBM.
«Мы думаем, что создание платформ, на которых токенизируются товары и услуги, в частности нашей компании, способствует расширению возможностей широкого круга инвесторов, в том числе и неквалифицированных инвесторов, получить доступ к активам, за которыми стоят реальные ценности, и соответственно избежать различного рода неприятных ощущений от неквалифицированного и мошеннического поведения, что на наш взгляд очень важно и над чем мы готовы работать с регуляторами. Для нас также очень важно включение в периметр нашего сотрудничества академического института, который мог бы нам помочь и с подготовкой кадров и подпитать нас определенными идеями», — уточнил в приветственной речи президент «Норникеля» Владимир Потанин.
Наряду с изучением различных платформ и глубокой теоретической подготовкой в области математической теории, студенты и аспиранты получат знания и опыт по диверсифицированному применению блокчейн-технологий, о деятельности криптобирж, стейблкойнах, платформах токенизации, сопутствующих сервисах — Custody, KYC/AML, крипто-деривативах и роботизированной торговле на криптобиржах.
«Блокчейн, искусственный интеллект и облачные технологии позволяют строить бизнес будущего уже сегодня. В арсенале IBM — несколько сотен проектов по всему миру, связанных с внедрением блокчейна, в том числе и в России. Спрос на эту технологию будет только расти, поэтому уже сейчас нужно готовить специалистов с необходимыми знаниями и навыками, объединяя наши усилия с такими ведущими компаниями и университетами как „Норникель“ и Физтех», — сказала Ирис Джеба, генеральный директор IBM в России и странах СНГ.
«МФТИ является ведущим техническим вузом страны с традиционно сильной подготовкой в области естественных и инженерных наук. У нас есть хорошие заделы и инфраструктура для создания передовых междисциплинарных центров и образовательных программ. Совместно с такими мировыми гигантами как IBM и Норникель мы открываем центр компетенций и магистерскую программу по направлению „Блокчейн“. Ведущие компании мира заинтересованы в развитии этой технологии, а Физтех готовит высококлассных специалистов, воплощающих инновации в жизнь», — прокомментировал ректор МФТИ Николай Кудрявцев.]]></text>
</doc>
