<?xml version='1.0' encoding='UTF-8'?>
<doc>
  <source><![CDATA[https://newslab.ru/news/903656]]></source>
  <category verify="true" type="str" auto="true"><![CDATA[Новости]]></category>
  <title verify="true" type="str" auto="true"><![CDATA[В Октябрьском районе Красноярска воришка залез в открытое окно квартиры и украл документы хозяев]]></title>
  <keywords verify="true" type="list" auto="true">
    <item type="str"><![CDATA[Новости]]></item>
    <item type="str"><![CDATA[Происшествия]]></item>
    <item type="str"><![CDATA[В Красноярском крае]]></item>
  </keywords>
  <text verify="true" type="str" auto="true"><![CDATA[В Красноярске вор-форточник оставил 52-летнего мужчину без документов и золотых колец, рассказали в пресс-службе городской полиции.
Накануне в дежурную часть отдела полиции Октябрьского района обратился 52-летний мужчина с заявлением о краже. Красноярец рассказал, что он живет на первом этаже. Ночью он решил оставить одно из окон открытым, чтобы проветрить помещение, а утром обнаружил исчезновение документов и двух золотых колец на общую сумму в 30 тысяч рублей.
Полицейские уже возбудили уголовное дело о краже и начали искать злоумышленника. Жителям первых этажей и частных домов стражи порядка советуют установить на окна и балконы решетки, а также не оставлять окна открытыми на ночь.]]></text>
</doc>
