<?xml version='1.0' encoding='UTF-8'?>
<doc>
  <source><![CDATA[https://newslab.ru/news/902572]]></source>
  <category verify="true" type="str" auto="true"><![CDATA[Новости]]></category>
  <title verify="true" type="str" auto="true"><![CDATA[Красноярцы смогут купить билеты на самые популярные поезда со скидкой 50 %]]></title>
  <keywords verify="true" type="list" auto="true">
    <item type="str"><![CDATA[Новости]]></item>
    <item type="str"><![CDATA[Общество]]></item>
    <item type="str"><![CDATA[В Красноярском крае]]></item>
  </keywords>
  <text verify="true" type="str" auto="true"><![CDATA[Пассажиры Красноярской магистрали смогут купить билеты за полцены на верхние места купейных вагонов поездов дальнего следования, курсирующих на популярных направлениях Красноярск — Абакан — Красноярск, Абакан — Новосибирск — Абакан, Красноярск — Новосибирск — Красноярск, сообщили в пресс-службе КрасЖД.
Льгота предоставляется по акции АО «Федеральная пассажирская компания» (дочернее общество ОАО «РЖД») «Июльские скидки». 50 % скидка действует на проезд на верхние места в вагонах купе поездов № 124 Красноярск — Абакан — Красноярск, № 113Н/114Н Абакан — Новосибирск — Абакан, № 105Ы/106Ы Красноярск — Новосибирск — Красноярск с датами отправления с 1 по 15 июля 2019 года.
Приобрести билет со скидкой можно до 13 июня в кассах железнодорожных вокзалов и агентств, на официальном сайте ОАО «РЖД», а также с помощью мобильного приложения «РЖД Пассажирам». Уточнить информацию о графике движения и других действующих акциях можно на сайте ОАО «РЖД» и по телефону 8-800-775-00-00.]]></text>
</doc>
