<?xml version='1.0' encoding='UTF-8'?>
<doc>
  <source><![CDATA[https://newslab.ru/news/904713]]></source>
  <category verify="true" type="str" auto="true"><![CDATA[Новости]]></category>
  <title verify="true" type="str" auto="true"><![CDATA[В Красноярске с Коммунального моста прыгнул мужчина. Он выжил и попал в больницу]]></title>
  <keywords verify="true" type="list" auto="true">
    <item type="str"><![CDATA[Новости]]></item>
    <item type="str"><![CDATA[Происшествия]]></item>
    <item type="str"><![CDATA[В Красноярском крае]]></item>
  </keywords>
  <text verify="true" type="str" auto="true"><![CDATA[С красноярского Коммунального моста в Енисей спрыгнул мужчина. Информация об этом опубликована в ежедневной сводке краевого учреждения «Спасатель».
Произошло это днем 16 июня. Для прыжка мужчина выбрал ту часть моста, которая находится над основным руслом реки. Спасатели сообщили, что подобрали его из воды живым, а затем доставили в расположение отряда. Врачи скорой помощи осмотрели мужчину и забрали в больницу.
Всего за воскресенье в Красноярском крае спасатели 5 раз выезжали на ликвидацию происшествий на воде. В Ачинске они помогли неосторожному пловцу, который чуть не утонул в Чулыме, так как не мог выбраться на высокий берег. В Канске очевидцы сообщили о том, что на реке перевернулась лодка с людьми, но все отдыхающие сумели выплыть без посторонней помощи.
Еще в двух случаях спасателям пришлось искать погибших людей. Так в Минусинском районе в озере около села Шошино они подняли из воды тело неустановленной женщины. В Богучанском районе водолазам пока не удалось найти мужчину, который утонул 14 июня в Чуне.]]></text>
</doc>
