<?xml version='1.0' encoding='UTF-8'?>
<doc>
  <source><![CDATA[https://newslab.ru/news/902647]]></source>
  <category verify="true" type="str" auto="true"><![CDATA[Новости]]></category>
  <title verify="true" type="str" auto="true"><![CDATA[Красноярцев просят высказаться о запрете каршеринга для злостных нарушителей ПДД]]></title>
  <keywords verify="true" type="list" auto="true">
    <item type="str"><![CDATA[Новости]]></item>
    <item type="str"><![CDATA[Общество]]></item>
    <item type="str"><![CDATA[В Красноярском крае]]></item>
  </keywords>
  <text verify="true" type="str" auto="true"><![CDATA[Жителей Красноярска и края просят высказать мнение о том, стоит ли запрещать злостным нарушителям Правил дорожного движения пользоваться каршерингом. Опрос стартовал на сайте Законодательного Собрания.
В ГИБДД рассматривают вопрос о создании единой базы злостных нарушителей правил дорожного движения для каршеринговых компаний. Она позволит проверять будущих клиентов — были ли они когда-либо лишены прав и как часто нарушают ПДД.
Каршеринг — аренда авто у профильных компаний — появился в Красноярске осенью прошлого года. За это время произошли десятки ДТП с участием делимобилей. Автоинспекторы задерживали за рулем арендованной машины водителей, находящихся в состоянии алкогольного и наркотического опьянения.
Некоторые из нарушителей считают, что штраф на одолженную машину их просто не найдет. Другие действуют по принципу: «чужого не жалко». Но большинство попадают в проблемные ситуации по неопытности и из-за отсутствия практики вождения.
Парламентарии решили выяснить, что по этому поводу думают красноярцы и попросили их поделиться мнением. На вопрос «Как вы считаете, что нужно сделать, чтобы изменить ситуацию?», красноярцам предлагают несколько вариантов ответа:
Опрос «Что делать с каршерингом?»
Сбор мнений продлится с 5 по 14 июня.]]></text>
</doc>
