<?xml version='1.0' encoding='UTF-8'?>
<doc>
  <source><![CDATA[https://newslab.ru/news/902566]]></source>
  <category verify="true" type="str" auto="true"><![CDATA[Новости]]></category>
  <title verify="true" type="str" auto="true"><![CDATA[Отдаленные районы и центр Красноярска предложили соединить троллейбусным маршрутом]]></title>
  <keywords verify="true" type="list" auto="true">
    <item type="str"><![CDATA[Новости]]></item>
    <item type="str"><![CDATA[Общество]]></item>
    <item type="str"><![CDATA[В Красноярском крае]]></item>
  </keywords>
  <text verify="true" type="str" auto="true"><![CDATA[Уже в следующем 2020 году в Красноярске может появиться магистральный экологический троллейбусный маршрут, сообщили в мэрии.
Предложение разработали в департаменте транспорта в рамках развития пассажирских перевозок в ближайшие пять лет.
«Магистральный маршрут — это самый протяженный, но быстрый и прямой маршрут города. Его задача — соединить отдаленные районы и центр города. Он пройдет по всему левому берегу Красноярска. Введение выделенных полос на всем протяжении пути нового маршрута существенно увеличит скорость движения транспорта и, соответственно, сократит время ожидания и передвижения пассажира. Интервал движения на маршруте будет минимальным, от 5 до 10 минут», — отметил заместитель руководителя департамента транспорта Виталий Чеусов.
Для нового маршрута хотят закупить троллейбусы с автономным ходом на 20 км, они могут питаться от контактной сети в центре города и работать в режиме обычного автобуса на остальной части маршрута.
Кроме маршрута, а дептрансе запланировали изменение схем движения автобусов в микрорайонах «Тихие зори», «Покровский», «Мясокомбинат», «Образцово». В 2021-23 годах маршрутная схема изменится в Свердловском районе.
«Реализация всех планов и мероприятий возможна только при условии достаточного финансирования из бюджетов всех уровней, а также привлечения инвестиционных средств», — отметили в городской администрации.
Предыстория: На Октябрьский и Коммунальные мосты Красноярска собираются вернуть трамваи]]></text>
</doc>
