<?xml version='1.0' encoding='UTF-8'?>
<doc>
  <source><![CDATA[https://newslab.ru/news/904899]]></source>
  <category verify="true" type="str" auto="true"><![CDATA[Новости]]></category>
  <title verify="true" type="str" auto="true"><![CDATA[«Варварски выкопали»: красноярцы похитили цветы с клумб в сквере на Конституции]]></title>
  <keywords verify="true" type="list" auto="true">
    <item type="str"><![CDATA[Новости]]></item>
    <item type="str"><![CDATA[Происшествия]]></item>
    <item type="str"><![CDATA[В Красноярском крае]]></item>
  </keywords>
  <text verify="true" type="str" auto="true"><![CDATA[В центре Красноярска на улице Конституции неизвестные злоумышленники выкопали все цветы, которые посадили рядом со «Сказочным городком», сообщили в пресс-службе мэрии.
Около 30 цветущих растений в детском городке на Каче высадили сотрудники «Управления зеленого строительства». Через несколько дней они обнаружили, что цветы кто-то похитил.
«Не успели новые растения прижиться, как неустановленные лица варварски выкопали цветы из земли. Теперь специалистам предстоит восстановить этот участок, высадив растения заново. Но огорчает даже не материальная потеря, а отношение жителей города к работе специалистов», — отметили в пресс-службе.
В комментариях красноярцы напомнили, что уже несколько лет подряд компания «Сибиряк» высаживает в сквере Строителей тюльпаны под защитой металлической решетки. Таким образом озеленители защищают газоны от «дачников», которые часто забирают понравившиеся им растения себе.]]></text>
</doc>
