<?xml version='1.0' encoding='UTF-8'?>
<doc>
  <source><![CDATA[https://newslab.ru/news/903732]]></source>
  <category verify="true" type="str" auto="true"><![CDATA[Новости]]></category>
  <title verify="true" type="str" auto="true"><![CDATA[Уроженец Красноярского края в Калуге получил большой кредит по чужим документам. Поймали при попытке повторить]]></title>
  <keywords verify="true" type="list" auto="true">
    <item type="str"><![CDATA[Новости]]></item>
    <item type="str"><![CDATA[В Красноярском крае]]></item>
  </keywords>
  <text verify="true" type="str" auto="true"><![CDATA[В Калуге уроженец Красноярского края по копии паспорта другого человека взял большой кредит, сообщили в пресс-службе полиции Калужской области.
В марте этого года 47-летний мужчина незаконно получил копию паспорта жителя Калуги, который много раз пользовался услугами онлайн-оформления кредитов. Подделав паспорт и справки о доходах, красноярец пришел в банк и получил кредит на сумму 628 тысяч рублей.
Обман вскрылся в конце мая. Полиция сумела установить личность злоумышленника и поймала его во время попытки оформить кредит по поддельным документам в другом регионе.
В отношении мужчины возбудили уголовное дело по ч. 3 ст. 159 УК РФ за мошенничество. Ему грозит до 6 лет лишения свободы. На время предварительного следствия его поместили под стражу.]]></text>
</doc>
