<?xml version='1.0' encoding='UTF-8'?>
<doc>
  <source><![CDATA[https://newslab.ru/news/904254]]></source>
  <category verify="true" type="str" auto="true"><![CDATA[Новости]]></category>
  <title verify="true" type="str" auto="true"><![CDATA[В асфальт Красноярска вшивают волокна целлюлозы для прочности]]></title>
  <keywords verify="true" type="list" auto="true">
    <item type="str"><![CDATA[Новости]]></item>
    <item type="str"><![CDATA[Общество]]></item>
    <item type="str"><![CDATA[В Красноярском крае]]></item>
  </keywords>
  <text verify="true" type="str" auto="true"><![CDATA[Для повышения прочности нового асфальта на дорогах Красноярска начали применять особые технологии — вшивать волокна целлюлозы в щебёночную смесь. Об этом рассказали в мэрии города.
Новый тип асфальта сейчас укладывают на Мичурина и Глинки. На этих улицах правого берега высокая интенсивность движения транспорта, в том числе большегрузов. Это создаёт серьёзные нагрузки на дорогу. Щебёночно-мастичный асфальтобетон с вшитыми в него волокнами целлюлозы сделают трассу более стойкой. Такой «скелет» дороги выдержит максимально допустимые нагрузки, отмечают дорожники.
Мичурина и Глинки комплексно ремонтируют впервые за 10 лет. Всего в 2019 году в Красноярске приведут в порядок 29 улиц и участков дорог на 565 миллионов рублей. На некоторых объектах проведут работы по снижению аварийности. В настоящий момент ремонт уже идёт на девяти улицах.]]></text>
</doc>
