<?xml version='1.0' encoding='UTF-8'?>
<doc>
  <source><![CDATA[https://newslab.ru/news/904557]]></source>
  <category verify="true" type="str" auto="true"><![CDATA[Новости]]></category>
  <title verify="true" type="str" auto="true"><![CDATA[В Красноярском крае заметили нехватку врачей]]></title>
  <keywords verify="true" type="list" auto="true">
    <item type="str"><![CDATA[Новости]]></item>
    <item type="str"><![CDATA[Общество]]></item>
    <item type="str"><![CDATA[В Красноярском крае]]></item>
  </keywords>
  <text verify="true" type="str" auto="true"><![CDATA[В Красноярском крае не хватает врачей и медицинских работников, сообщили в правительстве региона.
Так, в банках вакансий агентства труда и занятости населения края находится 2,9 тысячи вакансий для специалистов в области здравоохранения. Персонал требуется в 60 территориях, но основная нехватка — именно в городах.
Число «городских» вакансий в 4,5 раза выше, чем «районных».
Так, в медорганизации требуется 1,6 тысячи специалистов высшего уровня (врачи, провизоры, фармацевты). Также в больницах не хватает 1,3 тысячи специалистов среднего уровня — медсестер, фельдшеров, лаборантов и т.д.
«Требуются врачи узкой специализации: врач станции (отделения) скорой и неотложной медицинской помощи, анестезиолог-реаниматолог, врач-терапевт, врач-педиатр, врач-хирург, врач акушер-гинеколог, врач-невролог», — рассказали в агентстве труда и занятости.
В конце прошлой недели красноярские статистики рассказали о средней зарплате, которую получают врачи и медработники в регионе. Про их данным, начисленная зарплата доктора превышает 78 тысяч рублей, среднего медперсонала — 39 тысяч рублей, младшего медперсонала — 38 тысяч рублей. Одновременно с этим, на сайтах по поиску работу заработок, который предлагают работодатели врачам, колеблется от 30 до 50 тысяч рублей.]]></text>
</doc>
