<?xml version='1.0' encoding='UTF-8'?>
<doc>
  <source><![CDATA[https://newslab.ru/news/905545]]></source>
  <category verify="true" type="str" auto="true"><![CDATA[Новости]]></category>
  <title verify="true" type="str" auto="true"><![CDATA[В Красноярске полицейские остановили «Шкоду» за чрезмерную тонировку и случайно выявили подделку VIN номера (видео)]]></title>
  <keywords verify="true" type="list" auto="true">
    <item type="str"><![CDATA[Новости]]></item>
    <item type="str"><![CDATA[Происшествия]]></item>
    <item type="str"><![CDATA[В Красноярском крае]]></item>
  </keywords>
  <text verify="true" type="str" auto="true"><![CDATA[В Красноярске автоинспекторы задержали автомобиль Skoda с признаками подделки идентификационных номеров. Машину доставили на спецстоянку, назначен ряд экспертиз.
Все случилось накануне в микрорайоне Северный. В переулке Светлогорский дорожные полицейские остановили 22-летнего парня на автомобиле «Шкода», которым тот управлял по договору купли-продажи. На передних стеклах авто имелась тонировочная пленка, светопропускаемость которой не соответствовала требованиям безопасности. За это водителя оштрафовали на 500 рублей и выдали требование устранить нарушение, за игнорирование которого ему может грозить арест до 15 суток. Также при проверке стражи порядка установили, что идентификационные номера автомобиля имеют признаки подделки.
Сейчас стражи порядка разыскивают прежнего владельца «Шкоды».
«Данный автомобиль не раз попадал в поле зрения полицейских, в том числе и по видеозаписям в социальных сетях. В настоящий момент устанавливается местонахождение молодого человека, управлявшего этим авто ранее», — пояснили в ГИБДД.]]></text>
</doc>
