<?xml version='1.0' encoding='UTF-8'?>
<doc>
  <source><![CDATA[https://newslab.ru/news/902840]]></source>
  <category verify="true" type="str" auto="true"><![CDATA[Новости]]></category>
  <title verify="true" type="str" auto="true"><![CDATA[На красноярском вантовом мосту появились новые знаки и разметка. Теперь по нему нельзя ездить на велосипеде]]></title>
  <keywords verify="true" type="list" auto="true">
    <item type="str"><![CDATA[Новости]]></item>
    <item type="str"><![CDATA[Спорт]]></item>
    <item type="str"><![CDATA[Общество]]></item>
    <item type="str"><![CDATA[В Красноярском крае]]></item>
  </keywords>
  <text verify="true" type="str" auto="true"><![CDATA[Обновлено 13 июня: На вантовом в Красноярске снова меняют правила для пешеходов и велосипедистов
Обновлено 11 июня: Велосипеды вернули на вантовый мост
Обновлено: Запрет велосипедов на мосту до Татышева разозлил красноярцев: создали петицию
На вантовом Виноградовском мосту в Красноярске восстановили разметку для пешеходов, которую дополнили стрелками по направлению движения, а также разделительной полосой. Работы провели сегодня, 6 июня, сообщили в мэрии.
Сейчас на переправе устанавливают дорожные знаки «Пешеходная зона» и «Движение на велосипеде запрещено».
«При этом горожане могут перевозить велосипед рядом с собой. Такое решение принято в связи с многочисленными жалобами горожан на опасные ситуации с участием велосипедистов и пешеходов», — рассказали в мэрии.
Проезд на велосипеде по Виноградовскому (Вантовому) мосту, запрещен а ещё полторы недели назад к этому же мосту, сделали велодорожку на пр. Мира. Спрашивается, а для чего? #Красноярск
Публикация от Егор Фролов (@egor_frolov) 6 Июн 2019 в 2:47 PDT
Будут ли как-то следить за тем, чтобы велосипедисты не нарушали правила, в мэрии не уточнили.
Напомним, в прошлом году мост закрывали на ремонт. В период с 25 июня по 1 августа 2018 года там восстановили повреждённые металлические ограждения, отремонтировали, покрасили и проварили ванты, а также смонтировали подсветку.
Вы можете рассказать об изменениях на переправе друзьям-велосипедистам, нажав кнопку «Поделиться в соцсетях»:
Продолжение: В Красноярске на глазах у полицейских по закрытому для велосипедов вантовому мосту проехал Lexus (видео)]]></text>
</doc>
