<?xml version='1.0' encoding='UTF-8'?>
<doc>
  <source><![CDATA[https://newslab.ru/news/904215]]></source>
  <category verify="true" type="str" auto="true"><![CDATA[Новости]]></category>
  <title verify="true" type="str" auto="true"><![CDATA[Роспотребнадзор описал признаки опасных интернет-магазинов]]></title>
  <keywords verify="true" type="list" auto="true">
    <item type="str"><![CDATA[Новости]]></item>
    <item type="str"><![CDATA[Происшествия]]></item>
    <item type="str"><![CDATA[Общество]]></item>
  </keywords>
  <text verify="true" type="str" auto="true"><![CDATA[Федеральный Роспотребнадзор создал памятку о том, как не стать жертвой мошенников в интернет магазинах.
Покупатель должен обращать внимание на цены — подозрение вызывают слишком дешёвые товары и услуги. Изобилие акций и наименований с пометками «спешите купить», «количество ограничено» могут также указывать на потенциально опасный интернет-магазин.
Важно проверить наличие на сайте контактной информации. Чрезмерная навязчивость так называемых продавцов, требование предоплаты и запрос копий личных документов (паспорта), невозможность курьерской доставки или самовывоза тоже могут свидетельствовать об опасных намерениях создателей онлайн-сервиса.
Ведомство рекомендует внимательнее подходить к выбору товара, проверять все его характеристики.
Вы можете помочь распространить полезную памятку, нажав кнопку «Поделиться в соцсетях»:]]></text>
</doc>
