<?xml version='1.0' encoding='UTF-8'?>
<doc>
  <source><![CDATA[https://newslab.ru/news/903731]]></source>
  <category verify="true" type="str" auto="true"><![CDATA[Новости]]></category>
  <title verify="true" type="str" auto="true"><![CDATA[В Красноярске впервые пройдет сибирский бизнес-форум]]></title>
  <keywords verify="true" type="list" auto="true">
    <item type="str"><![CDATA[Новости]]></item>
    <item type="str"><![CDATA[Экономика]]></item>
    <item type="str"><![CDATA[В Красноярском крае]]></item>
  </keywords>
  <text verify="true" type="str" auto="true"><![CDATA[С 17 по 19 октября в Красноярске (ул. Авиаторов, 19, МВДЦ «Сибирь») впервые пройдёт Siberian business forum. Участников ждёт обучение у топ-5 федеральных и международных спикеров.
Хедлайнером форума станет всемирно известный тренер Гаррет Джонстон. На своем тренинге «Маркетинг на 360 градусов» (18 октября) он представит прорывные технологии стратегического маркетинга. Слушатели поймут, как усилить компанию, сделать бренд дорогим и увеличить стоимость бизнеса; получат пошаговую «дорожную карту» для роста и развития бизнеса; пересмотрят свою модель бизнеса с учетом мирового опыта, а также получат инструменты и рекомендации, что именно внедрить в свой бизнес уже сейчас.
Кроме того, на форуме выступят российские спикеры (19 октября):
В первый день (17 октября) будет работать сразу шесть тематических тренинговых площадок, на которых проведут бесплатные тренинги и мастер-классы региональные тренеры.
По вопросам участия в форуме и приобретения билетов можно обращаться по телефону: +7 950-984-88-81. Подробная информация о форуме, стоимости тренингов и форма регистрации доступны на сайте мероприятия. Организаторы форума: ВК «Красноярская ярмарка» и консалтинговая компания Talent&Development.
Одновременно с Siberian business forum будут работать форум предпринимательства Сибири и Krasnoyarsk Digital Forum.]]></text>
</doc>
