<?xml version='1.0' encoding='UTF-8'?>
<doc>
  <source><![CDATA[https://newslab.ru/news/904400]]></source>
  <category verify="true" type="str" auto="true"><![CDATA[Новости]]></category>
  <title verify="true" type="str" auto="true"><![CDATA[Красноярским водителям напомнили о запрете разворота на популярной и аварийно-опасной дороге]]></title>
  <keywords verify="true" type="list" auto="true">
    <item type="str"><![CDATA[Новости]]></item>
    <item type="str"><![CDATA[Происшествия]]></item>
    <item type="str"><![CDATA[Общество]]></item>
    <item type="str"><![CDATA[В Красноярском крае]]></item>
  </keywords>
  <text verify="true" type="str" auto="true"><![CDATA[Дорожные полицейские напомнили красноярским водителям о знаке 3.19 «Разворот запрещен» на улице Калинина. Он установлен возле дома № 88 «а» (если ехать со стороны ул. Норильской в сторону ул. Брянской).
Как пояснили Newslab в ГИБДД, этот участок дороги является аварийно-опасными. Водители часто нарушают там ПДД и создают пробки, несмотря на запрещающий знак и знаки движения по полосам.
Водителей попросили помнить о запретах и соблюдать правила. «Уважаемые автомобилисты, внимательнее следите за дорожно-знаковой информацией, соблюдайте правила дорожного движения и не создавайте аварийных ситуаций. Разворот в нарушение требований знака 3.19 „Разворот запрещен“ наказывается штрафом в размере до 1,5 тыс. рублей», — призвали в ГИБДД.
В социальных сетях законопослушные водители согласились с полицией, но отметили, что в этом месте следовало бы усовершенствовать организацию дорожного движения.
«А в чём причина разворота там? Может в том, что планировался съезд со 2-ой Брянской на Маерчака (Котельникова) выше, а не в самом низу у кольца, и часть потока уходила бы, разгрузив спуск. А может в том, что нет ветки с виадука на Маерчака и на 1-ую Брянскую. Эх, а очень бы хотелось», — написал один из автомобилистов.]]></text>
</doc>
