<?xml version='1.0' encoding='UTF-8'?>
<doc>
  <source><![CDATA[https://newslab.ru/news/904977]]></source>
  <category verify="true" type="str" auto="true"><![CDATA[Новости]]></category>
  <title verify="true" type="str" auto="true"><![CDATA[Кибермошенники научились подделывать официальные номера банков и пытаются воровать деньги у красноярцев]]></title>
  <keywords verify="true" type="list" auto="true">
    <item type="str"><![CDATA[Новости]]></item>
    <item type="str"><![CDATA[Происшествия]]></item>
    <item type="str"><![CDATA[В Красноярском крае]]></item>
  </keywords>
  <text verify="true" type="str" auto="true"><![CDATA[Кибермошенники научились «подделывать» официальные номера банков, чтобы обманывать доверчивых клиентов, рассказали в красноярском отделении Сибирского управления Банка России.
В управлении рассказали, что в последнее время мошенники стали использовать специальное программное обеспечение, которое позволяет скрыть настоящий номер звонящего. Собеседник увидит на определителе номер, который заранее ввел в программу злоумышленник, например, официальный номер call-центра банка.
Такой преступник обычно представляется сотрудником кредитной организации, он знает имя собеседника, его дату рождения, номер и срок действия карты. Эти сведения мошенники получают заранее из открытых источников, социальных сетей и с помощью фишинга.
Злоумышленник предупреждает клиента о подозрительной активности, которую служба безопасности банка зафиксировала на его счетах, после чего предлагает человеку выполнить ряд действий. Обычно человека просят сообщить данные карты, пин-код или одноразовый пароль из смс-сообщения. Причем сделать это надо быстро, так как блокировка длится всего несколько минут.
Злоумышленники хорошие психологи, отмечают в отделении Банка России, поэтому звонят ночью, поздно вечером или рано утром, чтобы человек не мог быстро сориентироваться.
При подозрительных звонках из банков сотрудники Центробанка советуют:
В Центробанке отметили, что если клиент сам сообщит преступникам секретную информацию, вернуть деньги через банк не получится.
«Красноярцы, не теряйте бдительности. Вам кажется, что разговаривает сотрудник банка, вы сомневаетесь, колеблетесь, вам неудобно прервать разговор, показаться недоверчивым? Отбросьте сомнения. Как бы правдоподобно не разворачивалась ситуация, прервите разговор, перезвоните в банк сами по номеру, указанному на сайте банка или на вашей карте. Перестраховавшись, вы будете уверены, что разговариваете с сотрудником банка, а не с преступником. Обязательно расскажите об этих правилах своим старшим родственникам, которые наиболее уязвимы в таких ситуациях», — обратился к жителям города управляющий красноярским отделением Банка России Сергей Журавлев.]]></text>
</doc>
