<?xml version='1.0' encoding='UTF-8'?>
<doc>
  <source><![CDATA[https://newslab.ru/news/902805]]></source>
  <category verify="true" type="str" auto="true"><![CDATA[Новости]]></category>
  <title verify="true" type="str" auto="true"><![CDATA[«Резиновый мяч и поход в пиццерию»: красноярские волонтеры рассказали о мечтах детей с тяжелыми заболеваниями]]></title>
  <keywords verify="true" type="list" auto="true">
    <item type="str"><![CDATA[Новости]]></item>
    <item type="str"><![CDATA[Общество]]></item>
    <item type="str"><![CDATA[В Красноярском крае]]></item>
  </keywords>
  <text verify="true" type="str" auto="true"><![CDATA[Красноярский волонтёрский центр «Доброе дело» рассказал о проекте «Дари мечту», который помогает исполнять желания детей с тяжелыми заболеваниями. Ребята написали, что бы они хотели получить, а волонтеры составили из этого большую онлайн-таблицу. Любой желающий может вписать свое имя напротив одного из подарков и исполнить мечту ребенка.
Желания детей разнообразны: кто-то хочет простые игрушки — резиновый мяч, мыльные пузыри, кого-то интересуют развлечения — поход в пиццерию, на кондитерскую фабрику, на объекты Универсиады. Некоторые мечтают о технике — mp3-плеере или мобильном телефоне.
«Проект призван присоединить к добровольчеству как можно больше корпоративных партнёров и, конечно, обратить внимание общественности на тяжелобольных детей и детей с ОВЗ. Сделать жизнь этих детей ярче — наша общая задача», — говорит руководитель отдела добровольчества КВЦ «Доброе дело» Анна Флусова.
Все подробности можно узнать по телефону 220-56-11. Полный список желаний размещен на странице.
Вы можете рассказать о проходящем благотворительном проекте, нажав кнопку «Поделиться в соцсетях»:]]></text>
</doc>
