<?xml version='1.0' encoding='UTF-8'?>
<doc>
  <source><![CDATA[https://newslab.ru/news/903646]]></source>
  <category verify="true" type="str" auto="true"><![CDATA[Новости]]></category>
  <title verify="true" type="str" auto="true"><![CDATA[На вантовый мост после четырех дней запрета вернули велосипеды]]></title>
  <keywords verify="true" type="list" auto="true">
    <item type="str"><![CDATA[Новости]]></item>
    <item type="str"><![CDATA[Общество]]></item>
    <item type="str"><![CDATA[В Красноярском крае]]></item>
  </keywords>
  <text verify="true" type="str" auto="true"><![CDATA[Обновлено: На вантовом в Красноярске снова меняют правила для пешеходов и велосипедистов
Красноярцам разрешили кататься только в середине вантового моста
В Красноярске по вантовому мосту, ведущему на остров Татышев, вновь разрешили ездить велосипедистам. Накануне, 10 июня, на въезде убрали запрещающий знак.
Напомним, проезд для велосипедистов запретили 6 июня — мост сделали полностью пешеходным. Там нанесли специальную желтую разметку, обозначающие направления движения для пешеходов.
В мэрии объяснили решение тем, что от горожан поступают жалобы на опасность движения по вантовому мосту из-за велосипедистов.
У красноярцев запрет вызвал протест — инициативная группа даже создала петицию в интернете. В ней требовали уволить директора «Центра реализации социальных проектов» Максима Бархатова и разрешить движение по вантовому мосту. Петицию подписали более 300 человек.
Предыстория: На красноярском вантовом мосту появились новые знаки и разметка. Теперь по нему нельзя ездить на велосипеде
Запрет велосипедов на мосту до Татышева разозлил красноярцев: создали петицию]]></text>
</doc>
