<?xml version='1.0' encoding='UTF-8'?>
<doc>
  <source><![CDATA[https://newslab.ru/news/902924]]></source>
  <category verify="true" type="str" auto="true"><![CDATA[Новости]]></category>
  <title verify="true" type="str" auto="true"><![CDATA[«Норникель» и SAP будут разрабатывать IT-решения для промышленных отраслей]]></title>
  <keywords verify="true" type="list" auto="true">
    <item type="str"><![CDATA[Новости]]></item>
    <item type="str"><![CDATA[Экономика]]></item>
    <item type="str"><![CDATA[В России]]></item>
  </keywords>
  <text verify="true" type="str" auto="true"><![CDATA[6 июня на Петербургском международном экономическом форуме «Норникель» и SAP (лидер на рынке корпоративных приложений) объявили о старте сотрудничества по разработке IT-решений для промышленных отраслей. «Норникель» будет создавать цифровые продукты с использованием программных решений SAP, которые будут предложены металлургическим и горнодобывающим компаниям по всему миру. Подписи под меморандумом поставили старший вице-президент «Норникеля» Сергей Малышев и генеральный директор SAP CIS Андрей Филатов. Документ был подписан в присутствии президента «Норникеля» Владимира Потанина.
В ходе партнерства планируется создание лаборатории совместных инноваций. На ее базе эксперты двух компаний будут работать над актуальными для отрасли инновационными сценариями. Созданный IT-продукт позволит отслеживать весь процесс транспортировки сырья: от момента добычи до прибытия в цех для его последующей обработки. Потенциальные индустриальные объекты для запуска решения в промышленную эксплуатацию — рудники «Комсомольский», «Таймырский» и «Скалистый» в Заполярном филиале «Норникеля». В будущем, возможно, решения внедрят и на остальных горнодобывающих предприятиях компании.
Еще один планируемый к разработке сценарий поможет промышленным компаниям с помощью машинного зрения обнаруживать засоряющие и нерудные элементы при транспортировке руды на конвейере. Использование модели снизит вероятность попадания нерудных материалов, повреждения и остановки дорогостоящего дробильного оборудования.
Планируется, что разработанные и апробированные сценарии сначала внедрят на предприятиях «Норникеля», а затем предложат российским и международным компаниям горнодобывающей и металлургической отрасли. Созданные программные продукты «Норникель» планирует распространять на территории России и мира как по собственным каналам, так и через прайс-лист SAP.
«Цифровая трансформация» для нас — это, прежде всего, один из инструментов повышения эффективности: повышение производительности труда и снижение издержек. Большинство наших IT-проектов направлено на достижение этих задач; есть уже определенные успехи, они измеряются сотнями миллионов рублей. При этом перед нами не стоит задачи стать IT-компанией. Поэтому было принято решение объединить усилия с SAP, нашим давним партнером и лидером рынка, — сказал Сергей Малышев, старший вице-президент «Норникеля». — Отраслевая экспертиза «Норникеля» и цифровой опыт SAP помогут нам разработать актуальные для рынка цифровые продукты, которые, как мы думаем, будут востребованы промышленными компаниями по всему миру«.
«Сегодня мы все чаще видим, как промышленные гиганты уходят „в цифру“ и создают принципиально новые продукты. В российской металлургической отрасли уже много сильных наработок, которые помогают решать задачи бизнеса. SAP во всем мире активно развивает совместные инновации с клиентами. Мы готовы делиться экспертизой и технологиями, вместе работать над созданием IT-систем для дальнейшего их вывода на зарубежный рынок. Ведь применение лучших глобальных практик и инструментов для локальных разработок необходимы для ускорения цифровой трансформации российских предприятий и повышения их экспортного потенциала», — прокомментировал Андрей Филатов, генеральный директор SAP CIS.
Президент «Норникеля» Владимир Потанин в приветственном слове к подписанию соглашения добавил: «Как уже было сказано, мы много уделяем внимания цифровизации процессов нашей компании, которые на наш взгляд способны улучшить эффективность принятия наших управленческих, технологических и логистических решений, создать для нас поток данных для дальнейшего анализа и улучшения алгоритма принятия решения, продвинуть нас на пути токенизации нашей продукции, и выхода на рынок с новыми формами торговых операций, цифровизации наших торговых операций и, возможно, получения доступа к дополнительным источникам финансирования за счет расширения того класса инвесторов, который у нас имеется, в том числе за счет крипто инвесторов».]]></text>
</doc>
