<?xml version='1.0' encoding='UTF-8'?>
<doc>
  <source><![CDATA[https://newslab.ru/news/905092]]></source>
  <category verify="true" type="str" auto="true"><![CDATA[Новости]]></category>
  <title verify="true" type="str" auto="true"><![CDATA[Красноярцам разрешили кататься на велосипедах и роликах только по середине вантового моста]]></title>
  <keywords verify="true" type="list" auto="true">
    <item type="str"><![CDATA[Новости]]></item>
    <item type="str"><![CDATA[Общество]]></item>
    <item type="str"><![CDATA[В Красноярском крае]]></item>
  </keywords>
  <text verify="true" type="str" auto="true"><![CDATA[На вантовом мосту до Татышева в Красноярске нанесли новую разметку для пешеходов, велосипедистов и роллеров.
Дорожки для пешеходов шириной по 1,8 метра с обеих сторон оставили по краям моста. Две полутораметровых полосы для велосипедистов и роллеров заняли его среднюю часть. Так для всех организовали движение в прямом и обратном направлении.
Проезд для велосипедистов запретили 6 июня — мост сделали полностью пешеходным при помощи специальных знаков и разметки. У красноярцев запрет вызвал протест — инициативная группа даже создала петицию в интернете. Спустя пять дней с ввода запрета движение вернули в прежний режим.
Предыстория: На вантовом в Красноярске снова меняют правила для пешеходов и велосипедистов
Велосипеды вернули на вантовый мост
Запрет велосипедов на мосту до Татышева разозлил красноярцев: создали петицию
В Красноярске на глазах у полицейских по пешеходному мосту проехал Lexus (видео)
Вы можете рассказать об изменениях на переправе друзьям-велосипедистам, нажав кнопку «Поделиться в соцсетях»:]]></text>
</doc>
