<?xml version='1.0' encoding='UTF-8'?>
<doc>
  <source><![CDATA[https://newslab.ru/news/904428]]></source>
  <category verify="true" type="str" auto="true"><![CDATA[Новости]]></category>
  <title verify="true" type="str" auto="true"><![CDATA[Под Красноярском застрелили опасных медведей (видео)]]></title>
  <keywords verify="true" type="list" auto="true">
    <item type="str"><![CDATA[Новости]]></item>
    <item type="str"><![CDATA[Происшествия]]></item>
    <item type="str"><![CDATA[В Красноярском крае]]></item>
  </keywords>
  <text verify="true" type="str" auto="true"><![CDATA[Около Железногорска Красноярского края, за КПП № 3, охотники застрелили двух молодых, но уже опасных медведей.
Садоводы неоднократно замечали хищников рядом с дачами и жаловались в полицию. Но медведей долго не удавалось обнаружить. 12 июня стражи порядка и охотники наконец-то нашли их и попытались прогнать в лес, но звери проявились агрессию и стали нападать на людей.
В итоге охотники застрелили медведей. Со слов экспертов, это были «очень взрослые медвежата ростом за 180 см», и они представляли реальную угрозу.]]></text>
</doc>
