<?xml version='1.0' encoding='UTF-8'?>
<doc>
  <source><![CDATA[https://newslab.ru/news/902962]]></source>
  <category verify="true" type="str" auto="true"><![CDATA[Новости]]></category>
  <title verify="true" type="str" auto="true"><![CDATA[Красноярцу стало плохо после аварии с ребенком и он уехал с места ДТП. Отправится под арест (видео)]]></title>
  <keywords verify="true" type="list" auto="true">
    <item type="str"><![CDATA[Новости]]></item>
    <item type="str"><![CDATA[Происшествия]]></item>
    <item type="str"><![CDATA[В Красноярском крае]]></item>
  </keywords>
  <text verify="true" type="str" auto="true"><![CDATA[В Красноярске под административный арест попал 60-летний мужчина, который уехал с места ДТП после аварии с ребенком, сообщили в пресс-службе полка красноярского ДПС.
Авария произошла 5 июня на улице Попова в Октябрьском районе города. 8-летнего мальчика сбили при переходе дороги по нерегулируемому пешеходному переходу. Виновник аварии не стал дожидаться полиции и уехал с места ДТП. О происшествии полицейские узнали от медиков, которые осматривали мальчика.
Личность водителя установили в течение суток. Им оказался 60-летний мужчина. Инспектору он рассказал, что он собрал данные свидетелей происшествия, а затем дождался скорую помощь, чтобы убедиться, что ребенок не получил серьезной травмы.
Мужчина рассказал, что ждал ГИБДД около 15 минут, но потом почувствовал себя плохо и вынужден был уехать.
Мировой суд Октябрьского района признал мужчину виновным в оставлении места ДТП (ч. 2 ст. 12.27 КоАП РФ). Наказать его решили административным арестом на 10 суток.
«Если в результате ДТП погибли или ранены люди, то водитель, причастный к нему, обязан принять меры для оказания первой помощи пострадавшим. Он должен вызвать скорую медицинскую помощь и оставаться на месте происшествия до прибытия сотрудников полиции», — напомнили сотрудники ГИБДД.]]></text>
</doc>
