<?xml version='1.0' encoding='UTF-8'?>
<doc>
  <source><![CDATA[https://newslab.ru/news/904901]]></source>
  <category verify="true" type="str" auto="true"><![CDATA[Новости]]></category>
  <title verify="true" type="str" auto="true"><![CDATA[Женщина-врач из красноярской поликлиники стала лучшим педиатром страны]]></title>
  <keywords verify="true" type="list" auto="true">
    <item type="str"><![CDATA[Новости]]></item>
    <item type="str"><![CDATA[Общество]]></item>
    <item type="str"><![CDATA[В Красноярском крае]]></item>
  </keywords>
  <text verify="true" type="str" auto="true"><![CDATA[Красноярский педиатр победила во Всероссийском конкурсе врачей. Как рассказали в краевом минздраве, в этом году на конкурс было подано 596 работ по 29 номинациям. Красноярский край представляли 18 участников.
В результате первое место в категории «Лучший педиатр» заняла врач деткой поликлиники № 2 (Матросова, 7) Ольга Цимбалова.
Призовые места получили еще три врача из Красноярского края. Второе место в номинации «Лучший участковый педиатр» заняла Татьяна Жеребцова из Краснотуранской районной больницы.
Третье место в номинации «Лучший офтальмолог» получил Виктор Гарькавенко — врач-офтальмолог «Красноярской краевой больницы имени профессора П.Г. Макарова».
Третье место в категории «Лучший хирург» завоевал врач-эндоскопист «Краевой клинической больницы» Павел Жегалов.]]></text>
</doc>
