<?xml version='1.0' encoding='UTF-8'?>
<doc>
  <source><![CDATA[https://newslab.ru/news/905087]]></source>
  <category verify="true" type="str" auto="true"><![CDATA[Новости]]></category>
  <title verify="true" type="str" auto="true"><![CDATA[Проблемные дома программы «Жилье для российской семьи» в Солонцах-2 пообещали сдать до конца года]]></title>
  <keywords verify="true" type="list" auto="true">
    <item type="str"><![CDATA[Новости]]></item>
    <item type="str"><![CDATA[Экономика]]></item>
    <item type="str"><![CDATA[В Красноярском крае]]></item>
  </keywords>
  <text verify="true" type="str" auto="true"><![CDATA[Два дома в ЖК «Ясный» красноярского микрорайона Солонцы-2, которые строятся по программе «Жилье для российской семьи», будут сданы в ноябре и декабре этого года. Об этом сообщил генеральный директор Красноярского краевого фонда жилищного строительства Сергей Бердоусов на заседании комитета по строительству и ЖКХ Законодательного Собрания. По его словам, строительство дома № 13 практически завершено. Выбраны компании, которые уже в июне начнут в нем отделочные работы. В доме № 10 такие работы должны начаться в сентябре. Третий дом — № 9 будет строиться уже по новому закону, без прямого привлечения средств дольщиков, а через банковское финансовое обеспечение. Фундамент здания начнут закладывать в июле.
Сроки завершения строительства домов в ЖК «Ясный» переносились уже несколько раз. По очередным планам жильцы должны были заселиться в конце июня этого года. Красноярцы, которые пока так и не получили своих квартир, обратились к президенту Владимиру Путину.
«У меня есть серьезные опасения в финансовой устойчивости фонда. С учетом того, что именно этот фонд предполагается сделать оператором денежных средств, которые будут направлены правительством на поддержку всех обманутых дольщиков, вопрос актуальный. Фонд, который будет администрировать денежные средства, должен быть абсолютно прозрачным и устойчивым», — сказала на заседании вице-спикер парламента, председатель комитета Алексей Кулеш.
Министр строительства Сергей Козупица пояснил, что это не совсем так. Сейчас принимается новый федеральный закон. В нем будут прописаны критерии отбора организаций, которые будут решать проблемы граждан, пострадавших от недобросовестных застройщиков. После принятия документа правительство края определится, станет ли этой организацией действующий фонд жилищного строительства, либо будет создан новый.
Депутат Александр Глисков напомнил собравшимся, что сроки сдачи первых двух домов переносились трижды на протяжении последних двух лет. Он спросил: «Где гарантии, что дольщики получат возможность въехать в свои квартиры в этом году?» Руководитель фонда отметил, что одной из основных проблем являлась прокладка к этим домам сетей электро- и теплоснабжения. Теперь эти вопросы решены.
Егор Бондаренко выразил недоумение, где фонд берет деньги на новые проекты, в то время как не закончено столько старых. По словам Сергея Бердоусова, проблем со средствами на достройку домов у фонда нет. Однако Александр Глисков предложил докапитализировать фонд, чтобы строительство было завершено в срок, а люди могли получить свои квартиры. Алексей Кулеш рекомендовал министерству строительства в срок до 15 июля оценить необходимость этой меры, а руководителя фонда попросил представить в комитет подробный отчет о финансовой деятельности организации.]]></text>
</doc>
