<?xml version='1.0' encoding='UTF-8'?>
<doc>
  <source><![CDATA[https://newslab.ru/news/902844]]></source>
  <category verify="true" type="str" auto="true"><![CDATA[Новости]]></category>
  <title verify="true" type="str" auto="true"><![CDATA[Самое интересное в Красноярске за 6 июня: бойкот дымному рейву, неряшливый парк и сомнения мэрии]]></title>
  <keywords verify="true" type="list" auto="true">
    <item type="str"><![CDATA[Новости]]></item>
    <item type="str"><![CDATA[Общество]]></item>
    <item type="str"><![CDATA[В Красноярском крае]]></item>
  </keywords>
  <text verify="true" type="str" auto="true"><![CDATA[Несколько дней назад вице-мэр Красноярска согласовал стратегию запуска по Коммунальному мосту трамвая до 2023 года. Сегодня он сообщил, что не уверен в воплощении идеи. Пока в городе решили хотя бы найти все портящие воздух автобусы.
Многие павильоны в Центральном парке объявили вне закона. Арендаторам дали неделю, чтобы привести популярное историческое пространство из неряшливого в приличный вид.
В мэрии назвали сроки строительства крематория, они приближены к реальности, учитывают проведение работ на века, а не «на авось». Примерное место — кладбище «Бадалык».
По вантовому мосту в Красноярске больше нельзя ездить на велосипеде. Нажаловались пешеходы, теперь там появились специальные запрещающие знаки и разметка, можете проверить.
Мэрия попросила горожан объявить бойкот кальянщикам на берегу Енисея. То есть не курить у них. Других вариантов власти города найти не могут.
Мы посетили новый ресторан-кондитерскую в центре города «Карета». Еле очнулись после всей этой роскоши и сразу приготовили вам подробный разбор. Мораль: не бывает такой цифры в чеке, которую не способен скрасить вкусный комплимент заведения.
Фото на главной: Александр Черных]]></text>
</doc>
