<?xml version='1.0' encoding='UTF-8'?>
<doc>
  <source><![CDATA[https://newslab.ru/news/905356]]></source>
  <category verify="true" type="str" auto="true"><![CDATA[Новости]]></category>
  <title verify="true" type="str" auto="true"><![CDATA[«Мы хотели привлечь внимание»: в мэрии рассказали о дальнейшей судьбе крематория в Красноярске]]></title>
  <keywords verify="true" type="list" auto="true">
    <item type="str"><![CDATA[Новости]]></item>
    <item type="str"><![CDATA[Общество]]></item>
    <item type="str"><![CDATA[В Красноярском крае]]></item>
  </keywords>
  <text verify="true" type="str" auto="true"><![CDATA[Представители мэрии рассказали о судьбе крематория в Красноярске на заседании комиссии Горсовета. С докладом выступал заместитель главы города Вячеслав Полищук.
Напомним, в марте 2019 года администрация объявила прием заявок на конкурс на лучший проект крематория. На него заявилось четыре участника — три красноярский компания и одна фирма из Санкт-Петербурга. На сайте мэрии открыли голосование, по результатам которого горожане определили лучший проект — им стала работа, которую представил ООО «Красноярский крематорий».
После этого каждую заявку рассматривала специальная комиссия. Проекты оценивали по ряду критериев — вместимость, наличие колумбария, транспортная доступность, благоустройство, наличие земли. Каждый пункт оценивался в 10 баллов, результаты голосования горожан также помогли заработать 0 баллов. В результате экспертной оценки проект ООО «Красноярский крематорий» получил наибольшее число баллов — 60. На втором месте оказался проект компании из Санкт-Петербурга — он завоевал 55 баллов. Проект, который победил, выглядит следующим образом:
Как отметил Вячеслав Полищук, преимуществом красноярского ООО стало наличие участка земли, на котором можно разместить крематорий. У «Красноярского крематория» есть в аренде несколько тысяч квадратных метров на Енисейском тракте в районе Бадалыка. У остальных заявителей вообще не было никаких данных по земле. Соответствие земли размещаемому на ней объекту и технические характеристики никто не проверял.
«Это был конкурс на лучшую концепцию крематория. В первую очередь, мы хотели привлечь внимание к такому важному вопросу. Народное голосование показало, что подобный объект в городе должен быть. В этом смысле мы задачу выполнили, мы привлекаем внимание к данной проблематике. Мы должны были понимать, как люди к этому отнесутся, сколько заявок будет, какие предложения», — рассказал Полищук.
В ходе обсуждения депутаты спросили о практической стороне вопроса и будущем крематория — ведь до сих пор нет четких данных по объемам финансирования, месте размещения и срокам.
«Это предварительная оценка ситуации. Нам было важно понять, кто интересуется этой темой. Мы планируем общаться и обсуждать детали с каждым, кто заявился на конкурс — уже там будем задавать вопросы о финансировании и сроках реализации. Мы посмотрели намерение и интерес компаний в этой области. Дальше — это стандартная процедура по согласованию. Отметим, что может прийти и вообще посторонний инвестор и предложить свой проект, и мы будем с ним также работать, как и со всеми другими предпринимателями», — пояснил Вячеслав Полищук.
Соответственно, вид крематория, место его расположения и сроки реализация проекта окончательно не определены. До этого другой заместитель главы города Владислав Логинов в беседе с журналистами говорил, что крематорий появится до конца 2020 года.
Предыстория: Стали известны результаты конкурса на лучший проект крематория в Красноярске]]></text>
</doc>
