<?xml version='1.0' encoding='UTF-8'?>
<doc>
  <source><![CDATA[https://newslab.ru/news/902810]]></source>
  <category verify="true" type="str" auto="true"><![CDATA[Новости]]></category>
  <title verify="true" type="str" auto="true"><![CDATA[Стали известны предварительные сроки строительства красноярского крематория]]></title>
  <keywords verify="true" type="list" auto="true">
    <item type="str"><![CDATA[Новости]]></item>
    <item type="str"><![CDATA[Общество]]></item>
    <item type="str"><![CDATA[В Красноярском крае]]></item>
  </keywords>
  <text verify="true" type="str" auto="true"><![CDATA[Вице-мэр Красноярска Владислав Логинов рассказал где и когда построят крематорий.
Конкурс на лучший проект строительства крематория в Красноярске выиграло ООО «Красноярский крематорий», набрав 60 баллов. Ближайший конкурент — фирма из Санкт-Петербурга — сумела набрать лишь 55 баллов. Победитель конкурса сообщил, что у него есть земельный участок для строительства. Он находится в районе кладбища «Бадалык». Владислав Логинов уточнил, что стройка планируется на территории, где сейчас стоит гараж муниципального предприятия «Ритуальные услуги».
Участок сначала проверят на соответствие градостроительным нормам, а также проведут геологические и геодезические исследования. Затем инвестор должен будет собрать большой пакет документов для получения разрешения на строительство. Если всё будет оформлено правильно, стройку разрешат.
«Заданные городом параметры следующие — строительство должно начаться в этом году, а закончится в следующем. Потому что крематорий является одним из главных городских объектов. В цивилизованном городе, претендующем на столичность, такая услуга должна быть, как должен быть пятизвездочный отель и аквапарк. Мы ориентируемся на 31 декабря 2020 года. Но нужно понимать, что это еще не окончательные сроки. Это услуга на века, объект — тоже надолго. Поэтому он должен быть качественным. Мы слишком долго к этому подходили, мы не можем ничего делать „на авось“», — отметил Владислав Логинов.
Предыстория: Стали известны результаты конкурса на лучший проект крематория в Красноярске]]></text>
</doc>
