<?xml version='1.0' encoding='UTF-8'?>
<doc>
  <source><![CDATA[https://newslab.ru/news/905085]]></source>
  <category verify="true" type="str" auto="true"><![CDATA[Новости]]></category>
  <title verify="true" type="str" auto="true"><![CDATA[Красноярцы несколько дней дышали сажей и пылью]]></title>
  <keywords verify="true" type="list" auto="true">
    <item type="str"><![CDATA[Новости]]></item>
    <item type="str"><![CDATA[Общество]]></item>
    <item type="str"><![CDATA[В Красноярском крае]]></item>
  </keywords>
  <text verify="true" type="str" auto="true"><![CDATA[На прошедшей неделе в Красноярске было много пыли и сажи. Результатами мониторинга качества атмосферного воздуха с 10 по 16 июня поделилось краевое министерство экологии и рационального природопользования.
За прошедшую неделю на телефон горячей линии ведомства поступило 28 звонков. Передвижная эколаборатория выезжала 24 раза и взяла 115 проб воздуха, замеры проводились во всех районах города. В результате проведенных исследований превышений максимальных разовых предельно допустимых концентраций не зафиксировали. При этом специалисты отметили, что воздухе было много взвешенных частиц, это пыль, зола, сажа, дым и другие твердые частицы. Наиболее опасны продукты сгорания, содержащие асбест, мышьяк и соли тяжелых металлов. Но даже «обычная» пыль от почвы способна ухудшать самочувствие людей с заболеваниями дыхательной системы (хроническими бронхитами, астмой и другими). Также наблюдалось повышенное содержание в воздухе сероводорода, гидрохлорида и гидрофторида. Самые грязные район экологи не называют.
По данным Среднесибирского УГМС, 19 июня в краевой столице пройдет небольшой дождь с грозой. В темное время суток такие метеоусловия будут способствовать кратковременному накоплению загрязняющих веществ в атмосфере, в светлое — рассеиванию.
О нарушениях природоохранного законодательства жители могут сообщить по круглосуточному телефону горячей линии минэкологии +7(391) 21-21-706.
Предыстория: В Красноярске прогремит гроза и усилится ветер]]></text>
</doc>
