<?xml version='1.0' encoding='UTF-8'?>
<doc>
  <source><![CDATA[https://newslab.ru/news/902761]]></source>
  <category verify="true" type="str" auto="true"><![CDATA[Новости]]></category>
  <title verify="true" type="str" auto="true"><![CDATA[Красноярцев пригласили на загородный гастрономический фестиваль]]></title>
  <keywords verify="true" type="list" auto="true">
    <item type="str"><![CDATA[Новости]]></item>
    <item type="str"><![CDATA[Общество]]></item>
    <item type="str"><![CDATA[В Красноярском крае]]></item>
  </keywords>
  <text verify="true" type="str" auto="true"><![CDATA[С 21 по 23 и с 28 по 30 июня на озере Бархатово, в 10 км от Красноярска, в Березовском районе, состоится фестиваль вкусной и разнообразной еды на природе «Гастроfest».
Гости «Бархат-парка» станут участниками площадок фестиваля. На территории более 280 тыс. кв. метров одновременно могут разместиться более 8 тыс. гостей. Каждый из дней программы фестиваля объединен общей темой:
Например, в первый день пройдут мастер-классы по приготовлению ухи, ловли форели и её разделки, а вечером гости смогут посмотреть экстремальное шоу и принять участие в розыгрыше удочки. На протяжении второго, бургерного, дня фестиваля желающих научат правильно жарить котлеты, а вечером для гостей «Бархат-парка» состоится пенная вечеринка в аквапарке под открытым небом.
«„Гастроfest“ — это не только еда, но и другие развлечения. Например, в спортивный день фестиваля для всех желающих пройдут мастер-классы по зумбе, турнир по армреслингу, мастер-классы по приготовлению детокс-коктейлей и т. д.», — уточнили организаторы.
Кроме того, в «Бархат-парке» есть в благоустроенный пляж, спортивные площадки, беседки для компаний, водные аттракционы и баня на дровах. Для гостей работает прокат квадроциклов и водной техники, есть база отдыха и кафе.
Также организаторы приглашают к участию в фестивале партнеров. Аудитория мероприятия — это охват более 2,5 тыс. человек в сутки, трансляция на большом экране, упоминание при анонсировании события. Генеральному партнеру фестиваля предложат выбрать место расположения площадки (у воды, кемпинга или на гастроплощадке) и обустроить локацию по договоренности с организаторами.
Уточнить подробности о фестивале и партнерстве можно по тел. 8 (391) 271-44-71 и на официальном сайте парка.]]></text>
</doc>
