<?xml version='1.0' encoding='UTF-8'?>
<doc>
  <source><![CDATA[https://newslab.ru/news/902921]]></source>
  <category verify="true" type="str" auto="true"><![CDATA[Новости]]></category>
  <title verify="true" type="str" auto="true"><![CDATA[Торжество на Караульной горе, странные затворники и open-air: пятница в Красноярске]]></title>
  <keywords verify="true" type="list" auto="true">
    <item type="str"><![CDATA[Новости]]></item>
    <item type="str"><![CDATA[Общество]]></item>
    <item type="str"><![CDATA[В Красноярском крае]]></item>
  </keywords>
  <text verify="true" type="str" auto="true"><![CDATA[В пятницу, 7 июня, синоптики обещают ясную погоду, дождь возможен к вечеру. С утра столбики уличных термометров остановятся на уровне +13... +25 °C, днём до +30 °C. Ветер подует со скоростью 2 м/c, его направление будет часто меняться.
Сегодня, в 11:50 в честь Дня города на Караульной горе состоится торжественное поднятие флага Красноярска. На этот раз решили обойтись без запуска в небо сотни воздушных шаров — экологи намекнули о вреде такого мероприятия.
А завтра на Татышеве пройдёт самое масштабное торжество в честь Дня города. Для гостей острова приготовили множество различных площадок — от творчества до экстремального спорта.
«Миллион вариантов удивиться и отдохнуть»: программа Дня города на Татышеве
Newslab подготовил вам подборку мероприятий, которые можно посетить в эту пятницу:
В кинотеатре Красноярска Mori cinema (улица Партизана Железняка, 23) идёт фильм «Мы всегда жили в замке». История семьи отшельников Блэквудов — двух молодых сестёр и больного дяди, — которые стали мишенью злых пересудов после загадочной гибели остальных родственников. Сёстры укрываются в поместье — своем особенном закрытом мире, чьи границы самовольно нарушает красавец-кузен, приехавший с корыстными намерениями. Билеты в кассе кинотеатра.
C 10:00 до 16:00 в сквере имени Пушкина на проспекте Мира будет работать мини-базар «Цветочная симфония». Также всех желающих научат составлять букеты.
С 19:00 до 22:00 здесь же пройдёт танцевальный open-air. Организаторы приглашают всех пуститься в пляс в конце рабочей недели.
С 18:00 до 22:00 на левобережной набережной в рамках проекта Арт-берег (площадка под Коммунальным мостом) пройдут групповые и сольные концерты в различных музыкальных направлениях от начинающих артистов.
В 23:00 в Крафт-баре «Штаб» (на проспекте Мира, 86) приготовила концертную программу для поклонников «лютой крафтовой музыки» группа «ОтМорозки». Вход свободный.
О других интересных событиях можно узнать в афише Красноярска
Расскажите о планах на пятницу друзьям, нажав кнопку:]]></text>
</doc>
