<?xml version='1.0' encoding='UTF-8'?>
<doc>
  <source><![CDATA[https://newslab.ru/news/904941]]></source>
  <category verify="true" type="str" auto="true"><![CDATA[Новости]]></category>
  <title verify="true" type="str" auto="true"><![CDATA[Воздух в Красноярске планируют сделать в два раза чище]]></title>
  <keywords verify="true" type="list" auto="true">
    <item type="str"><![CDATA[Новости]]></item>
    <item type="str"><![CDATA[Общество]]></item>
    <item type="str"><![CDATA[В Красноярском крае]]></item>
  </keywords>
  <text verify="true" type="str" auto="true"><![CDATA[До 2030 года в Красноярске планируют улучшить экологическую ситуацию и снизить уровень загрязнения воздуха на 40 %. Эту задачу включили в новую стратегию развития города, которую приняли сегодня, 18 июня, на сессии депутатов Горсовета.
Стратегический план развития на такой длинный период, 11 лет, для краевой столицы утвердили впервые. Большой блок задач касается экологической безопасности Красноярска.
«Это новый документ общественного развития для Красноярска. Его обсуждали больше полугода. Есть вещи достаточно амбициозные, но все мы должны говорить на одном нашем „красноярском языке“. Основная цель — развитие столичной функции. Это функция касается как системы бюджетирования, так и благоустройства, экологии. Поставлена планка снижения вредных выбросов в воздухе на 40 %. И это досягаемая планка, так как уже сегодня, к примеру, почти в 10 раз сократилось количество пыли на дорога за счёт обновления уборочной техники», — отметил мэр Красноярска Сергей Ерёмин.
Уже к 2025 году, согласно стратегии, весь транспорт должен работать с учётом так называемых «зелёных стандартов» — это класс экологичности самого высокого уровня (Евро-5) и на качественном топливе. Также планируется переход на электрический транспорт, строительство метро, появление сети велосипедных дорожек.
Также во главе приоритетов — создание бизнес-центра, строительство аквапарка. Глава города и красноярские депутаты отметили, что за счёт реализации мероприятий стратегии есть реальная возможность удвоить бюджет города в два раза, миновав дефицит.
Список конкретных мероприятий для воплощения стратегии ещё предстоит разработать. Каждую цель подкрепят набором конкретных мероприятий со сроками и источниками финансирования.]]></text>
</doc>
