<?xml version='1.0' encoding='UTF-8'?>
<doc>
  <source><![CDATA[https://newslab.ru/news/903459]]></source>
  <category verify="true" type="str" auto="true"><![CDATA[Новости]]></category>
  <title verify="true" type="str" auto="true"><![CDATA[Студентка СибГУ им. Решетнева стала лучшей на мировых IT-соревнованиях]]></title>
  <keywords verify="true" type="list" auto="true">
    <item type="str"><![CDATA[Новости]]></item>
    <item type="str"><![CDATA[Общество]]></item>
    <item type="str"><![CDATA[В Красноярском крае]]></item>
  </keywords>
  <text verify="true" type="str" auto="true"><![CDATA[Студентка Института информатики и телекоммуникаций СибГУ им. М.Ф. Решетнева, выпускница Аэрокосмического колледжа Кристина Желтова стала лучшей на IT-соревнованиях WorldSkills в Германии.
В соревнованиях на Кубок Альберта Эйнштейна по разработке программного обеспечения (Albert Einstein Cup of Software Development), которые прошли с 27 по 30 мая в городе Нойбранденбург (Германия), приняли участие 10 лучших студентов-айтишников из 7 стран мира (Россия, Швейцария, Германия, Финляндия, Беларусь, Хорватия, Лихтенштейн). Состязания проводились уже во второй раз. Примечательно, что и в прошлом году победителем стал конкурсант из России.
Кристина Желтова является членом национальной сборной WorldSkillsRussia. Она защищала честь страны в компетенции «Программные решения для бизнеса». Основной задачей конкурсантов были разработка и модификация информационных систем для различных сфер. Кристина Желтова справилась с заданием лучше других.]]></text>
</doc>
