<?xml version='1.0' encoding='UTF-8'?>
<doc>
  <source><![CDATA[https://newslab.ru/news/904203]]></source>
  <category verify="true" type="str" auto="true"><![CDATA[Новости]]></category>
  <title verify="true" type="str" auto="true"><![CDATA[В Кедровом на глазах у матери утонула 10-летняя девочка]]></title>
  <keywords verify="true" type="list" auto="true">
    <item type="str"><![CDATA[Новости]]></item>
    <item type="str"><![CDATA[Происшествия]]></item>
    <item type="str"><![CDATA[В Красноярском крае]]></item>
  </keywords>
  <text verify="true" type="str" auto="true"><![CDATA[Обновлено: Следователи рассказали подробности гибели ребенка
В поселке Кедровом Красноярского края на озере утонула 10-летняя девочка. Об этом рассказали волонтеры организации «Поиск пропавших детей — Красноярск».
«Сегодня маленькая Полина, единственный ребенок в семье, утонула прямо на глазах у мамы, всего лишь в нескольких метрах от нее. Побежала за мячом и просто с мелководья оступилась в яму. Взрослые ныряли, но найти уже не смогли. Ребенка достали приехавшие водолазы», — рассказали волонтеры.
В полиции пока никак не прокомментировали происшествие.
В организации напомнили о том, что тонущие дети не кричат и не зовут на помощь. Обычно ЧП происходит очень быстро и может случиться даже при родителях.
Напомним, в начале недели, 11 июня, возле моста «777» утонула 12-летняя школьница. Она пыталась переплыть Енисей, но не рассчитала силы.]]></text>
</doc>
