<?xml version='1.0' encoding='UTF-8'?>
<doc>
  <source><![CDATA[https://newslab.ru/news/902619]]></source>
  <category verify="true" type="str" auto="true"><![CDATA[Новости]]></category>
  <title verify="true" type="str" auto="true"><![CDATA[Красноярцы смогут задать вопросы теплоэнергетикам через интернет-приемную Newslab]]></title>
  <keywords verify="true" type="list" auto="true">
    <item type="str"><![CDATA[Новости]]></item>
    <item type="str"><![CDATA[Общество]]></item>
    <item type="str"><![CDATA[В Красноярском крае]]></item>
  </keywords>
  <text verify="true" type="str" auto="true"><![CDATA[С 6 по 16 июня на сайте Newslab будет работать интернет-приемная Сибирской теплосбытовой компании (входит в структуру СГК).
Жители Красноярска смогут напрямую задать вопрос директору компании, а также оставить свои предложения и замечания. Читатели Newslab смогут узнать, зачем переходить на прямые договоры с поставщиками коммунальных услуг (отопление, горячая и холодная вода, водоотведение) и почему некоторые жители краевого центра получают две платежки за ЖКУ. Кроме того, красноярцам расскажут, как бороться с должниками, в то время, как весь дом платит исправно.
На эти и другие вопросы, касающиеся платежей за коммунальные ресурсы, ответит директор теплосбытового подразделения СГК в Красноярске Константин Бородин.
«Сибирская теплосбытовая компания» ведет договорную работу, отвечает за начисление и сбор платы за тепло и горячую воду, а также взыскание дебиторской задолженности.]]></text>
</doc>
