<?xml version='1.0' encoding='UTF-8'?>
<doc>
  <source><![CDATA[https://newslab.ru/news/903701]]></source>
  <category verify="true" type="str" auto="true"><![CDATA[Новости]]></category>
  <title verify="true" type="str" auto="true"><![CDATA[Спикер Законодательного Собрания встретился с жителями Таймыра]]></title>
  <keywords verify="true" type="list" auto="true">
    <item type="str"><![CDATA[Новости]]></item>
    <item type="str"><![CDATA[Общество]]></item>
    <item type="str"><![CDATA[В Красноярском крае]]></item>
  </keywords>
  <text verify="true" type="str" auto="true"><![CDATA[Председатель Законодательного Собрания Красноярского края Дмитрий Свиридов совершил рабочую поездку на Таймыр. Спикер краевого парламента встретился с руководством территории и местными жителями.
Участники встречи обсудили самые проблемные вопросы. Среди них — организация доставки топливно-энергетических ресурсов в поселки Таймыра для нужд населения в рамках северного завоза в летний период 2019 года и организация пассажирских перевозок водным и воздушным транспортом. Кроме того, на встрече подняли такие вопросы, как трационный промысел коренных малочисленных народов Таймыра, в том числе охоту и рыбалку.
Особое внимание Дмитрий Свиридов уделил перераспределению квот добычи дикого северного оленя в Таймырском Долгано-Ненецком муниципальном районе на охотничий сезон 2019–2020 года. Также была поднята проблема, с которой жители Дудинки ежегодно сталкиваются в осенне-весенний период, — накопление больших объемов грунтовых вод и, как следствие, деформация конструктивных элементов оснований зданий города.
Выслушав все проблемные вопросы и предложения, Дмитрий Свиридов взял их на контроль для обсуждения с краевыми коллегами. После этого председатель Законодательного Собрания провел прием граждан по личным вопросам.]]></text>
</doc>
