<?xml version='1.0' encoding='UTF-8'?>
<doc>
  <source><![CDATA[https://newslab.ru/news/905461]]></source>
  <category verify="true" type="str" auto="true"><![CDATA[Новости]]></category>
  <title verify="true" type="str" auto="true"><![CDATA[На выходных в Красноярске снова поменяется погода]]></title>
  <keywords verify="true" type="list" auto="true">
    <item type="str"><![CDATA[Новости]]></item>
    <item type="str"><![CDATA[Общество]]></item>
    <item type="str"><![CDATA[В Красноярском крае]]></item>
  </keywords>
  <text verify="true" type="str" auto="true"><![CDATA[В предстоящий уик-энд жителей Красноярска ждет переменчивая погода: в субботу будет очень жарко, а с воскресенья температура начнет понижаться.
В пятницу, 21 июня, в краевой столице ожидается переменная облачность, обойдется без осадков. Юго-восточный ветер будет дуть со скоростью 3-8 м/с, температура воздуха составит 25-27 °C. Такие метеоусловия будут способствовать кратковременному накоплению загрязняющих веществ в атмосфере, прогнозируется «повышенное загрязнение».
В ночь на субботу ожидается 14 °C тепла, днем в первый выходной воздух прогреется до 29 °C. В городе будет облачно с прояснениями, пройдет небольшой дождь. Ночь на воскресенье будет еще теплее — до 16 °C. Но днем температура не поднимется выше 26 °C. Синоптики снова обещают кратковременный дождь, может прогреметь гроза.
Согласно предварительным данным, на следующей неделе дневная температура будет колебаться в пределах 20-24 °C.]]></text>
</doc>
