<?xml version='1.0' encoding='UTF-8'?>
<doc>
  <source><![CDATA[https://newslab.ru/news/904253]]></source>
  <category verify="true" type="str" auto="true"><![CDATA[Новости]]></category>
  <title verify="true" type="str" auto="true"><![CDATA[Ради поездки в Грецию житель Эвенкии погасил долг по кредитам]]></title>
  <keywords verify="true" type="list" auto="true">
    <item type="str"><![CDATA[Новости]]></item>
    <item type="str"><![CDATA[Общество]]></item>
    <item type="str"><![CDATA[В Красноярском крае]]></item>
  </keywords>
  <text verify="true" type="str" auto="true"><![CDATA[Чтобы выехать на отдых в Грецию, житель эвенкийского поселка Тура погасил долг по банковским кредитам в размере 372 тысячи рублей. Об очередном нерадивом должнике рассказали в пресс-службе приставов Красноярского края.
Представители закона предупреждали мужчину о мерах принудительного взыскания, но тот все равно не стал выплачивать долг. «Тогда пристав обратил взыскание на зарплату должника, а также ограничил его в праве выезда за пределы Российской Федерации. Вскоре мужчина явился в отдел судебный приставов. Он запланировал в свой отпуск поехать в Грецию, единственным препятствием для осуществления планов было ограничение в праве выезда за границу. Перспектива срыва запланированного отдыха побудила должника погасить все свои долги. В настоящий момент ограничения сняты, исполнительное производство окончено фактическим исполнением», — пояснили в УФССП.]]></text>
</doc>
