<?xml version='1.0' encoding='UTF-8'?>
<doc>
  <source><![CDATA[https://newslab.ru/news/903864]]></source>
  <category verify="true" type="str" auto="true"><![CDATA[Новости]]></category>
  <title verify="true" type="str" auto="true"><![CDATA[В Железногорске под видом комиссионки выдавали микрозаймы]]></title>
  <keywords verify="true" type="list" auto="true">
    <item type="str"><![CDATA[Новости]]></item>
    <item type="str"><![CDATA[Происшествия]]></item>
    <item type="str"><![CDATA[В Красноярском крае]]></item>
  </keywords>
  <text verify="true" type="str" auto="true"><![CDATA[В Железногорске Красноярского края проверили ООО «Ника», которое торговало подержанными товарами, рассказали в краевой прокуратуре.
Как показала проверка, компания незаконно вела прикрытую деятельность лормбарда. Под видом заключения договоров комиссии в магазинах (на пр. Курчатова, 16А и пр. Ленинградский, 35) фактически гражданам выдавали краткосрочные займы под залог имущества.
По закону выдавать займы могут только кредитные организации.
«В связи с этим прокуратурой города в ООО „НИКА“ внесено представление об устранении нарушений закона, по результатам рассмотрения которого два виновных лица привлечены к дисциплинарной ответственности», — рассказали в ведомстве.
Сейчас незаконная деятельность в компании не ведется. Кроме того, ООО получило штраф в 20 тысяч рублей.]]></text>
</doc>
