<?xml version='1.0' encoding='UTF-8'?>
<doc>
  <source><![CDATA[https://newslab.ru/news/904905]]></source>
  <category verify="true" type="str" auto="true"><![CDATA[Новости]]></category>
  <title verify="true" type="str" auto="true"><![CDATA[Через Николаевский проспект построят еще один надземный переход]]></title>
  <keywords verify="true" type="list" auto="true">
    <item type="str"><![CDATA[Новости]]></item>
    <item type="str"><![CDATA[Общество]]></item>
    <item type="str"><![CDATA[В Красноярском крае]]></item>
  </keywords>
  <text verify="true" type="str" auto="true"><![CDATA[В Красноярске через Николаевский проспект построят надземный пешеходный переход, сообщили в официальном паблике мэрии.
Переход возведут для удобства жителей Студгородка — дети, живущие в микрорайоне, будут переходить мост, чтобы попасть в школу № 73 на Мелькомбинатской. Раньше школьники добирались до учреждения под новой развязкой. Путь, связывающий комплекс «Орбита» и школу, занимал 2,5 км, что нарушало нормы пешей доступности школ в России (по регламенту дорога не может быть длиннее 500 метров).
Теперь переходить проспект можно будет по надземному переходу. С обеих сторон от перехода появятся тротуары. Сам мост построят из алюминиевых конструкций, ранее такие переходы появились на Партизана Железняка и на 9 Мая.
«Проектная документация получила положительное заключение госэкспертизы. Переход построят в рамках федеральной программы „Безопасные и качественные дороги“. Ввод объекта в эксплуатацию запланирован на 2020 год», — рассказали в администрации.
Строительство обойдется примерно в 113 миллионов рублей. 
Предыстория: Красноярцам предложили переходить сложную развязку на Николаевском проспекте под мостом]]></text>
</doc>
