<?xml version='1.0' encoding='UTF-8'?>
<doc>
  <source><![CDATA[https://newslab.ru/news/903499]]></source>
  <category verify="true" type="str" auto="true"><![CDATA[Новости]]></category>
  <title verify="true" type="str" auto="true"><![CDATA[Красноярских росгвардейцев признали лучшими в России и подарили им автомобиль]]></title>
  <keywords verify="true" type="list" auto="true">
    <item type="str"><![CDATA[Новости]]></item>
    <item type="str"><![CDATA[Общество]]></item>
    <item type="str"><![CDATA[В Красноярском крае]]></item>
  </keywords>
  <text verify="true" type="str" auto="true"><![CDATA[Экипаж сотрудников вневедомственной охраны Красноярского края стал лучшим в России. Конкурсные испытания на звание «Лучший по профессии» среди групп задержания вневедомственной охраны прошли накануне в Воронеже.
В конкурсе участвовали более 200 бойцов Росгвардии из 83 регионов России, прошедших региональные и окружные этапы. Соревнования проходили 3 дня при «жесточайшей конкуренции». Росгвардейцы демонстрировали уровень физической, профессиональной, медицинской и технической подготовки, а также знаний законодательных и нормативных документов. Первое место завоевала команда сотрудников вневедомственной охраны Росгвардии Красноярского края в составе прапорщика полиции Аслана Астарханова и сержанта Артема Иванова.
Красноярские росгвардейцы также завоевали первое место в командном зачете по отработке сигнала «Тревога».
«Одним их наиболее сложных был этап состязания в действиях по сигналу „Тревога“ и задержанию условных правонарушителей. Ситуации были максимально приближены к реальным. Нужно было действовать тактически верно, быстро и решительно, каждая секунда была на счету», — рассказали участники из Красноярска.
За первое место лучшей группе задержания из Красноярского края вручили кубок, диплом и сертификат на автомобиль, марка которого не уточняется. Известно лишь, что его передадут в Управление Росгвардии региона.]]></text>
</doc>
