<?xml version='1.0' encoding='UTF-8'?>
<doc>
  <source><![CDATA[https://newslab.ru/news/905327]]></source>
  <category verify="true" type="str" auto="true"><![CDATA[Новости]]></category>
  <title verify="true" type="str" auto="true"><![CDATA[«Это жизненная необходимость»: мэрия проверила ремонт старых дворов в центре Красноярска]]></title>
  <keywords verify="true" type="list" auto="true">
    <item type="str"><![CDATA[Новости]]></item>
    <item type="str"><![CDATA[Общество]]></item>
    <item type="str"><![CDATA[В Красноярском крае]]></item>
  </keywords>
  <text verify="true" type="str" auto="true"><![CDATA[Городские чиновники проверили, ход работ во дворах центра Красноярска, которые выбрали для ремонта в 2019 году.
На территории возле дома № 21 по улице Ленина, построенного в 1980 году, занимаются заменой асфальт и бордюров. Позже во дворе обновят скамейки и урны. За ремонтом наблюдают жители дома, так как они участвуют в проекте финансово — оплачивают работы в размере от 2 % до 20 %.
«Ремонт двора — это уже жизненная необходимость. Все средства на благоустройство двора были взяты с текущего счета дома, с жильцов дополнительно мы ничего не собирали», — рассказал председатель ТСН-ТСЖ дома № 21.
Как отметил глава Центрального района Вадим Войцеховский, участие в ремонте дворов жителей — это гарантия, что в дальнейшем они будут более бережно относиться к обновлённой территории.
Всего в этом году в Красноярске работы по проекту «Формирование комфортной городской среды» отремонтируют 106 дворов, из них в Центральном районе обновят только семь дворов.
Предыстория: В центре Красноярска стартовал ремонт старейших дворов
На ремонт красноярских дворов в 2019 году потратят на 60 миллионов меньше]]></text>
</doc>
