<?xml version='1.0' encoding='UTF-8'?>
<doc>
  <source><![CDATA[https://newslab.ru/news/902839]]></source>
  <category verify="true" type="str" auto="true"><![CDATA[Новости]]></category>
  <title verify="true" type="str" auto="true"><![CDATA[В Центральном парке Красноярска снесут 74 постройки]]></title>
  <keywords verify="true" type="list" auto="true">
    <item type="str"><![CDATA[Новости]]></item>
    <item type="str"><![CDATA[Общество]]></item>
    <item type="str"><![CDATA[В Красноярском крае]]></item>
  </keywords>
  <text verify="true" type="str" auto="true"><![CDATA[В Центральном парке Красноярска под снос пойдут 74 постройки. Информацию об этом подтвердил первый заместитель главы города Владислав Логинов.
Многие павильоны, включая кафе, туалеты и помещения охраны, в Центральном парке Красноярска объявлены вне закона. Представители мэрии дают арендаторам всего 7 дней на снос 74 объектов. Если это решение не будет исполнено, администрация района наймет подрядчика и выполнит демонтаж своими силами.
Владислав Логинов пояснил, что все решения мэрии направлены на то, чтобы арендаторы не нарушали закон. Если строение установлено без разрешения, то его снесут.
«Есть решения администрации, направленные на то, чтобы Центральный парк был у нас парком, а не зоной чьих-то личных коммерческих интересов. Все дальнейшие планы по парку зависят от переговоров с нынешним собственником. Они идут, но идут непросто», — признал вице-мэр Красноярска.
Чиновник напомнил, что договор на аренду парка подписан давно. Но арендатор не развивает территорию, хотя и не допускает грубых нарушений. По словам Владислава Логинова, в Центральном парке проводились проверки Ростехнадзора, пожарной охраны и других надзорных ведомств, которые не выявили особых проблем.
«Мы пытались договориться еще в начале 2018 года, но их предложения нас не устроили — слишком были длительные сроки. А мы считаем, что наши жители не хотят долго ждать, они хотят гулять по парку уже сегодня. Мы хотим, чтобы парк стал самым красивым и самым лучшим в городе. Тем более, что виды оттуда открываются очень красивые — на Енисей и площадь Революции», — пояснил чиновник.
Напомним, в конце мая суд решил снести несколько строений на выходе из парка. Владельцы здания с пешеходным мостом через улицу Дубровинского пообещали оспорить это решение, а также перекрыть проход через свою территорию, лишив посетителей парка возможности выйти на набережную Енисея.]]></text>
</doc>
