<?xml version='1.0' encoding='UTF-8'?>
<doc>
  <source><![CDATA[https://newslab.ru/news/904900]]></source>
  <category verify="true" type="str" auto="true"><![CDATA[Новости]]></category>
  <title verify="true" type="str" auto="true"><![CDATA[«Норникель» поддержал спортивный праздник накануне Европейских игр в Минске]]></title>
  <keywords verify="true" type="list" auto="true">
    <item type="str"><![CDATA[Новости]]></item>
    <item type="str"><![CDATA[Спорт]]></item>
    <item type="str"><![CDATA[В России]]></item>
  </keywords>
  <text verify="true" type="str" auto="true"><![CDATA[16 июня на спортивной арене «Лужники» в Москве при поддержке «Норникеля» состоялся большой спортивный праздник, посвященный XXX Всероссийскому олимпийскому дню, 125-му дню рождения Международного олимпийского комитета и торжественным проводам сборной России на Европейские игры в Минске.
Одним из пунктов программы праздника стал товарищеский футбольный турнир между командами Олимпийского комитета и его партнерами. Приз от Российского футбольного союза достался коллективу команды компании «Норникель». Кульминацией дня стали проводы олимпийской команды России на II Европейские игры в Минске. Уже через несколько дней спортсмены отправятся за новыми медалями и рекордами. Уже сейчас ведущие спортсмены готовятся к главному старту — летним Олимпийским играм 2020 года в Токио, до которых остался всего год.
Как отметил старший вице-президент «Норникеля» Владислав Гасумянов, в Минске у атлетов будет шанс вписать свое имя в историю спорта:
«Я вас приветствую от имени многотысячного коллектива горняков, шахтеров, металлургов „Норникеля“ и хочу сказать, что мы разделяем ценности честной борьбы и лидерства. Мы вместе творим историю побед. Провожая нашу команду в Минск, хочу сказать, что вас там будет ждать уникальная выставка олимпийских артефактов, которую президент компании Потанин дал в управление международному олимпийскому университету. Всем удачи и больших успехов».
На протяжении всего дня, до самого вечера на территории работали почти 40 тематических площадок — гости могли попробовать себя в разных видах спорта.
Кроме того, 13 июня в Инновационном центре Олимпийского Комитета России состоялась презентация Олимпийской коллекции Владимира Потанина. В ней собраны уникальные предметы со всех Игр современности, от Афин—1896 Пхенчхана—2018. Уже через несколько дней коллекция будет впервые представлена широкой публике на II Европейских играх в Минске.
«Я приветствую идею путешествия коллекции по всей планете, ведь это еще один повод вспомнить о людях, которые ковали мировую спортивную историю. Несмотря на то, что все экспонаты куплены на пожертвованные мною средства, ее фактическим владельцем является некоммерческое партнерство, управляемое РМОУ», — , — подчеркнул президент «Норникеля» Владимир Потанин.
Владимир Потанин открыл частную коллекцию олимпийских наград и прочих артефактов в год пятилетия Игр в Сочи. Коллекция будет доступна для широкой публики. после презентации коллекции на Европейских играх она будет представлена во время летних Олимпийских игр в Токио (2020), XXIV зимних Олимпийских игр в Пекине (2022), XXXIII летних Олимпийских игр в Париже (2024).
Участники праздника 16 июня вспоминали и прошедшую в марте Универсиаду-2019 в Красноярске. Владислав Гасумянов выразил надежду, что вложения в инфраструктуру Красноярска не пропадут даром: «Когда мы готовились и провели первую зимнюю универсиаду в Красноярске, компания вложила определенные средства, чтобы модернизировать Бобровый лог, реконструировать ряд улиц, набережных Красноярска для того, чтобы осветить коммунальный мост, создать спортивный парк. Сейчас горожане получат современный курорт. Кроме этого, мы, конечно, заинтересованы, чтобы Министерство спорта, федеральное министерство использовали эту базу для проведения соревнований разного уровня».
Напомним, в рамках подготовки Красноярска к Универсиаде-2019 компания «Норникель» провела реконструкцию набережной Красноярска, создала художественную подсветку Коммунального моста и здания Енисейского речного пароходства, разбила новый парк в пойме Базаихи, провела модернизацию фанпарка «Бобровый лог». На ремонт территории у вантового моста, зоны в районе галереи «Енисей» и музейного центра — компания выделила 167 млн рублей. На модернизацию «Бобрового лога» было затрачено более миллиарда рублей, общий срок работ составил три года. В парке в пойме Базаихи при финансовой поддержке компании были оборудованы вело-пешеходные дорожки, детский городок, спортивные площадки. Вся инфраструктура стала частью наследия Универсиады и продолжает функционировать для жителей и гостей города после Студенческих игр.]]></text>
</doc>
