<?xml version='1.0' encoding='UTF-8'?>
<doc>
  <source><![CDATA[https://newslab.ru/news/902652]]></source>
  <category verify="true" type="str" auto="true"><![CDATA[Новости]]></category>
  <title verify="true" type="str" auto="true"><![CDATA[СФУ вошел в топ-20 лучших вузов по подготовке IT-специалистов]]></title>
  <keywords verify="true" type="list" auto="true">
    <item type="str"><![CDATA[Новости]]></item>
    <item type="str"><![CDATA[Общество]]></item>
    <item type="str"><![CDATA[В Красноярском крае]]></item>
  </keywords>
  <text verify="true" type="str" auto="true"><![CDATA[Впервые в России рейтинговое агентство RAEX (РАЭКС-Аналитика) провело полномасштабное исследование IT-образования и сформировало топ-50 университетов, ведущих подготовку кадров для цифровой экономики. Соответствующий релиз опубликован на сайте агентства 5 июня.
Это первый полноценный предметный рейтинг RAEX: в ходе его создания была разработана специальная методология и собран уникальный набор данных, имеющих отношение к информационным технологиям. Методологию рейтинга RAEX разрабатывало в тесной кооперации с представителями академического сообщества. По итогам серии углублённых интервью с экспертами и исследования источников данных были сформированы модель, структура, ключевые рейтинговые факторы и перечень критериев. Для рейтинга лучших вузов России в сфере IТ было выделено три группы показателей, отражающих наиболее важные направления деятельности университетов:
Ряд показателей рейтинга характеризуют общий уровень цифровизации вуза, то есть не ограничиваются напрямую связанными с IT подразделениями, а применимы ко всему вузу в целом. Это относится к научным публикациям в области computer science (не имеет значения, в каком подразделении вуза работает автор публикации), к выручке от работ и услуг в сфере информационно-коммуникационных технологий, к количеству открытых онлайн-курсов на общедоступных платформах, к затратам вуза на IT.
По словам аналитиков агентства, региональное распределение участников рейтинга позволяет сделать вывод о том, что качественная подготовка в сфере IT доступна во многих регионах России — в число пятидесяти сильнейших вузов в сфере «информационные технологии» вошли университеты 27 российских городов, в том числе Красноярска.
Так, Сибирский федеральный университет занял по версии RAEX 19 позицию рейтинга. В СФУ подготовкой IT-специпалистов занимаются два подразделения: Институт космических и информационных технологий и Институт математики и фундаментальной информатики.
При оценке студентов в рамках рейтинга авторы ограничились профильными направлениями подготовки, исключив из спектра оценки те направления, где IТ-составляющая имеет место, но не является доминирующей.
«Исключение составляют лишь математические науки, так как на практике выпускники с математическим бэкграундом активно пополняют ряды сотрудников ведущих IТ-компаний и IТ-подразделений организаций», — объяснили авторы.
Актуальность рейтинга обусловлена тем, что сфера IТ является ключевой для развития экономики нового технологического направления, так называемой цифровой экономики, добавили в СФУ.]]></text>
</doc>
