<?xml version='1.0' encoding='UTF-8'?>
<doc>
  <source><![CDATA[https://newslab.ru/news/903996]]></source>
  <category verify="true" type="str" auto="true"><![CDATA[Новости]]></category>
  <title verify="true" type="str" auto="true"><![CDATA[Новые люди в чёрном, «прогулка» по Америке и турнир певцов: четверг в Красноярске]]></title>
  <keywords verify="true" type="list" auto="true">
    <item type="str"><![CDATA[Новости]]></item>
    <item type="str"><![CDATA[Общество]]></item>
    <item type="str"><![CDATA[В Красноярском крае]]></item>
  </keywords>
  <text verify="true" type="str" auto="true"><![CDATA[В четверг, 13 июня, синоптики обещают солнечную погоду без осадков. С утра столбики уличных термометров остановятся на уровне в +14...25 °C, днём до +28 °C . Ветер будет умеренным юго-западным со скоростью 3 м/c.
В 7:00 всех приглашают на утреннюю зарядку на левобережной набережной Енисея, в районе Центрального парка (Карла Маркса, 151).
В 20:00 в парке «Троя» (улица Баумана, 18) перед главной сценой для желающих размяться приготовили тренировку под открытым небом. Сегодня намечаются жаркие спортивные танцы зумба, одевайтесь поудобнее. Перед посещением тренировки, пожалуйста, позвоните по телефону 290-00-07 и узнайте, будет ли она.
Newslab подготовил вам подборку мероприятий, которые можно посетить в этот четверг:
В кинотеатрах Красноярска покажут фантастический фильм «Люди в черном: Интернэшнл». Люди в черном, тайная организация на страже покоя и безопасности Земли, уже не раз защищали нас от нападения отбросов Вселенной. На этот раз самая большая опасность для мирового сообщества, которой агентам предстоит противостоять — шпион в их рядах. Билеты в кассах кинотеатров.
В 21:00 в The MODS bar (улица Авиаторов, 19) пройдёт певческое соревнование в караоке. Главный приз — 30 000 рублей. Чтобы стать участником, нужно собрать себе команду и связаться с администратором по телефону: 215-30-70.
В 19:00 в на пространстве Yushin Brothers (ул. Карла Маркса, 102) пройдёт встреча с путешественником Алексеем Исиченко. Он провел в Южной Америке семь месяцев, прошел там пешком сотни километров.
«Ребята, всем привет. Мне очень хочется поделиться с вами тем, что я узнал о Южной Америке. Я долго жил в Бразилии и ездил в автостопное путешествие в Анды, чтобы исполнить свою мечту и побывать в Патагонии. Расскажу вам о том, куда можно отправиться, как это сделать, к чему стоит готовиться. Подробно расскажу о тех маршрутах, что я прошел в горах. Поговорим о Бразилии, Арегентине, Чили, Боливии и Перу», — приглашает всех на встречу путешественник.
Вход свободный, всех угостят кофе из Бразилии.
О других интересных событиях можно узнать в афише Красноярска
Расскажите о планах на четверг друзьям, нажав кнопку:]]></text>
</doc>
