<?xml version='1.0' encoding='UTF-8'?>
<doc>
  <source><![CDATA[https://newslab.ru/news/902999]]></source>
  <category verify="true" type="str" auto="true"><![CDATA[Новости]]></category>
  <title verify="true" type="str" auto="true"><![CDATA[Красноярцев позвали на бесплатный мастер-класс по испанскому языку]]></title>
  <keywords verify="true" type="list" auto="true">
    <item type="str"><![CDATA[Новости]]></item>
    <item type="str"><![CDATA[Общество]]></item>
    <item type="str"><![CDATA[В Красноярском крае]]></item>
  </keywords>
  <text verify="true" type="str" auto="true"><![CDATA[11 июня сотрудники Центра испанского языка Сибирского федерального университета проведут для всех желающих бесплатный мастер-класс по испанскому языку для начинающих. Об этом сообщила директор Центра испанского языка СФУ Ольга Гевель.
По её словам занятие проведёт старший преподаватель кафедры романских языков и прикладной лингвистики Института филологии и языковой коммуникации Себастьян Ордоньес Чакон.
«Себастьян — преподаватель испанского Университета Кадиса и уже 6 лет работает в СФУ. У него большой опыт проведений занятий по испанскому языку для начинающих, такие мастер-классы он неоднократно проводил на днях открытых дверей СФУ, для школьников Красноярска и Красноярского края, — рассказала Ольга Гевель. — На мастер-классе можно оценить свои силы и если захочется продолжения, то в ближайшее время стартуют летние курсы для начинающих из 20 занятий».
Стоимость курса 6 тысяч рублей. Занятия будут проходить в вечернее или утреннее время — по согласованию с группой. По окончании выдаются сертификаты.
Первое бесплатное занятие пройдет 11 июня в 18:00, в корпусе СФУ по адресу пр. Свободный, 82а, аудитория 2-33. При себе иметь любой документ.]]></text>
</doc>
