<?xml version='1.0' encoding='UTF-8'?>
<doc>
  <source><![CDATA[https://newslab.ru/news/902841]]></source>
  <category verify="true" type="str" auto="true"><![CDATA[Новости]]></category>
  <title verify="true" type="str" auto="true"><![CDATA[Красноярские автоледи-блондинки рассказали о безопасности на железнодорожных переездах (видео)]]></title>
  <keywords verify="true" type="list" auto="true">
    <item type="str"><![CDATA[Новости]]></item>
    <item type="str"><![CDATA[Общество]]></item>
    <item type="str"><![CDATA[В Красноярском крае]]></item>
  </keywords>
  <text verify="true" type="str" auto="true"><![CDATA[В Красноярске прошла акция в честь Всемирного дня безопасности на железнодорожных переездах. В этот раз акцию «Переезд — центр твоего внимания» поддержали автоледи-блондинки. Они продемонстрировали запрещающие знаки, которые напоминали об отвлекающих водителей привычках.
«Знаки напоминают о вредных привычках водителей, которые отвлекают их от управления автомобилем и могут привести к ДТП, в том числе и на переездах. Наиболее распространенные и опасные привычки, — селфи в салоне, разговоры и переписка по телефону, быстрые перекусы и макияж за рулем», — рассказала участник акции Алёна Подобедова.
Во время акции отметили, что в Красноярском крае за последнее время не произошло ни одного ДТП на переезде с участием водителя-женщины.
Волонтеры вручили автомобилистам блокноты с правилами пересечения переездов и автоароматизаторы в виде предупреждающего дорожного знака. Мероприятие поддержала Госавтоинспекция Красноярска.
В Красноярском крае более трехсот железнодорожных переездов. Для безопасности на них установлены современные предупредительные и заградительные устройства, системы автоматической сигнализации, освещения и т.д. Но полностью решить проблему нарушений может только ответственное поведение самих водителей.]]></text>
</doc>
