<?xml version='1.0' encoding='UTF-8'?>
<doc>
  <source><![CDATA[https://newslab.ru/news/905460]]></source>
  <category verify="true" type="str" auto="true"><![CDATA[Новости]]></category>
  <title verify="true" type="str" auto="true"><![CDATA[После жалобы красноярки Путину губернатор и мэр приехали в проблемный район Солнечного и пообещали сквер]]></title>
  <keywords verify="true" type="list" auto="true">
    <item type="str"><![CDATA[Новости]]></item>
    <item type="str"><![CDATA[Общество]]></item>
    <item type="str"><![CDATA[В Красноярском крае]]></item>
  </keywords>
  <text verify="true" type="str" auto="true"><![CDATA[Губернатор Красноярского края Александр Усс и мэр Сергей Ерёмин провели выездное совещание в микрорайоне Солнечный. Поводом экстренного выезда стало обращение местной жительницы к президенту Владимиру Путину на прямую линию. Ксения Бессонова пожаловалась, что в микрорайоне не развита инфраструктура, не хватает школ и садиков, а на месте предполагаемого сквера скоро появится жилой дом.
Губернатор на прямой линии доложил президенту, что в этом году в Солнечном построили школу и детский сад. Также Александр Усс пообещал, что парк в этом районе обязательно появится.
После разговора с президентом губернатор, председатель Горсовета и мэр выехали в Солнечный. Оказалось, разбить сквер там, где просят жители, невозможно. На эту территорию еще в 2016 году выдано разрешение на строительство жилья и отозвать его нет оснований.
«В последние два года здесь было много сделано руководством муниципалитета для исправления ситуации. Кроме этого, с застройщиком достигнута договоренность о выделении необходимого участка земли для строительства школы и детского сада. Все эти действия предусмотрены планами. В прошлом году в микрорайоне был благоустроен сквер, но это не отменяет необходимости создавать полноценный парк», — сказал Александр Усс.
В результате было решено разбить в третьем микрорайоне парковую зону в шаговой доступности по программе «Комфортная городская среда». К ее строительству приступят в следующем году.
Между тем, Следственный комитет начал проверку по факту обращения. Следователи изучат обстоятельства нарушения прав граждан и оценят действия должностных лиц, которые допустили решения о выдаче разрешений на строительства. По результатам проверки примут процессуальное решение.
Предыстория: Красноярка дозвонилась на «прямую линию» к президенту и пожаловалась на застройку (видео)]]></text>
</doc>
