<?xml version='1.0' encoding='UTF-8'?>
<doc>
  <source><![CDATA[https://newslab.ru/news/904219]]></source>
  <category verify="true" type="str" auto="true"><![CDATA[Новости]]></category>
  <title verify="true" type="str" auto="true"><![CDATA[Статистики подсчитали зарплаты красноярских врачей. Получают намного выше среднего]]></title>
  <keywords verify="true" type="list" auto="true">
    <item type="str"><![CDATA[Новости]]></item>
    <item type="str"><![CDATA[Общество]]></item>
    <item type="str"><![CDATA[В Красноярском крае]]></item>
  </keywords>
  <text verify="true" type="str" auto="true"><![CDATA[Ко Дню медицинского работника статистики подсчитали зарплаты красноярских врачей.
В 2018 году, по данным Красстата, средняя начисленная зарплата в государственных организациях края у врачей составила 77 986 рублей, у среднего медперсонала — 39 216 рублей, у младшего медперсонала — 38 457 рублей. При этом зарплата врачей существенно выше средней зарплаты по региону по всем категориям, а вот средний младший персонал получает меньше среднего.
При подсчете учитывались работники медицинских организаций, имеющие профильное образование и предоставляющие медуслуги в организациях образования, науки, культуры, здравоохранения, социального обслуживания.
Одновременно с этим специалисты сайта по поиску работы HeadHunter проанализировали вакансии, в которых ищут медиков. По их данным, в среднем работодатели Красноярска готовы платить врачам 56 600 рублей (среднее ожидаемое вознаграждение — от 40 000 руб. до 65 000 руб.), младшему и среднему медицинскому персоналу — 31 600 рублей, а фармацевтам — 37 700. По данным сайта объявлений Avito, средняя предлагаемая зарплата на медицинских вакансиях в Красноярском крае и того ниже: около 31 тысячи рублей.
Работодатели чаще всего ищут лечащих врачей (31% от общего количества размещенных вакансий), врачей-экспертов (27%) и специалистов в области клинических исследований (20%).
Медпомощь населению в крае оказывали 123 больницы, 573 поликлиники и 833 фельдшерско-акушерских пункта.
В медицинских организациях края на конец 2018 года работали 14,3 тысячи врачей всех специальностей и 34 тысячи работников среднего медицинского персонала. Это на 1,3 % и 0,8 % соответственно больше, чем в 2017 году.
Больше всего среди врачей терапевтов — 24,4 %, далее по численности идут стоматологи — 10,2 % и хирурги 9,8 %. Средний медперсонал на 70 % состоит из медсестер.]]></text>
</doc>
