<?xml version='1.0' encoding='UTF-8'?>
<doc>
  <source><![CDATA[https://newslab.ru/news/902758]]></source>
  <category verify="true" type="str" auto="true"><![CDATA[Новости]]></category>
  <title verify="true" type="str" auto="true"><![CDATA[В Красноярске начал портиться воздух]]></title>
  <keywords verify="true" type="list" auto="true">
    <item type="str"><![CDATA[Новости]]></item>
    <item type="str"><![CDATA[Происшествия]]></item>
    <item type="str"><![CDATA[Общество]]></item>
    <item type="str"><![CDATA[В Красноярском крае]]></item>
  </keywords>
  <text verify="true" type="str" auto="true"><![CDATA[С утра 6 июня в Красноярск фиксируют загрязнение воздуха. Об этом сообщили экологические общественники, которые ежедневно мониторят ситуацию в краевой столице.
В четверг в большинстве районов фиксируется небольшое превышение предельно допустимой концентрации вредных веществ. Сильного загрязнения пока не обнаружено.
По данным синоптиков, на ситуацию повлияли погодные условия, которые с вечера среды способствуют кратковременному накоплению загрязняющих веществ в атмосфере. Сегодня прогнозируется «повышенное загрязнение». В городе ожидается небольшая облачность, без осадков. Ветер будет дуть с юго-востока со скоростью 3-8 м/с, иногда возможны порывы до 12 м/с. Воздух прогреется до 26... 28 °C.
«К сожалению, отсутствие ветра сказывается на уровне загрязнения, но все же воздух пока остаётся в норме. Зимой при таком штиле мы бы уже задыхались», — сетуют общественники.
Публикация от @nebo.community 5 Июн 2019 в 6:49 PDT
Красноярцы также жалуются на плохой воздух. Так, об ухудшении экологической обстановки сообщили жители Солнечного:
«В Солнечном сегодня ночью жесть была»;
«В Солнечном сильно пахнет химией. Не открываем окна. На работу сегодня не поеду, здоровье дороже».]]></text>
</doc>
