<?xml version='1.0' encoding='UTF-8'?>
<doc>
  <source><![CDATA[https://newslab.ru/news/904066]]></source>
  <category verify="true" type="str" auto="true"><![CDATA[Новости]]></category>
  <title verify="true" type="str" auto="true"><![CDATA[Абитуриенты смогут подать документы на поступление в СФУ через выездную приемную комиссию]]></title>
  <keywords verify="true" type="list" auto="true">
    <item type="str"><![CDATA[Новости]]></item>
    <item type="str"><![CDATA[Общество]]></item>
    <item type="str"><![CDATA[В Красноярском крае]]></item>
  </keywords>
  <text verify="true" type="str" auto="true"><![CDATA[С 28 июня и по 5 июля абитуриенты Улан-Удэ, Горно-Алтайска, Братска, Новокузнецка, Кызыла, Читы, Ангарска, и Богучан смогут подать документы для поступления в СФУ максимально удобно, не выезжая в Красноярск.
Для подачи заявления абитуриенту при себе необходимо иметь оригинал или копию аттестата/диплома с приложением к нему, паспорт и копию паспорта (в том числе страницы с пропиской), по желанию — фотографии (размер 3х4). Документы принимаются только от поступающих на общих основаниях на бюджетные и платные места.
График работы выездных приёмных комиссий]]></text>
</doc>
