<?xml version='1.0' encoding='UTF-8'?>
<doc>
  <source><![CDATA[https://newslab.ru/news/902657]]></source>
  <category verify="true" type="str" auto="true"><![CDATA[Новости]]></category>
  <title verify="true" type="str" auto="true"><![CDATA[Красноярский минздрав опроверг информацию о проблемах с инсулином]]></title>
  <keywords verify="true" type="list" auto="true">
    <item type="str"><![CDATA[Новости]]></item>
    <item type="str"><![CDATA[Общество]]></item>
    <item type="str"><![CDATA[В Красноярском крае]]></item>
  </keywords>
  <text verify="true" type="str" auto="true"><![CDATA[В Красноярском крае достаточно инсулина для всех нуждающихся, сообщили в краевом министерстве здравоохранения после того, как в СМИ появились сообщения о его нехватке.
В пресс-службе пояснили, что заболеванием «сахарный диабет» в регионе страдают более 70 тысяч человек. Ежегодно для них закупаются высококачественные генно-инженерные инсулины и их аналоги, включая инсулины отечественного производителя на сумму около 300 миллионов рублей.
В 2019 году запас сделан на 9 месяцев. За счет средств краевого и федерального бюджета для пациентов купили 198,1 миллион доз лекарства — это 128,2 тысячи упаковок на общую сумму 263,5 миллиона рублей.
Сейчас на складе и в аптеках Красноярского края есть 108,8 миллионов доз этого лекарственного препарата. Этого количества, по данным минздрава, хватит на 3,5 месяца.
Сейчас представители министерства занимаются закупкой препаратов на 4 квартал 2019 года.
В минздраве отметили, что за 5 месяцев 2019 года пациенты уже получили льготные лекарства, включая инсулин, на общую сумму в 256,7 миллионов рублей. Аптеки выполнили заказы по 346,6 тысяче рецептов.]]></text>
</doc>
