<?xml version='1.0' encoding='UTF-8'?>
<doc>
  <source><![CDATA[https://newslab.ru/news/903691]]></source>
  <category verify="true" type="str" auto="true"><![CDATA[Новости]]></category>
  <title verify="true" type="str" auto="true"><![CDATA[В Красноярске заказали проект ремонта правобережной набережной от Торгового центра]]></title>
  <keywords verify="true" type="list" auto="true">
    <item type="str"><![CDATA[Новости]]></item>
    <item type="str"><![CDATA[Общество]]></item>
    <item type="str"><![CDATA[В Красноярском крае]]></item>
  </keywords>
  <text verify="true" type="str" auto="true"><![CDATA[Для ремонта набережной правого берега Енисея у микрорайона Торговый центр и на улице Гладкова ищут проектировщика. Конкурс на сайте госзакупок объявил накануне краевой минстрой.
Речь идёт об участках правобережной набережной от здания № 124 «А» на проспекте «Красноярский рабочий» (торговый центр «Красноярье») до Коммунальной, 24 в Кировском районе и от дома № 175 «А» по Судостроительной до 8 «А» по Гладкова в Свердловском районе. Это станет продолжением общего проекта «Перезагрузка», который красноярские власти планируют реализовать в 2019 году.
В районе торгового центра и сквера «Энтузиастов», который находится неподалёку, оборудуют причал для общественного водного транспорта, зону кафе на воде, смотровую площадку у Енисея, зоны для фотосессий и событийных мероприятий (амфитеатр). На набережной также проложат велосипедные и пешеходные дорожки, соединив их со сквером в единое «пешеходно-велосипедное кольцо».
На участке от Гладкова до Судостроительной организуют террасу со спортивными и детскими площадками, на нижнем ярусе будут зоны контакта с водой, тихого отдыха, пляжа, проката безмоторного транспорта. Их соединят «плавучей тропой». Всё это входит в техническое задание документации.
Проект оценили в 13 млн рублей. На его подготовку минстрой даёт 70 дней.
В марте выбрали проектировщика для участка набережной от Предмостной площади до дома № 8 «а» по улице Гладкова — им стала компания «Красноярскгражданпроект». Проект обошёлся краевым властям в 4,5 млн рублей. Проведение самих работ оценили в 139,18 млн рублей. Закончить благоустройство на этом участке должны до 31 октября.
Какие ещё скверы Красноярска отремонтируют в 2019-м году
Продолжение: На правобережной набережной срубят 53 дерева
Предыстория: Красноярцам показали проект «перезагрузки» правобережной набережной в 2019 году]]></text>
</doc>
