<?xml version='1.0' encoding='UTF-8'?>
<doc>
  <source><![CDATA[https://newslab.ru/news/904257]]></source>
  <category verify="true" type="str" auto="true"><![CDATA[Новости]]></category>
  <title verify="true" type="str" auto="true"><![CDATA[Корреспондент Newslab стала призером журналистского конкурса от «Ростелекома»]]></title>
  <keywords verify="true" type="list" auto="true">
    <item type="str"><![CDATA[Новости]]></item>
    <item type="str"><![CDATA[Общество]]></item>
    <item type="str"><![CDATA[В Красноярском крае]]></item>
  </keywords>
  <text verify="true" type="str" auto="true"><![CDATA[«Ростелеком» в Красноярске подвел итоги регионального этапа VIII Всероссийского конкурса журналистов и блогеров «Вместе в цифровое будущее». Топ-менеджер Красноярского филиала ПАО «Ростелеком» Евгений Петров поблагодарил представителей медиа-сообщества столицы края за активное участие в конкурсе и вручил награды. Призером регионального этапа стала корреспондент Newslab Мария Русскова.
Журналисты могли заявить свои работы по четырем основным номинациям: «Печатная пресса», «Радио и телевидение», «Интернет-СМИ» и «Социальные медиа». Кроме того, для участников конкурса представили две специальные номинации: «5G — платформа новых возможностей» и «Биометрия — путь к цифровой идентичности».
Представители 19 красноярских СМИ направили свои работы на профессиональный конкурс в этом году. Свою заявку на победу также обозначили краевые журналисты из Енисейска и Лесосибирска. Традиционно активно в конкурсе участвовали СМИ из Хакасии и Тувы. В общей сложности на суд жюри было представлено 30 журналистских работ из всех трех регионов.
Публикация журналиста интернет-газеты Newslab.ru Марии Руссковой «„Вам бы их мозги!“: топ самых крутых красноярских школьников» заняла третье место в регионе в номинации «Интернет-СМИ». На федеральном этапе конкурса СМИ в номинации «Печатная пресса» Красноярск представит корреспондент журнала «Эксперт-Сибирь» Андрей Мужщинский. Его работа «Обезопасить цифру» получила высокую оценку регионального жюри. Вместе с победителями конкурса из других регионов журналист отправится в Москву на церемонию награждения, а также побывает в офисе партнера конкурса — компании Ericsson.
Директор Красноярского филиала ПАО «Ростелеком» Евгений Петров вручил участникам дипломы и поблагодарил за проделанную работу: «Красноярские представители медиа-сообщества традиционно выходят в региональный топ конкурса СМИ. Мы очень гордимся коллегами и их достижениями. Всегда готовы их видеть на нашей профессиональной телекоммуникационной кухне и предоставлять пищу для будущих победоносных материалов. Федеральный Олимп еще не покорен и нам всем есть куда стремиться».
Призер регионального этапа конкурса журналист Андрей Мужщинский признался, что про телекоммуникации писать ему удается не часто, однако тему цифровизации и информационной безопасности в своих материалах периодически поднимает: «Говорить об этом нужно, различные технологии развиваются бурными темпами, и та же биометрия, о которой мы недавно только в фильмах смотрели, сейчас активно входит в нашу жизнь. Важно быть в курсе, что это такое, какие преимущества дает нам это нововведение и в какие моменты нужно проявлять бдительность», — отметил он.
Предыстория: Красноярские журналисты могут выиграть поездку в штаб-квартиру Ericsson в Стокгольме]]></text>
</doc>
