<?xml version='1.0' encoding='UTF-8'?>
<doc>
  <source><![CDATA[https://newslab.ru/news/904712]]></source>
  <category verify="true" type="str" auto="true"><![CDATA[Новости]]></category>
  <title verify="true" type="str" auto="true"><![CDATA[Начинает работу выездная приемная комиссия СибГУ им. Решетнева]]></title>
  <keywords verify="true" type="list" auto="true">
    <item type="str"><![CDATA[Новости]]></item>
    <item type="str"><![CDATA[Общество]]></item>
    <item type="str"><![CDATA[В Красноярском крае]]></item>
  </keywords>
  <text verify="true" type="str" auto="true"><![CDATA[Начинает работу выездная приемная комиссия СибГУ им. М.Ф. Решетнева. Об этом рассказали в пресс-службе вуза.
С 28 июня по 11 июля абитуриенты из различных районов Красноярского края, Читинской, Томской, Кемеровской, Иркутской областей, Алтайского края, Бурятии, Якутии смогут подать документы для поступления в СибГУ им. М.Ф. Решетнева, не выезжая в Красноярск.
При себе нужно иметь документ, удостоверяющий личность, и его копию, 4 фотографии 3*4, копию или оригинал аттестата или диплома (если оставляете копию, оригинал нужно просто показать), документы, которые подтверждают индивидуальные достижения или особые права (льготы).
Как расказали в вузе, место работы выездной приемной комиссии в пгт Балахта и п. Новоселово 1 июля уточняется. Информация появится позже.
Все вопросы можно задать по тел. 8 (391) 266-04-14, 227-36-32, 291-91-75, 262-95-96 или в группе ВКонтакте .
Населенный пункт
Дата и время работы пункта
Место расположения пункта
Адрес
г. Чита
28 июня
9.00-18.00
ГПОУ «Читинский политехнический колледж»
г. Чита, ул. Полины Осипенко, 18
г. Улан-Удэ
1 июля
9.00-18.00
ГБПОУ «Бурятский лесопромышленный колледж»
г.Улан-Удэ, пр. Победы, 20
г. Мариинск
1 июля
9.00-17.00
ГПОУ «Мариинский политехнический техникум»
г.Мариинск, ул. Котовского, 18
г. Томск
3 июля
10.00-17.00
ОГБПОУ «Томский лесотехнический техникум»
г. Томск, ул. К.Маркса, 22
г. Бийск
29 июня
10.00-14.00
КГБПОУ «Бийский техникум лесного
Хозяйства»
г.Бийск, ул. Лермонтова, 201
г. Канск
1 июля
12.00-17.00
КГБПОУ «Канский технологический колледж»
г. Канск, ул. Кайтымская, 56
г. Ачинск
2 июля
15.00-18.00
КГАОУ СПО «Ачинский техникум нефти и газа»
г.Ачинск, ул. Дружбы Народов, 8
г. Назарово
3 июля
09.00-12.00
МБОУ Лицей № 8
г.Назарово, ул. Карла Маркса, 46А
г. Шарыпово
3 июля
14.00-17.00
МБОУ СОШ № 2
г. Шарыпово, 2 микрорайон здание 8 каб. 323
пгт. Балахта
1 июля
11.00-13.00
Место проведение определяется управлением образования
пгт. Балахта,
ул. Сурикова, 1
п. Новоселово
1 июля
15.00-19.00
Место проведение определяется управлением образования
п.Новоселово,
ул. Ленина, 9
г. Минусинск
2 июля
09.00-12.00
МЦ «Защитник»
г.Минусинск, ул.Штабная, 14
пгт. Шушенское
2 июля
14.00-16.00
Управление образованием администрации Шушенского района
пгт. Шушенское,
2 микрорайон, 1А
п. Курагино
3 июля
09.00-11.00
МБОУ СОШ № 3
п.Курагино, ул. Новостройка, 15
с. Каратузкое
3 июля
13.00-15.00
МАОУ ДОД «Радуга»
с.Каратузкое, ул. Советская,36А
г. Кодинск
1 июля
15.00-17.00
КГБПОУ «Приангарский политехнический техникум»
г.Кодинск, ул. Колесниченко, 6
с. Богучаны
3 июля
09.00-12.00
КГБПОУ «Приангарский политехнический техникум»
с. Богучаны, ул. Партизанская, д. 41
г. Усть-Илимск
8 июля
10.00-16.00
Управление образования
г.Усть-Илимск, ул. Мечтателей, 28, каб. 202
г. Братск
11 июля
10.00-16.00
Учебный центр
г.Братск, ул. БЛПК, 1
г. Республика Саха (Якутия)
7 июля
10.00-19.00
Площадь Орджоникидзе
г. Иркутск
5 июля
11.00-18.00
ФБУ «Рослесозащита «ЦЗЛ Иркутской области»
Ул. Карла Либкнехта,12
Фото на главной: vk.com/reshu2019]]></text>
</doc>
