<?xml version='1.0' encoding='UTF-8'?>
<doc>
  <source><![CDATA[https://newslab.ru/news/904058]]></source>
  <category verify="true" type="str" auto="true"><![CDATA[Новости]]></category>
  <title verify="true" type="str" auto="true"><![CDATA[Красноярские статистики назвали самые подорожавшие за год товары и услуги]]></title>
  <keywords verify="true" type="list" auto="true">
    <item type="str"><![CDATA[Новости]]></item>
    <item type="str"><![CDATA[Общество]]></item>
    <item type="str"><![CDATA[В Красноярском крае]]></item>
  </keywords>
  <text verify="true" type="str" auto="true"><![CDATA[Цены на товары и услуги в Красноярском крае выросли за год в среднем на 5,7 процента. За прошедший месяц рост составил 0,4 %, данные приводит Красноярскстат.
С мая 2018 года по май 2019-го из 504 товаров и услуг, стоимость которых мониторят статистики, только на 51 наименований цена снизилась. У 278 товаров рост цен не превысил уровень инфляции, а по 175 товарам рост оказался выше инфляции.
Известны самые подорожавшие за год товары. Так, цены на пшено выросли на 97,7 процента, капуста белокочанная подорожала на 93,8 %, охлаждённые и мороженые куры стали на четверть дороже, а рыбное филе — на 20,2 процента. Удорожание отметили и по ряду услуг — обращение с твердыми коммунальными отходами выросло в цене на 67,1 %, наём муниципального жилья — на 32,3 %, сотовая связь — на 21,3 процента.
До этого статистики отмечали рост цен на квартиры. По их данным, в сравнении с 2018 годом стоимость одного квадратного метра жилья выросла почти на 1 %.
Также наблюдается падение реальных доходов населения (доходы, скорректированные на индекс потребительских цен) на 2,5 % по сравнению с прошлым годом. Среднемесячная заработная плата в Красноярском крае сейчас составляет 45 817,2 рублей, что с учетом роста цен лишь на 0,9 % больше, чем в 2018-м году.]]></text>
</doc>
