<?xml version='1.0' encoding='UTF-8'?>
<doc>
  <source><![CDATA[https://newslab.ru/news/905504]]></source>
  <category verify="true" type="str" auto="true"><![CDATA[Новости]]></category>
  <title verify="true" type="str" auto="true"><![CDATA[ГИБДД объявила о масштабных облавах на дорогах Красноярска. Скрытые патрули проследят за всеми водителями]]></title>
  <keywords verify="true" type="list" auto="true">
    <item type="str"><![CDATA[Новости]]></item>
    <item type="str"><![CDATA[Происшествия]]></item>
    <item type="str"><![CDATA[В Красноярском крае]]></item>
  </keywords>
  <text verify="true" type="str" auto="true"><![CDATA[В конце недели сотрудники полка ДПС проведут сразу несколько рейдов в Красноярске и на трассе Р-257 «Енисей». Их цель — профилактика нарушений ПДД и снижение аварийности.
«В пятницу на выездах из города автоинспекторы будут проверять правила перевозки детей. Водителям, нарушившим ПДД, предложат вернуться в город и обеспечить безопасную поездку ребенка. Кроме этого, загородные трассы и близлежащие населенные пункты, а также места массового притяжения отдыхающих будут патрулировать полицейские на мотоциклах и скрытые патрули ДПС. В ночное время инспекторы проведут рейд „Нетрезвый водитель“», — рассказали в дорожной полиции.
Места рейда по поимке пьяных автомобилистов, как всегда, держатся в секрете. Сотрудники ДПС будут ограничивать движение на разных оживленных улицах Красноярска и останавливать всех водителей. Проверке подвергнут каждого. Водителям с признаками опьянения предложат пройти освидетельствование в патрульном авто, либо наркологическом диспансере. Если п одозрения сотрудников ДПС подтвердятся, то в отношении водителя составят административные материалы, а машину поместят на спецстоянку.
За вождение в состоянии опьянения предусмотрен административный штраф в 30 тысяч рублей и лишение прав на срок до 2 лет. Отказ от прохождения медосвидетельствования влечет аналогичные последствия.
За повторное вождение в нетрезвом виде грозит уже уголовное преследование.
Сообщить в полицию о пьяном водителе может любой житель города. Для этого нужно позвонить на телефон «Синей линии» по номеру +7 (391) 263-10-19.]]></text>
</doc>
