<?xml version='1.0' encoding='UTF-8'?>
<doc>
  <source><![CDATA[https://newslab.ru/news/902601]]></source>
  <category verify="true" type="str" auto="true"><![CDATA[Новости]]></category>
  <title verify="true" type="str" auto="true"><![CDATA[Красноярские футболисты «Тотема» сыграли в финале турнира «Будущее зависит от тебя»]]></title>
  <keywords verify="true" type="list" auto="true">
    <item type="str"><![CDATA[Новости]]></item>
    <item type="str"><![CDATA[Спорт]]></item>
    <item type="str"><![CDATA[В Красноярском крае]]></item>
  </keywords>
  <text verify="true" type="str" auto="true"><![CDATA[В Сочи определились победители XV Открытых всероссийских соревнований по футболу среди команд из детских домов и школ-интернатов «Будущее зависит от тебя». Турнир ежегодно проводится компанией «МегаФон» при поддержке Министерства спорта РФ, Министерства просвещения РФ и Российского футбольного союза.
Финальные игры соревнований «Будущее зависит от тебя» проходили с 27 по 30 мая на стадионе «Планета Чемпионов» в Сочи и собрали 18 команд юношей и девушек в возрасте от 10 до 15 лет из 15 регионов России и из Таджикистана. Победителем в старшей возрастной группе стала команда «Интер» из Оренбургской области, в младшей группе — «Цумада» из Республики Дагестан.
Главным призом для юных чемпионов станет путевка в летний лагерь футбольного клуба «Барселоны».
В финальный этап чемпионата России среди воспитанников детских домов также прошли сразу две команды ФК «Тотем». Юниорскому составу удалось занять второе место, несколько ребят были признаны лучшими игроками турнира.
«Каждая победа наших ребят — это важное и несомненно радостное событие, а каждое поражение — серьезный опыт для детей. Сегодня я чувствую гордость за наших воспитанников, за тренеров футбольного клуба, отстоявших честь Красноярска и всей Сибири. Завоевать „серебро“ было очень и очень непросто, поэтому все ребята для нас — настоящие победители», — сказал президент ФК «Тотем» Сергей Горбунов.
Красноярские футболисты находились буквально в нескольких минутах от предстоящего поражения, но под палящим сочинским солнцем каждый игрок клуба бился до последнего. Забить решающие мячи удалось за секунды до финального свистка. Финальная игра с командой «Цумада» из республики Дагестан завершилась со счётом 3:2.
«Турнир „Будущее зависит от тебя“ очень важен для нас, так как он, в первую очередь, нацелен на раскрытие талантов детей-сирот. Каждый год мы уделяем большое внимание подготовке и проведению мероприятий проекта. Как региональные этапы, так и финальные дают возможность участникам показать свои спортивные навыки, командную слаженную работу. Для некоторых команд участие в турнире становится настоящим вызовом, другие задают тон всем остальным участникам, но, в любом случае, каждому есть к чему стремиться. В этом году сотрудники МегаФона на мастер-классах помогли ребятам потренировать навыки публичного выступления, продемонстрировать творческие способности, умение слышать и договариваться. Турнир позволяет участникам раскрыть свой потенциал, ведь они находятся в нестандартных для себя условиях, а для взрослых это хорошая возможность увидеть детей совершенно с другой стороны», — отметила Валентина Ватрак, директор по корпоративному развитию и управлению персоналом компании «МегаФон».
Дни соревнований получились очень активными и веселыми: каждый день ребят ждала развлекательная и образовательная программа. Во время экскурсии на стадион «Фишт» дети познакомились с инженерами МегаФона, которые рассказали, как строились коммуникации для Олимпийских игр и как обеспечить связью и интернетом болельщиков.
В один из дней команда МегаФона подготовила интерактивную игру «Цифровой мир начинается с тебя», где сотрудники рассказывали о цифровых решениях компании, а также о том, как создаются рекламные кампании. Объединившись в команды, юные футболисты проявили свою креативность и подумали над новыми идеями, которые могут быть полезны для достижения спортивных результатов: умные бутсы, браслет на ногу, посылающий сигналы от тренера игроку, встроенный чип и другие умные устройства, помогающие отслеживать состояние здоровья спортсмена.
На профориентационном вечере команды в игровой форме «примеряли» профессии из спортивной индустрии: комментировали матчи, делали интервью со спортсменом, разбирали игровой момент и выносили свое решение в качестве арбитра, учились оказывать первую помощь.
После возвращения домой ребята смогут продолжить изучать мир профессии на портале naprimerku.ru, где представлены более 60 видов занятости из различных профессиональных сфер.
«Впечатления очень хорошие, ребята довольны поездкой и своей игрой. Несмотря на то, что сначала игра немного не складывалась, все закончилось хорошо — команда собралась и показала себя на других играх также отлично, как на тренировках. Все, что дети здесь получили, они возьмут с собой, они нашли себе новых друзей. Главное, что у детей появился стимул — выйти и показать себя, что они могут, так как у нас нет других возможностей выехать куда-то», — говорит Магомедапанди Исаев, тренер команды-победителей «Цумада».
Теперь мальчишек-чемпионов из «Интера» и «Цумады» ждет поездка в футбольный лагерь знаменитого клуба «Барселона» в Сочи.]]></text>
</doc>
