<?xml version='1.0' encoding='UTF-8'?>
<doc>
  <source><![CDATA[https://newslab.ru/news/904260]]></source>
  <category verify="true" type="str" auto="true"><![CDATA[Новости]]></category>
  <title verify="true" type="str" auto="true"><![CDATA[В красноярском зоопарке впервые родились сине-желтые лягушата-дендробатисы (видео)]]></title>
  <keywords verify="true" type="list" auto="true">
    <item type="str"><![CDATA[Новости]]></item>
    <item type="str"><![CDATA[Общество]]></item>
    <item type="str"><![CDATA[В Красноярском крае]]></item>
  </keywords>
  <text verify="true" type="str" auto="true"><![CDATA[В красноярском парке флоры и фауны «Роев ручей» появилось потомство у красивейших сине-жёлтых лягушек-древолазов. Вид размножился впервые.
Лягушата размером всего 1 см, они ловко охотятся на маленьких мушек дрозофил.
«В дикой природе лягушки-древолазы очень трепетно заботятся о потомстве. Самка откладывает от 1 до 6 икринок, самец регулярно омывает их капельками воды, которые приносит на своих лапках. Появившегося головастика самец на своей спине несёт в своеобразную ванну — скопление воды в основании листового пучка бромелиевых растений, где головастик растёт и развивается. В парке „Роев ручей“ об икринках заботятся зоологи. Каждую из отложенных самкой икринок они регулярно смачивают водой из пипетки в течение месяца. Появившихся головастиков рассаживают в ёмкости с водой, каждого отдельно: в этот период жизни им свойствен каннибализм. В течении месяца головастики развиваются, постепенно превращаясь в лягушек», — рассказали зоологи.
Прыгают эти лягушки не часто, предпочитая передвигаться короткими перебежками с частыми рывками и «поклонами». В неволе при идеальных условиях содержания эти лягушки доживают до 20 лет, размер взрослой особи — 5-6 см.
В дикой природе древолазы обитают во влажных лесах Южной Америки. Ядовиты. Охотники коренного населения Южной Америки использовали яд древолазов для смазывания дротиков.]]></text>
</doc>
