<?xml version='1.0' encoding='UTF-8'?>
<doc>
  <source><![CDATA[https://newslab.ru/news/904210]]></source>
  <category verify="true" type="str" auto="true"><![CDATA[Новости]]></category>
  <title verify="true" type="str" auto="true"><![CDATA[На вантовом в Красноярске снова меняют правила для пешеходов и велосипедистов]]></title>
  <keywords verify="true" type="list" auto="true">
    <item type="str"><![CDATA[Новости]]></item>
    <item type="str"><![CDATA[Общество]]></item>
    <item type="str"><![CDATA[В Красноярском крае]]></item>
  </keywords>
  <text verify="true" type="str" auto="true"><![CDATA[Обновлено: Красноярцам разрешили кататься только в середине вантового моста
На мосту до Татышева в Красноярске нанесут новую разметку, которая поможет развести потоки людей. Он будет открыт как для пешеходов, так для велосипедистов и роллеров, сообщили в мэрии.
Такое решение накануне приняла комиссия по организации дорожного движения в городе из числа представителей департамента городского хозяйства Красноярска, общественников и ГИБДД.
«В последнее время на мосту резко выросло количество конфликтов между велосипедистами и пешеходами. За первые недели активного вело-сезона зафиксировали сразу несколько случаев наезда велосипедистов на гуляющих пешком, и даже получения серьезных травм среди представителей обеих сторон. На мосту была даже нанесена временная разметка, предусматривающая движение только для пешеходов. Рассмотрение вопроса на рабочей группе вызвало бурные обсуждения. Предлагались разные варианты решения проблемы и разделения потоков, вплоть до установки турникетов и разделителей. В итоге было решено открыть мост и для велосипедного, и для пешеходного движения, а потоки разделить с помощью более рациональной разметки», — рассказали в департаменте городского хозяйства.
Новая разметка появится в ближайшие недели, добавили в мэрии. На мосту нанесут две полосы для велосипедистов и роллеров. Они будут шириной 1,5 метра и займут среднюю часть моста. По краям останутся дорожки для пешеходов — по 1,8 метра с обеих сторон. Таким образом для всех организуют движение в прямом и обратном направлении.
Проезд для велосипедистов запретили 6 июня — мост сделали полностью пешеходным при помощи специальных знаков и разметки. У красноярцев запрет вызвал протест — инициативная группа даже создала петицию в интернете. Спустя пять дней с ввода запрета движение вернули в прежний режим.
Предыстория: На вантовый мост после четырех дней запрета вернули велосипеды
На красноярском вантовом мосту появились новые знаки и разметка. Теперь по нему нельзя ездить на велосипеде
Запрет велосипедов на мосту до Татышева разозлил красноярцев: создали петицию]]></text>
</doc>
