<?xml version='1.0' encoding='UTF-8'?>
<doc>
  <source><![CDATA[https://newslab.ru/news/904258]]></source>
  <category verify="true" type="str" auto="true"><![CDATA[Новости]]></category>
  <title verify="true" type="str" auto="true"><![CDATA[«Ребенок не умел плавать»: стали известны подробности гибели 10-летней девочки на озере]]></title>
  <keywords verify="true" type="list" auto="true">
    <item type="str"><![CDATA[Новости]]></item>
    <item type="str"><![CDATA[Происшествия]]></item>
    <item type="str"><![CDATA[В Красноярском крае]]></item>
  </keywords>
  <text verify="true" type="str" auto="true"><![CDATA[Красноярские следователи рассказали подробности гибели 10-летней девочки на озере.
По данным Следственного комитета, все произошло накануне, 13 июня. Жительница Кедрового отдыхала на озере Светлое вместе с 10-летней дочерью. Ребенок не умел плавать.
«Девочка играла на берегу с мячом. Когда он упал в воду, она побежала за мячиком и вдруг стала уходить под воду, вероятно, оступившись в яму. Взрослые, которые были на берегу, ныряли, но не смогли найти ребёнка», — рассказали следователи.
Тело девочки обнаружили водолазы, сейчас назначен ряд судебно-медицинских экспертиз. Также идет доследственная проверка.
Родителей просят не отдыхать вместе с детьми около водоемов, где нет оборудованной зоны для купания. Необходимо быть предельно внимательными и осторожными у воды, а также обязательно следить за своими детьми.
Предыстория: В Кедровом на глазах у матери утонула 10-летняя девочка]]></text>
</doc>
