<?xml version='1.0' encoding='UTF-8'?>
<doc>
  <source><![CDATA[https://newslab.ru/news/904294]]></source>
  <category verify="true" type="str" auto="true"><![CDATA[Новости]]></category>
  <title verify="true" type="str" auto="true"><![CDATA[В лесах Красноярского края высадили более 13 млн хвойных саженцев]]></title>
  <keywords verify="true" type="list" auto="true">
    <item type="str"><![CDATA[Новости]]></item>
    <item type="str"><![CDATA[Общество]]></item>
    <item type="str"><![CDATA[В Красноярском крае]]></item>
  </keywords>
  <text verify="true" type="str" auto="true"><![CDATA[Специалисты лесничеств Красноярского края завершили работы по искусственному лесовосстановлению: всего в 35 районах края они высадили более 13 миллионов саженцев хвойных пород на площади 2975 га. Сейчас за ними ухаживают и проводят другие дополнительные работы.
«В связи с сухой и жаркой погодой в лесных питомниках специалисты пропалывают и мульчируют посевы с использованием новой лесохозяйственной техники, которую приобрели в рамках модернизации лесопитомнического хозяйства, стартовавшей в крае в 2018 году. За это время полностью оснащены два питомника — Сухобузимский и Уярский, частично — 14. В 2019 году эта работа продолжится, на техническое оснащение питомников запланировано 9,1 млн рублей из приносящей доход деятельности лесничеств. Всего в крае функционируют 28 лесных питомников площадью от трех до 92 га. Ежегодно в них выращивают более 25 млн саженцев деревьев. Объем заготовки семян — более 13 тонн каждый год», — рассказали в краевом минлесхозе.
В 2019 году мероприятия по восстановлению лесов в Красноярском крае проводятся в рамках реализации федерального проекта «Сохранение лесов» нацпроекта «Экология». Планируется, что к 2024 году в России должен быть полностью обеспечен баланс площади лесовосстановления и лесоразведения к площади погибших и вырубленных насаждений. Кроме того, вступил в силу закон о компенсационном лесовосстановлении, и теперь посадки будут производить все, кто вырубает леса, в том числе в ходе работ по геологическому изучению недр и разработки месторождений полезных ископаемых, строительству линейных объектов.]]></text>
</doc>
