<?xml version='1.0' encoding='UTF-8'?>
<doc>
  <source><![CDATA[https://newslab.ru/news/905325]]></source>
  <category verify="true" type="str" auto="true"><![CDATA[Новости]]></category>
  <title verify="true" type="str" auto="true"><![CDATA[ВТБ в Красноярском крае кредитует «Красноярскнефтепродукт»]]></title>
  <keywords verify="true" type="list" auto="true">
    <item type="str"><![CDATA[Новости]]></item>
    <item type="str"><![CDATA[Экономика]]></item>
    <item type="str"><![CDATA[В Красноярском крае]]></item>
  </keywords>
  <text verify="true" type="str" auto="true"><![CDATA[ВТБ в Красноярском крае профинансировал крупнейшую сеть АЗС в Красноярском крае — АО «Красноярскнефтепродукт» (АО «КНП») на сумму 900 млн рублей сроком на два года. Средства предоставлены на финансирование текущей деятельности предприятия.
В рамках сотрудничества ВТБ будет осуществлять расчетно-кассовое обслуживание АО «КНП». Кроме того, финансовая организация будет проводить ежемесячные начисления заработной платы на счет сотрудников компании.
Руководитель департамента регионального корпоративного бизнеса — старший вице-президент банка ВТБ Руслан Еременко прокомментировал: «ВТБ нацелен на всестороннюю партнерскую поддержку регионального бизнеса, в том числе с помощью кредитных ресурсов. Это способствует развитию компаний и успешному ведению хозяйственной деятельности».
«Взаимодействуя с бизнесом региона, мы разрабатываем индивидуальные предложения, способствующие эффективному решению текущих и стратегических задач компаний. Для этого в ВТБ предусмотрен широкий спектр инструментов и возможностей. Уверена, что текущая сделка станет очередным этапом в развитии наших партнерских отношений с АО «Красноярскнефтепродукт», — уточнила Наталья Табаринцева, управляющий ВТБ в Красноярском крае.
Генеральный директор АО «Красноярскнефтепродукт» Борис Золотарёв рассказал: «На сегодняшний день компания осуществляет полный спектр услуг по поставке, хранению, реализации нефтепродуктов, мы обслуживаем практически все районы Красноярского края, в том числе удаленные северные территории, развиваем направление сопутствующих товаров. Безусловно, развитие бизнеса такого масштаба требует дополнительного банковского финансирования и мы признательны ВТБ за поддержку».]]></text>
</doc>
