<?xml version='1.0' encoding='UTF-8'?>
<doc>
  <source><![CDATA[https://newslab.ru/news/902464]]></source>
  <category verify="true" type="str" auto="true"><![CDATA[Новости]]></category>
  <title verify="true" type="str" auto="true"><![CDATA[Самое интересное в Красноярске за 4 июня: «крутой замес» политиков и много опасной пыли]]></title>
  <keywords verify="true" type="list" auto="true">
    <item type="str"><![CDATA[Новости]]></item>
    <item type="str"><![CDATA[Общество]]></item>
    <item type="str"><![CDATA[В Красноярском крае]]></item>
  </keywords>
  <text verify="true" type="str" auto="true"><![CDATA[Заявления главы Счётной палаты Давыденко о крупных махинациях с лесом назвали провокацией. По словам краевых чиновников, «крутой политический замес» против губернатора Красноярского края начался уже давно.
По красноярским мостам хотят снова пустить трамваи. Но это планы не завтрашнего дня. Ближайший «подарок» на дороге ждёт красноярцев уже 8 мая — до Татышева будут ходить бесплатные автобусы. Это разовая акция, но очень удобная.
Красноярский край вошёл в десятку регионов с грязнейшим воздухом. Местные экологи считают, что в последние дни в Красноярске действительно было много пыли.
В крае открыли первый пляж. Из Красноярска до этого пляжа почти 400 км, поэтому стоит подождать купального сезона у нас в городе. Тем более, завтра в столице края начинает принимать первых посетителей открытый бассейн.
Тем временем на севере Красноярского края на Енисее начался ледоход. Но это не точно.
Мы подготовили краткий и полезный гид от диспетчера, как правильно вызывать пожарного. Прочитайте внимательно — ведь от верного сигнала МЧС иногда зависят жизни.]]></text>
</doc>
