<?xml version='1.0' encoding='UTF-8'?>
<doc>
  <source><![CDATA[https://newslab.ru/news/904019]]></source>
  <category verify="true" type="str" auto="true"><![CDATA[Новости]]></category>
  <title verify="true" type="str" auto="true"><![CDATA[Во время соревнований по альпинизму на «Столбах» со скалы упал мужчина]]></title>
  <keywords verify="true" type="list" auto="true">
    <item type="str"><![CDATA[Новости]]></item>
    <item type="str"><![CDATA[Происшествия]]></item>
    <item type="str"><![CDATA[В Красноярском крае]]></item>
  </keywords>
  <text verify="true" type="str" auto="true"><![CDATA[12 июня во время Чемпионата России по альпинизму на красноярских «Столбах» травмировался мужчина. Информация об этом содержится в сводке КГКУ «Спасатель».
Сообщается, что мужчина упал при прохождении трассы в районе Второго столба. На носилках его эвакуировали сначала до выдвижного поста спасателей, оттуда они доставили его на улицу Свердловскую и передали медикам. Другие обстоятельства инцидента, включая возраст пострадавшего и тяжесть полученной им травмы, спасатели не сообщают.
В тот же день в районе скального массива «Такмак» упала женщина. Она получила травму и ей понадобилась помощь спасателей и медиков.
Кроме того, накануне спасатели выезжали на поиски мужчины, который пропал вечером 11 июня в Ермаковском районе края. Он перевернулся на лодке на реке Оя в районе населенного пункта Разъезжее. «До настоящего времени его местонахождение не установлено. Выполнено 6 водолазных спусков, обследовано 10000 м² дна, обследовано 12 км береговой линии», — уточняется в сводке.]]></text>
</doc>
