<?xml version='1.0' encoding='UTF-8'?>
<doc>
  <source><![CDATA[https://newslab.ru/news/903039]]></source>
  <category verify="true" type="str" auto="true"><![CDATA[Новости]]></category>
  <title verify="true" type="str" auto="true"><![CDATA[Красноярскую сельхозпродукцию планируют продавать на бирже]]></title>
  <keywords verify="true" type="list" auto="true">
    <item type="str"><![CDATA[Новости]]></item>
    <item type="str"><![CDATA[Экономика]]></item>
    <item type="str"><![CDATA[В Красноярском крае]]></item>
  </keywords>
  <text verify="true" type="str" auto="true"><![CDATA[Сельскохозяйственную продукцию аграриев Красноярского края планируют продвигать на бирже. Сотрудничество в этой сфере обсудили губернатор региона Александр Усс и президент Санкт-Петербургской международной товарно-сырьевой биржи Алексей Рыбников. Встреча прошла в рамках экономического форума, который в эти дни проходит в северной столицы страны.
В сентябре 2018 года Красноярский край и Санкт-Петербургская биржа подписали соглашение о сотрудничестве. Для исполнения соглашения между министерством лесного хозяйства края и биржей подписан план совместных мероприятий по развитию биржевых торгов лесоматериалами. С 2019 года все лесничества края перешли к реализации древесины, полученной от выполнения санитарно-оздоровительных мероприятий через биржевую площадку. В мае текущего года регион по уровню конкуренции и объему реализуемой древесины занял лидирующие позиции в стране.
Александр Усс и Алексей Рыбников обсудили возможности увеличения количества продукции предприятий Красноярского края, реализуемой через биржу. «Это не первая наша встреча и беседа с Александром Уссом. С осени прошлого года в крае принимались важные решения по развитию лесной отрасли. Биржа смогла объяснить, показать и доказать, зачем предприятиям выходить на биржевую площадку и торговать лесом. Результат не заставил себя ждать. Мы вышли на показатели, когда 100 % государственного леса реализуется через прозрачный механизм биржевых торгов», − отметил президент Санкт-Петербургской международной товарно-сырьевой биржи.
По словам Алексея Рыбникова, выход на биржу предприятий лесной отрасли даст рост доходов предприятий, увеличение поступлений в бюджеты. «Благодаря организационной поддержке красноярцы стали лидером биржевой торговли по этому виду продукции. Для меня это был приятный неожиданный результат. Мы, безусловно, будем идти вперед, − отметил Александр Усс, комментируя итоги встречи.
Кроме продажи леса стороны также обсудили выход на биржу и другой красноярской продукции — сельскохозяйственной. «Мы обсудили возможности продвигать продукцию наших аграриев, поскольку у нас есть избыток зерна, в том числе твердых сортов, которые используются для изготовления хлеба и являются востребованными. Красноярск находится в центре страны, и, естественно, доступ к рынкам сбыта у нас в определенной степени затруднен. Поэтому использование цивилизованных отработанных механизмов торговли оживит рынок нашей сельхозпродукции», − заключил Александр Усс.]]></text>
</doc>
