<?xml version='1.0' encoding='UTF-8'?>
<doc>
  <source><![CDATA[https://newslab.ru/news/905543]]></source>
  <category verify="true" type="str" auto="true"><![CDATA[Новости]]></category>
  <title verify="true" type="str" auto="true"><![CDATA[Красноярский художник за ночь расписал здание бара в центре]]></title>
  <keywords verify="true" type="list" auto="true">
    <item type="str"><![CDATA[Новости]]></item>
    <item type="str"><![CDATA[Культура]]></item>
    <item type="str"><![CDATA[Общество]]></item>
    <item type="str"><![CDATA[В Красноярском крае]]></item>
  </keywords>
  <text verify="true" type="str" auto="true"><![CDATA[В Красноярске за ночь расписали здание бара Yushin Brothers на Карла Маркса, 102. Работу выполнили за ночь, фото и видео результаты опубликовали авторы в соцсетях.
Теперь во внутреннем дворе появилась каллиграфическая надпись «Заходи и будь, как дома». Она обведена в круг, который дублирует эту фразу. Работу выполнил каллиграф Александр Ярославцев, автор проекта «Родные буквы».
Надпись сделана на черном фоне, использованы белый и золотой цвета. Некоторые горожане отметили, что роспись похожа на работы московского художника Покраса Лампаса, который известен своими масштабными каллиграфическими творениями.
В ответ на заявления владелец бара Денис Юшин ответил, что Покрас Лампас использует чужие шрифты, выполненные в стиле готика. А на стене бара использован авторский шрифт, который придумал художник и исполнитель Александр Ярославцев.]]></text>
</doc>
