<?xml version='1.0' encoding='UTF-8'?>
<doc>
  <source><![CDATA[https://newslab.ru/news/905469]]></source>
  <category verify="true" type="str" auto="true"><![CDATA[Новости]]></category>
  <title verify="true" type="str" auto="true"><![CDATA[В Красноярске взялись за обработку новых территорий атаки клещей (видео)]]></title>
  <keywords verify="true" type="list" auto="true">
    <item type="str"><![CDATA[Новости]]></item>
    <item type="str"><![CDATA[Происшествия]]></item>
    <item type="str"><![CDATA[В Красноярском крае]]></item>
  </keywords>
  <text verify="true" type="str" auto="true"><![CDATA[Участки в Красноярске, где на людей стали часто нападать клещи, начали обрабатывать. Речь идёт об эко-парке «Гремячая грива» и микрорайоне «Покровский».
Специалисты опрыскали территорию защитным раствором после предписания Роспотребнадзора. Дополнительно от клещей уже обработали микрорайоны «Солнечный» и «Северный», участки жилого комплекса «Преображенский». Всего порядка 445 Га. Эта цифра значительно превышает прошлогодние показатели.
«Вещество, которым обрабатывают территории, абсолютно безопасно для людей и животных. Препарат имеет все документы на использование. Но все равно не забывайте соблюдать меры безопасности: если видите, что рядом с вами идет процесс обработки, не подходите близко к струе», — пояснили в мэрии Красноярска.
По последним данным краевого Роспотребнадзора, клещи не перестают нападать на горожан в уже привычных местах: Академгородок, Зеленая роща, Верхние Черемушки, в окрестностях заповедника «Столбы», фан-парка «Бобровый лог», на острове Татышеве, в поселке Торгашино, деревне Кузнецово и на кладбище «Бадалык».]]></text>
</doc>
