<?xml version='1.0' encoding='UTF-8'?>
<doc>
  <source><![CDATA[https://newslab.ru/news/904099]]></source>
  <category verify="true" type="str" auto="true"><![CDATA[Новости]]></category>
  <title verify="true" type="str" auto="true"><![CDATA[В пригороде Красноярска за раз нашли 6 несанкционированных свалок]]></title>
  <keywords verify="true" type="list" auto="true">
    <item type="str"><![CDATA[Новости]]></item>
    <item type="str"><![CDATA[Общество]]></item>
    <item type="str"><![CDATA[В Красноярском крае]]></item>
  </keywords>
  <text verify="true" type="str" auto="true"><![CDATA[13 июня инспекторы Минэкологии края провели рейд по выявлению несанкционированных свалок в окрестностях Красноярска и нашли сразу 6. Специалисты проверили несколько населенных пунктов, расположенных на правом берегу Енисея — начали от деревни Свищево и закончил в поселке Брод Березовского района.
«По ходу движения инспекторы Минэкологии края выявили 6 несанкционированных свалок. Они осмотрели замусоренные участки, провели оценку негативного воздействия на окружающую среду. Свалки внесли в специальный реестр для дальнейшей их ликвидации. Выявлять стихийные свалки специалистам помогают и местные жители. Они сообщают о несанкционированных местах размещения мусора в территориях. Люди жалуются, что отходы отставляют проезжающие мимо дачники, отдыхающие, а иногда и сами жители поселков», — рассказали в минэкологи.
Но замминистра экологии и рационального природопользования края Юлия Гуменюк отметила, что зачастую в стихийном образовании свалок участвуют и сами жители. «Безусловно, будут предприняты все меры для ликвидации свалок. Но надо понимать, что мы не наведем порядок на территории, если совместно с жителями не подключимся к данной работе», — призвала она.
Подобные рейды инспекторы минэкологии края проводят совместно с представителями региональных операторов дважды в неделю. К работе привлекают экологических волонтёров и обычных жителей, которые сообщают о нарушениях природоохранного законодательства на горячую линию министерства 8(391)212-17-06.]]></text>
</doc>
