<?xml version='1.0' encoding='UTF-8'?>
<doc>
  <source><![CDATA[https://newslab.ru/news/903695]]></source>
  <category verify="true" type="str" auto="true"><![CDATA[Новости]]></category>
  <title verify="true" type="str" auto="true"><![CDATA[«12-летнюю девочку спасали сверстницы и взрослые»: стали известны новые обстоятельства гибели красноярки при попытке переплыть Енисей]]></title>
  <keywords verify="true" type="list" auto="true">
    <item type="str"><![CDATA[Новости]]></item>
    <item type="str"><![CDATA[Происшествия]]></item>
    <item type="str"><![CDATA[В Красноярском крае]]></item>
  </keywords>
  <text verify="true" type="str" auto="true"><![CDATA[Красноярские следователи рассказали обстоятельства гибели 12-летней девочки в протоке Енисея. Все случилось днем 10 июня недалеко от моста «777».
Следователи подтвердили, что погибшая была там с 13-летними сестрой и подругой. Они купались в протоке реки.
«В какой-то момент 12-летняя девочка предложила переплыть протоку и поплыла в сторону противоположного берега, но через несколько метров стала тонуть. Девочки пытались ее спасти, но после неудачной попытки выбежали на дорогу и позвали на помощь взрослых, которые также не смогли помочь тонущему ребенку. Прибывшие на вызов спасатели достали тело погибшей из воды. В настоящее время устанавливаются все обстоятельства произошедшего. По результатам проверки будет принято процессуальное решение», — рассказали в ГСУ СК по краю.
Предыстория: 12-летняя девочка утонула возле красноярского моста «777»]]></text>
</doc>
