<?xml version='1.0' encoding='UTF-8'?>
<doc>
  <source><![CDATA[https://newslab.ru/news/903040]]></source>
  <category verify="true" type="str" auto="true"><![CDATA[Новости]]></category>
  <title verify="true" type="str" auto="true"><![CDATA[В тёплые выходные в Красноярске устроят массовую облаву на пьяных водителей. Особая проверка ждет дачников и отправляющихся на озёра]]></title>
  <keywords verify="true" type="list" auto="true">
    <item type="str"><![CDATA[Новости]]></item>
    <item type="str"><![CDATA[Происшествия]]></item>
    <item type="str"><![CDATA[В Красноярском крае]]></item>
  </keywords>
  <text verify="true" type="str" auto="true"><![CDATA[В конце этой недели сотрудники ДПС Красноярска проведут масштабные проверки водителей на состояние опьянения в рамках рейда «Нетрезвый водитель». Облавы с перекрытиями проезжей части проведут с пятницы на субботу и субботы на воскресенье.
Стражи порядка будут ограничивать движение на разных оживленных улицах Красноярска и останавливать всех водителей.
В этот раз под особый контроль возьмут выезды из города в популярных направлениях — там будут караулить нетрезвых дачников и собравшихся на озёра.
Стражи порядка будут дежурить на трассах не только ночью, но и рано утром. Проверке подвергнут каждого. Водителям с признаками опьянения предложат пройти освидетельствование в патрульном авто, либо в краевом наркологическом диспансере. Если подозрения сотрудников ДПС подтвердятся, то в отношении водителя составят административные материалы, а транспортное средство поместят на спецстоянку.
За вождение в состоянии опьянения предусмотрен штраф в 30 тысяч рублей и лишение прав на срок до 2 лет (это административное наказание). Отказ от прохождения медицинского освидетельствования влечет аналогичные последствия.
За повторное нарушение грозит уголовное преследование.
Сообщить в полицию о пьяном водителе может любой житель города. Для этого нужно позвонить на телефон «Синей линии» по номеру +7 (391) 263-10-19.]]></text>
</doc>
