<?xml version='1.0' encoding='UTF-8'?>
<doc>
  <source><![CDATA[https://newslab.ru/news/903464]]></source>
  <category verify="true" type="str" auto="true"><![CDATA[Новости]]></category>
  <title verify="true" type="str" auto="true"><![CDATA[Житель Красноярского края устроил пальбу на улице и получил крупный штраф]]></title>
  <keywords verify="true" type="list" auto="true">
    <item type="str"><![CDATA[Новости]]></item>
    <item type="str"><![CDATA[Происшествия]]></item>
    <item type="str"><![CDATA[В Красноярском крае]]></item>
  </keywords>
  <text verify="true" type="str" auto="true"><![CDATA[В Ермаковском районе Красноярского края оштрафовали местного жителя.
Как рассказали в пресс-службе судебных приставов, молодой человек устроил стрельбу из ружья — несколько раз он выпалил в воздух на улице в своем селе. Что стало поводом, в управлении не пояснили, однако заверили, что мужчина ни в кого не целился.
За стрельбу в неположенном месте дебошир получил штраф в 40 тысяч рублей. Кроме того, у него конфисковали ружье и патроны к нему.
Добровольно оплачивать свой штраф нарушитель не захотел. Тогда приставы ограничили должника в выезде из страны, обратили взыскание на его зарплату и постановили взыскать исполнительский сбор в 7%.
После этого мужчина оплатил административный штраф в полном объеме. Производство окончено.]]></text>
</doc>
