<?xml version='1.0' encoding='UTF-8'?>
<doc>
  <source><![CDATA[https://newslab.ru/news/905321]]></source>
  <category verify="true" type="str" auto="true"><![CDATA[Новости]]></category>
  <title verify="true" type="str" auto="true"><![CDATA[«Изолировали от лишнего внимания»: появились первые сведения о состоянии пойманной в Норильске медведицы]]></title>
  <keywords verify="true" type="list" auto="true">
    <item type="str"><![CDATA[Новости]]></item>
    <item type="str"><![CDATA[Общество]]></item>
    <item type="str"><![CDATA[В Красноярском крае]]></item>
  </keywords>
  <text verify="true" type="str" auto="true"><![CDATA[В Норильске зоологи поймали и посадили в клетку белую медведицу, которая несколько дней назад забрела в город, сообщили в парке флоры и фауны «Роев ручей».
Отловить хищника получилось сегодня около 11 часов утра. Специалисты парка флоры и фауны «Роев ручей» дали медведице небольшую дозу снотворного. Для этого им пришлось стрелять с расстояния 25 метров. Животное поместили в клетку, а потом ввели лекарство, нейтрализующее снотворное.
«Сейчас животное чувствует себя хорошо, находится на базе местной службы спасения, изолировано от лишнего внимания. Это медведица, на вид ей около года, вес — порядка 200 килограммов», — рассказал начальник отдела надзора в области охраны и использования объектов животного мира краевого минэкологии Александр Коробкин.
Уже понятно, что выпустить медвежонка обратно в дикую природу не получится. Из-за неправильного питания у хищника появились проблемы с пищеварением.
«Медведица несколько дней промышляла на свалке. Употребление испорченных продуктов послужило причиной нарушения функции желудочно—кишечного тракта, попросту — диареи. Для животных это состояние опасное, необходимо лечение», — рассказал ветеринарный врач «Роева ручья» Георгий Белянин.
Завтра медведица отправится в Красноярск. Для нее подготовили специальный вольер в карантинном блоке зоопарка, ее ждут ветеринарные врачи. Медведя обследуют, вылечат и проведут курс реабилитации.
Специалисты предположили, что медведица не могла сама добраться до Норильска от Карского моря. Самки белого медведя не отправляются в дальние путешествия, к этому больше склонны самцы. Кроме этого, медведица спокойно реагирует на людей и слишком чистая для животного, которое долгое время провело вдалеке от водоемов.
«Есть предположение, что это может быть белый медведь, которого держали для будущей контрабандной продажи его или его шкуры, но побоялись ужесточения надзора за соблюдением закона и выпустили на свободу. О том, что медведь мог долгое время находиться рядом с людьми, говорит и то, что хищник подпускает человека к себе достаточно близко, хотя рядом с поселением медведица находилась недолго, всего несколько дней. К примеру, Урсула, которая жила близ посёлка три месяца, не подпускала людей ближе, чем на 5 метров», — рассказали в «Роевом ручье».
Напомним, в «Роевом ручье» сейчас живет три белых медведя. Это пара Феликс и Аврора, а также молодая медведица Урсула. Все они родились в дикой природе. Четвертый медведь — Командор Седов — в этом году должен вернуться в Красноярск из Геленджика. Его отправляли в другой зоопарк для получения потомства.
Предыстория: «Не кормите и не приближайтесь»: белого медведя в Норильске готовят к перевозке (видео)]]></text>
</doc>
