<?xml version='1.0' encoding='UTF-8'?>
<doc>
  <source><![CDATA[https://newslab.ru/news/904250]]></source>
  <category verify="true" type="str" auto="true"><![CDATA[Новости]]></category>
  <title verify="true" type="str" auto="true"><![CDATA[В Красноярске две ночи подряд будут перекрывать дороги и проверять всех водителей]]></title>
  <keywords verify="true" type="list" auto="true">
    <item type="str"><![CDATA[Новости]]></item>
    <item type="str"><![CDATA[Происшествия]]></item>
    <item type="str"><![CDATA[В Красноярском крае]]></item>
  </keywords>
  <text verify="true" type="str" auto="true"><![CDATA[В конце недели в Красноярске проведут масштабные проверки водителей на состояние опьянения в рамках рейда «Нетрезвый водитель». Первая облава состоится в ночь на субботу, вторая — в ночь на воскресенье.
Сотрудники ДПС будут ограничивать движение на разных оживленных улицах Красноярска (места держатся в секрете) и останавливать всех водителей. Проверке подвергнут каждого. Водителям с признаками опьянения предложат пройти освидетельствование в патрульном авто, либо наркологическом диспансере. Если в ходе проверки подозрения сотрудников ДПС подтвердятся, то в отношении водителя составят административные материалы, а машину поместят на спецстоянку.
За вождение в состоянии опьянения предусмотрен административный штраф в 30 тысяч рублей и лишение прав на срок до 2 лет. Отказ от прохождения медосвидетельствования влечет аналогичные последствия.
За повторное вождение в нетрезвом виде грозит уже уголовное преследование.
Сообщить в полицию о пьяном водителе может любой житель города. Для этого нужно позвонить на телефон «Синей линии» по номеру +7 (391) 263-10-19.]]></text>
</doc>
