<?xml version='1.0' encoding='UTF-8'?>
<doc>
  <source><![CDATA[https://newslab.ru/news/902811]]></source>
  <category verify="true" type="str" auto="true"><![CDATA[Новости]]></category>
  <title verify="true" type="str" auto="true"><![CDATA[Красноярского полицейского начальника уличили в подделке документов и незаконном хранении боеприпасов]]></title>
  <keywords verify="true" type="list" auto="true">
    <item type="str"><![CDATA[Новости]]></item>
    <item type="str"><![CDATA[Происшествия]]></item>
    <item type="str"><![CDATA[В Красноярском крае]]></item>
  </keywords>
  <text verify="true" type="str" auto="true"><![CDATA[Следователи возбудили два уголовных дела в отношении начальника отдела участковых уполномоченных и по делам несовершеннолетних отдела полиции № 5 Красноярска. Его подозревают в злоупотреблении должностными полномочиями (ч. 1 ст. 285 УК РФ) и незаконном хранении боеприпасов (ч. 1 ст. 222 УК РФ).
Первое преступление он совершил 5 марта этого года. При составлении материала об административном правонарушении в отношении бизнесмена он допустил нарушения и решил избежать дисциплинарной ответственности. Он приказал подчиненному внести в документ изменения и составить фиктивный материал о другом нарушении, которого предприниматель не совершал. О чем конкретно идет речь, в ГСУ СК региона не уточнили.
«Осознавая, что материалы дела об административном правонарушении сфальсифицированы, он подписал за заместителя начальника ОП № 5 МУ МВД России „Красноярское“ постановление по делу об административном правонарушении, тем самым незаконно привлек предпринимателя к административной ответственности, нарушив его права и законные интересы. Кроме того, в ходе предварительного следствия установлено, что подозреваемый незаконно хранил в своем гараже боеприпасы к нарезному боевому стрелковому оружию», — рассказали в управлении.
За поступок, порочащий честь мундира, полицейского уволили из органов внутренних дел, а его непосредственных начальников привлекли к дисциплинарной ответственности.]]></text>
</doc>
