<?xml version='1.0' encoding='UTF-8'?>
<doc>
  <source><![CDATA[https://newslab.ru/news/904296]]></source>
  <category verify="true" type="str" auto="true"><![CDATA[Новости]]></category>
  <title verify="true" type="str" auto="true"><![CDATA[Новые автобусы Красноярска проверили на экологичность и оставили на них особые метки]]></title>
  <keywords verify="true" type="list" auto="true">
    <item type="str"><![CDATA[Новости]]></item>
    <item type="str"><![CDATA[Общество]]></item>
    <item type="str"><![CDATA[В Красноярском крае]]></item>
  </keywords>
  <text verify="true" type="str" auto="true"><![CDATA[Для новых автобусов Красноярска устроили проверку на соответствие экологическим стандартам. Специальный рейд на одном из популярных городских маршрутов провели инспекторы минэкологии края со специалистами департамента транспорта и ГИБДД.
Проверку проходили новые автобусы 83-го маршрута. При помощи передвижной эколаборатории протестировали 18 машин. Все они — низкопольные, с системами видеонаблюдения и пожаротушения, цифровым тахографом и электронными маршрутоуказателями.
«В этом году на маршруте сменили перевозчика и заменили старый автобусный парк на новые машины. В ходе проверки мы хотим подтвердить экологический класс данных автотранспортных средств», — рассказала заместитель министра экологии и рационального природопользования Красноярского края Юлия Гуменюк.
Замеры показали, что выбросы загрязняющих веществ от автобусов маршрута № 83 в 15 раз ниже нормы. Всем машинам присвоили «знак качества» — на их окнах появились специальные наклейки о соответствии экологическому классу Евро-5.
С начала года в Красноярске обновили автопарк общественного транспорта почти на 120 машин. В мае этого года на маршруты вышли 68 дополнительных автобусов среднего и большого классов. Новый транспорт работает на пяти маршрутах № 12, 26, 31, 37 и 83. В планах на 2019 год — проверка не только нового, но и старого городского транспорта. Рейды будут проводить до первых заморозков, ориентировочно — до октября.]]></text>
</doc>
