<?xml version='1.0' encoding='UTF-8'?>
<doc>
  <source><![CDATA[https://newslab.ru/news/904793]]></source>
  <category verify="true" type="str" auto="true"><![CDATA[Новости]]></category>
  <title verify="true" type="str" auto="true"><![CDATA[«Арендовали квартиры и жили у друзей»: енисейских чиновников заставили обеспечить детей-сирот жильем]]></title>
  <keywords verify="true" type="list" auto="true">
    <item type="str"><![CDATA[Новости]]></item>
    <item type="str"><![CDATA[Общество]]></item>
    <item type="str"><![CDATA[В Красноярском крае]]></item>
  </keywords>
  <text verify="true" type="str" auto="true"><![CDATA[Благодаря вмешательству прокуратуры трем детям-сиротам из Енисейского района Красноярского края предоставили жилые помещения. Об этом в надзорном ведомстве сообщили в понедельник, 17 июня.
В ходе проверки выяснилось, что администрация района «длительное время не принимала меры к обеспечению жильем трех молодых людей, имеющих статус детей-сирот».
«В связи с отсутствием жилых помещений они были вынуждены арендовать квартиры или проживать у знакомых. Енисейский межрайонный прокурор в целях защиты прав сирот направил в суд исковые заявления с требованием обязать органы местного самоуправления обеспечить их жилыми помещениями. Суд рассмотрел их и удовлетворил в полном объеме. В настоящее время администрацией Енисейского района решения судов исполнены, детям-сиротам предоставлены благоустроенные жилые помещения специализированного жилищного фонда, отвечающие необходимым требованиям», — рассказали в надзорном ведомстве.]]></text>
</doc>
