<?xml version='1.0' encoding='UTF-8'?>
<doc>
  <source><![CDATA[https://newslab.ru/news/904062]]></source>
  <category verify="true" type="str" auto="true"><![CDATA[Новости]]></category>
  <title verify="true" type="str" auto="true"><![CDATA[Россияне готовы потратить миллион долларов на лечение и покупку жилья]]></title>
  <keywords verify="true" type="list" auto="true">
    <item type="str"><![CDATA[Новости]]></item>
    <item type="str"><![CDATA[Общество]]></item>
    <item type="str"><![CDATA[В Красноярском крае]]></item>
  </keywords>
  <text verify="true" type="str" auto="true"><![CDATA[В случае выигрыша миллиона долларов россияне в первую очередь готовы потратить богатство на лечение и покупку квартиры, пишут РИА «Новости» со ссылкой на исследования холдинга «Ромир».
Во время опроса совершеннолетним жителям разных регионов задавали один и тот же вопрос, как бы они распорядились миллионом долларов (почти 65 млн рублей), выигранным в лотерею. Согласно полученным результатам, четверть россиян вложили бы выигрыш в себя и своих близких, оплатив обучение или медицинские расходы. Столько же опрошенных дали подобный ответ в 2006 году.
Почти такая же доля россиян (24 %) потратили бы деньги на покупку машины, недвижимости, других предметов роскоши. В 2006 году и 2012 году этот вариант выбрали треть опрошенных (33%), отмечают исследователи. Около 18 % граждан предпочли вариант: положить миллион в банк и жить на проценты. Жители страны стали охотнее выбирать вариант вклада внезапного богатства в развитие или создание собственного бизнеса — 15 % опрошенных.
«По 1 % респондентов: сразу прокутили бы все полученные деньги или вложили бы выигрыш в развитие науки и техники», — добавляет холдинг.
Только 5 % россиян выбрали вариант вложения миллиона долларов в путешествия, почти столько же людей согласны отдать полученный выигрыш на благотворительность.
Всероссийский опрос провели в мае этого года, в нем приняли участие 1,5 тысячи респондентов.
Среднемесячная заработная плата в Красноярском крае сейчас составляет 45 817,2 рублей. Чтобы накопить сумму в миллион долларов красноярцу потребуется порядка 100 лет.]]></text>
</doc>
