<?xml version='1.0' encoding='UTF-8'?>
<doc>
  <source><![CDATA[https://newslab.ru/news/903737]]></source>
  <category verify="true" type="str" auto="true"><![CDATA[Новости]]></category>
  <title verify="true" type="str" auto="true"><![CDATA[На выезде из Красноярска в очередной раз меняют схему движения]]></title>
  <keywords verify="true" type="list" auto="true">
    <item type="str"><![CDATA[Новости]]></item>
    <item type="str"><![CDATA[Общество]]></item>
    <item type="str"><![CDATA[В Красноярском крае]]></item>
  </keywords>
  <text verify="true" type="str" auto="true"><![CDATA[В Красноярске на проспекте Котельникова вновь меняют схему движения, сообщили в КрУДоре.
В ночь на 12 июня на дороге, ведущей в Солнцы (в районе заправки «25 часов») участок ограничения переместится влево. Для машин останется две полосы справа, по одной в каждом направлении.
«На участке будут делать ливнёвку и менять дорожную одежду. На других участках реконструкции проспекта осталась прежняя схема движения», — рассказали дорожники.
Ограничение будет действовать минимум месяц. Реконструкция проспекта Котельникова проходит с 2018 года и закончится в текущем году. Работы ведутся в рамках проекта «Безопасные и качественные автомобильные дороги».
Предыстория: На выезде из Красноярска перекрывают новый участок дороги
Вы можете предупредить своих знакомых об изменившейся схеме движения, нажав кнопку «Поделиться в соцсетях»:]]></text>
</doc>
