<?xml version='1.0' encoding='UTF-8'?>
<doc>
  <source><![CDATA[https://newslab.ru/news/902607]]></source>
  <category verify="true" type="str" auto="true"><![CDATA[Новости]]></category>
  <title verify="true" type="str" auto="true"><![CDATA[Клиенты банка «Открытие» теперь могут снимать наличные в банкоматах СКБ-банка в Красноярске]]></title>
  <keywords verify="true" type="list" auto="true">
    <item type="str"><![CDATA[Новости]]></item>
    <item type="str"><![CDATA[Экономика]]></item>
    <item type="str"><![CDATA[Общество]]></item>
    <item type="str"><![CDATA[В Красноярском крае]]></item>
  </keywords>
  <text verify="true" type="str" auto="true"><![CDATA[Партнерская сеть банка «Открытие» пополнилась банкоматами «СКБ-банка». Теперь клиенты обеих кредитных организаций в Красноярске могут комфортнее, быстрее и без комиссий снимать наличные в ближайшем для себя банкомате.
Банк «Открытие» с апреля 2019 года начал создание партнерской сети банкоматов с ведущими банками, работающими в России. Сотрудничество кредитных организаций приведет к созданию одной из крупнейших сетей банкоматов, которая объединит более 20 тысяч устройств на территории всей страны. Клиенты банков-партнеров смогут обслуживаться в банкоматах сети бесплатно. Услуга доступна держателям дебетовых и кредитных карт платежных систем Visa, MasterCard и МИР. Размер лимитов на снятие денежных средств зависит от категории и тарифного плана карты.
«Расширение банкоматной сети увеличивает географию по снятию наличных даже в тех местах, где ранее клиенты банка не имели такой возможности. Это создает удобство и повышает качество современного банковского клиентского сервиса», — отмечает управляющий банком «Открытие» в Красноярском крае Наталья Потапова.
ПАО Банк «ФК Открытие». Генеральная лицензия Банка России № 2209 от 24.11.2014]]></text>
</doc>
