<?xml version='1.0' encoding='UTF-8'?>
<doc>
  <source><![CDATA[https://newslab.ru/news/905472]]></source>
  <category verify="true" type="str" auto="true"><![CDATA[Новости]]></category>
  <title verify="true" type="str" auto="true"><![CDATA[«Енисей-СТМ» определился с соперниками на Кубок Вызова]]></title>
  <keywords verify="true" type="list" auto="true">
    <item type="str"><![CDATA[Новости]]></item>
    <item type="str"><![CDATA[Спорт]]></item>
    <item type="str"><![CDATA[В Красноярском крае]]></item>
  </keywords>
  <text verify="true" type="str" auto="true"><![CDATA[В швейцарской Лозанне прошла жеребьевка на Кубок Вызова 2019/2020 — это юбилейный пятый розыгрыш для «Енисей-СТМ».
В группу «А» из четырех клубов, кроме нашего, попали французский «Кастр Олимпик», английский «Вустер Уорриорз» и валлийский «Драгонс».
Последние два соперника хорошо знакомы болельщикам «Енисей-СТМ». В сезоне 2016/17 «Сибирская тяжелая машина» обыгрывала в домашних матчах группового этапа эти команды — англичан 19:12, валлийцев 38:18.
Более подробное расписание будет известно ближе к середине августа. Также стоит отметить, что теперь стало понятно, куда же отправятся и болельщики «Енисей-СТМ» вместе с командой, которые выиграют розыгрыш путевок. Принять участие может каждый, смотрите подробные условия на сайте клуба.
Главный тренер «Енисей-СТМ» Александр Первухин прокомментировал итоги жеребьевки: «На протяжении всех 5 наших евросезонов жеребьевки проходят почти одинаково. Есть две группы, в которых шансов мало совсем. И три группы, попадание в которые дает шансы на набор очков. При должной подготовке, при должном составе. В этот раз мы опять попали в такую группу. Да, соперники очень сильные — пусть и не лидеры своих чемпионатов. Но это команды из трех элитных Первенств, а в них определенно не может быть слабых. „Кастр“ — серьезный, хороший клуб, в чем-то сопоставимый с „Ла Рошелью“. „Вустер“ — нам знаком, но сравнивать его с образцом 2016 года не нужно. С „Ньюпортом“ мы уже дважды встречались. Но опять же... В Европе клубы ежегодно меняются. И как они подготовятся к следующему розыгрышу? Какие у них будут бюджеты, игроки? В любом случае, жребий оцениваю нормально».]]></text>
</doc>
