<?xml version='1.0' encoding='UTF-8'?>
<doc>
  <source><![CDATA[https://newslab.ru/news/903863]]></source>
  <category verify="true" type="str" auto="true"><![CDATA[Новости]]></category>
  <title verify="true" type="str" auto="true"><![CDATA[В Богучанском районе из-за пожара на базе с лесом чуть не сгорел жилой поселок]]></title>
  <keywords verify="true" type="list" auto="true">
    <item type="str"><![CDATA[Новости]]></item>
    <item type="str"><![CDATA[Происшествия]]></item>
    <item type="str"><![CDATA[В Красноярском крае]]></item>
  </keywords>
  <text verify="true" type="str" auto="true"><![CDATA[Обновлено: Больше суток ушло на ликвидацию крупного пожара на промбазе с лесом в Богучанском районе
В Красноярском крае в поселке Таежный загорелась промбаза с лесом. Площадь пожара составила 20 тысяч квадратным метров, сообщили в пресс-службе краевого управления МЧС России.
Сообщение о пожаре на промбазе, где хранились штабеля леса и горбыль, поступило 12 июня часа ночи. По приезду огнеборцы выяснили, что огнем охвачено уже около 20 тысяч квадратных метров, а пожарных гидрантов или водоемов для набора воды в этом месте нет.
В пресс-службе отметили, что сначала была угроза перехода огня на жилой поселок, ближайшие дома располагаются всего в 500 метрах от промбазы. Пожарным удалось защитить строения. К 6 часам утра со станции Чунояр в Таежный к ним на помощь пришел пожарный поезд. В его цистернах находится до 150 тонн воды. Для примера, в обычную пожарную машину вмещается около 3 тонн.
Сейчас пожар локализован, но еще не потушен. Известно, что погибших или пострадавших в этом происшествии нет. Причины возгорания еще предстоит установить. На месте работают 40 человек и 19 единиц техники.]]></text>
</doc>
