<?xml version='1.0' encoding='UTF-8'?>
<doc>
  <source><![CDATA[https://newslab.ru/news/903651]]></source>
  <category verify="true" type="str" auto="true"><![CDATA[Новости]]></category>
  <title verify="true" type="str" auto="true"><![CDATA[12-летняя девочка утонула возле красноярского моста «777»]]></title>
  <keywords verify="true" type="list" auto="true">
    <item type="str"><![CDATA[Новости]]></item>
    <item type="str"><![CDATA[Происшествия]]></item>
    <item type="str"><![CDATA[В Красноярском крае]]></item>
  </keywords>
  <text verify="true" type="str" auto="true"><![CDATA[Обновлено: «12-летнюю девочку спасали сверстницы и взрослые»: стали известны новые обстоятельства гибели юной красноярки при попытке переплыть Енисей
В понедельник, 10 июня, спасатели дважды выезжали на поиски утонувшей в Енисее красноярской школьницы. Информация об этом содержится в сводке КГКУ «Спасатель» за минувшие сутки.
Первый раз работы велись с 16:22 до 17:10 часов в районе моста «777». Тогда тело найти не удалось. Позже поиски повторили. Водолазы выполнили 3 спуска в период с 17:25 до 19:50 часов. Им удалось найти тело, его передали полиции.
Как стало известно Newslab, погибшей было всего 12 лет. При каких обстоятельствах случилось ЧП, предстоит установить следователям. Но предварительно известно, что это был несчастный случай, а погибшая плохо плавала. Несмотря на это, она предложила своей сестре и подруге переплыть реку, но те отказались. Девочка поплыла одна и утонула.]]></text>
</doc>
