<?xml version='1.0' encoding='UTF-8'?>
<doc>
  <source><![CDATA[https://newslab.ru/news/904068]]></source>
  <category verify="true" type="str" auto="true"><![CDATA[Новости]]></category>
  <title verify="true" type="str" auto="true"><![CDATA[В пристройке частного дома в Красноярском крае обнаружили тела пожилой пары]]></title>
  <keywords verify="true" type="list" auto="true">
    <item type="str"><![CDATA[Новости]]></item>
    <item type="str"><![CDATA[Происшествия]]></item>
    <item type="str"><![CDATA[В Красноярском крае]]></item>
  </keywords>
  <text verify="true" type="str" auto="true"><![CDATA[Сегодня ночью, 13 июня, в Сухобузимском районе нашли мёртвыми 64-летнего мужчину и его 53-летнюю сожительницу. Обстоятельства их гибели уже устанавливают, сообщили в краевом следственном управлении Следственного комитета.
По предварительным данным, вечером 12 июня жительница поселка Борск не смогла дозвониться до своей сестры. Когда она пришла к ней в частный дом, то обнаружила женщину и ее сожителя мёртвыми в подсобном помещении.
«Около часа ночи следователям поступило сообщение об обнаружении тел пожилых гражданских супругов. На место тут же выехала группа оперативников. Рядом с покойными были найдены записки, подтверждающие добровольный уход из жизни», — сообщили в Следственном комитете.
В настоящее время устанавливаются все обстоятельства произошедшего. По результатам проверки будет принято процессуальное решение.]]></text>
</doc>
