<?xml version='1.0' encoding='UTF-8'?>
<doc>
  <source><![CDATA[https://newslab.ru/news/903463]]></source>
  <category verify="true" type="str" auto="true"><![CDATA[Новости]]></category>
  <title verify="true" type="str" auto="true"><![CDATA[«Это оказывается в лёгких каждого жителя»: красноярцы обсуждают разводы на стеклах машин после «кислотного» дождя]]></title>
  <keywords verify="true" type="list" auto="true">
    <item type="str"><![CDATA[Новости]]></item>
    <item type="str"><![CDATA[Происшествия]]></item>
    <item type="str"><![CDATA[Общество]]></item>
    <item type="str"><![CDATA[В Красноярском крае]]></item>
  </keywords>
  <text verify="true" type="str" auto="true"><![CDATA[Красноярцы обсуждают негативные последствия субботнего ливня, после которого некоторые заметили подозрительные разводы на лобовых стеклах машин. Споры на эту тему развернулись после того, как житель Солнечного опубликовал в соцсетях фото стекла своего авто. С его слов, разводы образовались после дождя, который он назвал «нефтяным и кислотным».
«Был ливень и я так и не смог оттереть лобовое стекло, только размазывается. Стекло будто плёнкой покрылось и скапливает на себе влагу с улицы. А теперь вспомним зимние туманы, представляете, из чего они состоят? И это всё в лёгких каждого жителя города. Красноярск, ау, это кислотный дождь! И это ненормально», — посетовал он.
Некоторые горожане предположили, что разводы на стекле — это следы химических средств, которые используются на автомойках. Но автор фото заявил, что ранее после мытья машины и прошлых дождей со стеклом его авто такого не случалось.
«Не знаю. У меня все нормально, пыль отбило и всё. Может, омывайка ещё зимняя так себя ведёт на жаре», — написал еще один водитель.
Другие жители сообщили, что тоже заметили подобное явление после субботнего ливня.
«Дождей, под которыми можно было гулять босиком, без зонта, уже не будет никогда».
Синоптики предупреждали, что в уик-энд метеоусловия будут способствовать кратковременному накоплению загрязняющих веществ в атмосфере и прогнозировали «повышенное загрязнение».]]></text>
</doc>
