<?xml version='1.0' encoding='UTF-8'?>
<doc>
  <source><![CDATA[https://newslab.ru/news/903458]]></source>
  <category verify="true" type="str" auto="true"><![CDATA[Новости]]></category>
  <title verify="true" type="str" auto="true"><![CDATA[На неделе в Красноярске ожидается переменчивая погода. Но летняя]]></title>
  <keywords verify="true" type="list" auto="true">
    <item type="str"><![CDATA[Новости]]></item>
    <item type="str"><![CDATA[Общество]]></item>
    <item type="str"><![CDATA[В Красноярском крае]]></item>
  </keywords>
  <text verify="true" type="str" auto="true"><![CDATA[Праздничная неделя в Красноярске начнется с небольшого понижения температуры и дождей, затем в городе станет очень жарко, а к выходным снова ожидается спад температуры. Ежедневно синоптики обещают небольшие и кратковременные дожди, кроме среды, которая, напомним, будет нерабочей.
В понедельник, 10 июня, в краевой столице ожидается переменная облачность и небольшой дождь с грозой. Западный ветер будет дуть со скоростью 3-8 м/с, при грозе порывы могут достигать 14 м/с. Температура воздуха составит 22, 24 °C.
Вторник станет самым «прохладным» днем недели — разные синоптики обещают от 20 до 22 °C, будет облачно. Во второй рабочий день также ожидается усиление юго-западного ветра.
А в середине недели в Красноярске снова наступит жаркая погода: со среды по пятницу Гидрометцентр прогнозирует 27, 28 °C.
По ночам на неделе уличные термометры будут показывать от 13 до 15 выше нуля.
Согласно предварительным данным, в конце недели жара снова пойдет на спад: в субботу и воскресенье разные синоптики прогнозируют от 17 до 22 °C.]]></text>
</doc>
