<?xml version='1.0' encoding='UTF-8'?>
<doc>
  <source><![CDATA[https://newslab.ru/news/905462]]></source>
  <category verify="true" type="str" auto="true"><![CDATA[Новости]]></category>
  <title verify="true" type="str" auto="true"><![CDATA[Осужденный за гибель красноярских байкерш экс-глава ГИБДД Кузбасса попросил об УДО]]></title>
  <keywords verify="true" type="list" auto="true">
    <item type="str"><![CDATA[Новости]]></item>
    <item type="str"><![CDATA[Происшествия]]></item>
    <item type="str"><![CDATA[В Сибири]]></item>
    <item type="str"><![CDATA[В Красноярском крае]]></item>
  </keywords>
  <text verify="true" type="str" auto="true"><![CDATA[В Тагилстроевский районный суд Нижнего Тагила Свердловской области поступило ходатайство от защиты осужденного за смертельное ДТП экс-главы ГИБДД Кемеровской области Юрия Мовшина об условно-досрочном освобождении из мест лишения свободы. Такая информация содержится в материалах суда.
Когда пройдет заседание, пока неизвестно.
Трагедия, за которую осудили Мовшина, произошла 23 апреля 2016 года на трассе «Кемерово — Яшкино». На автомобиле Toyota Land Cruiser 200 он обогнал две машины и врезался в поворачивающую Toyota Corona Premio. В результате погибли пассажирки седана: три девушки из Красноярска и их знакомая из Кемерово, которые ехали на фестиваль байкеров. Свою вину полицейский не признал.
Максимально наказание, которое ему грозило, — до 7 лет лишения свободы. В январе 2018 года Абаканский городской суд приговорил его к 4, 5 годам колонии общего режима и на 3 года лишили прав. Кроме того, он должен заплатить родным погибших 8 миллионов рублей: 10 потерпевшим — по 700 тыс. рублей, еще двум — по 500 тыс. рублей.
Предыстория: Осужденный за гибель красноярских байкерш экс-глава ГИБДД Кузбасса обжаловал приговор]]></text>
</doc>
