<?xml version='1.0' encoding='UTF-8'?>
<doc>
  <source><![CDATA[https://newslab.ru/news/905081]]></source>
  <category verify="true" type="str" auto="true"><![CDATA[Новости]]></category>
  <title verify="true" type="str" auto="true"><![CDATA[60 домов Советского района получат горячую воду уже через 2,5 дня после ее отключения]]></title>
  <keywords verify="true" type="list" auto="true">
    <item type="str"><![CDATA[Новости]]></item>
    <item type="str"><![CDATA[Общество]]></item>
    <item type="str"><![CDATA[В Красноярском крае]]></item>
  </keywords>
  <text verify="true" type="str" auto="true"><![CDATA[Теплоэнергетики сообщили о возвращении горячей воды жителям красноярского микрорайона «Ястынское поле». Шесть десятков домов Советского района получат горячую воду раньше запланированного срока — спустя два с половиной дня после начала второго этапа гидравлических испытаний, которые стартовали утром 17 июня.
Утром 19 июня энергетики СГК начнут заполнять тепловые сети жителей некоторых домов. Жилищные организации, которые их обслуживают, уже уведомили о необходимости открыть задвижки в подвалах. После этого горячая вода появится в квартирах жителей.
С 13:00 часов 19 июня подачу горячей воды обещают восстановить по следующим адресам:
«В других микрорайонах, где нет горячей воды, теплоэнергетики продолжают ремонты повреждений на трубопроводах, которые выявлены после проверки теплосетей. Энергетики планируют свои работы таким образом, чтобы как можно быстрее вернуть красноярцам горячую воду. Все мероприятия на сетях завершатся до 14:00 25 июня», — уточнили в СГК.
Напомним, в этом году максимальный срок отключения горячей воды в Красноярске для регламентных работ на сетях сокращен более чем в два раза по сравнению с 2008 годом — до 9 дней.
График отключения воды в Красноярске.
Вы можете порадовать жителей Советского района новостью о возвращении воды, нажав кнопку «Поделиться в соцсетях»:]]></text>
</doc>
