<?xml version='1.0' encoding='UTF-8'?>
<doc>
  <source><![CDATA[https://newslab.ru/news/902961]]></source>
  <category verify="true" type="str" auto="true"><![CDATA[Новости]]></category>
  <title verify="true" type="str" auto="true"><![CDATA[Ради заграничного отпуска жительница края оплатила долг за услуги ЖКХ]]></title>
  <keywords verify="true" type="list" auto="true">
    <item type="str"><![CDATA[Новости]]></item>
    <item type="str"><![CDATA[Общество]]></item>
    <item type="str"><![CDATA[В Красноярском крае]]></item>
  </keywords>
  <text verify="true" type="str" auto="true"><![CDATA[Жительница города Назарово Красноярского края задолжала за услуги ЖКХ 80 тысяч рублей и едва не осталась без заграничного отпуска. Приставам пришлось ограничить ее в праве выезда за пределы страны накануне летнего отпуска, и только после этого она срочно оплатила задолженность.
«Длительный период времени женщина не исполняла свои обязательства по оплате коммунальных услуг, в результате чего накопилась задолженность, и женщина попала в „список“ должников. Судебный пристав-исполнитель предупредил должницу о мерах принудительного взыскания, однако гражданка в добровольном порядке не исполнила обязательство по оплате сформировавшейся задолженности. Тогда сотрудник Службы вынес постановление об ограничении должницы в праве выезда за пределы России, а также обратил взыскание на ее зарплату. Оплата задолженности последовала незамедлительно, поскольку ограничение встало на пути к долгожданному отдыху за границей», — рассказали в пресс-службе УФССП региона, но не уточнили, куда именно намеревалась поехать женщина.
Также ей пришлось оплатить исполнительский сбор в размере 7 % от суммы долга за несвоевременное исполнение требований имущественного характера.]]></text>
</doc>
