<?xml version='1.0' encoding='UTF-8'?>
<doc>
  <source><![CDATA[https://newslab.ru/news/904753]]></source>
  <category verify="true" type="str" auto="true"><![CDATA[Новости]]></category>
  <title verify="true" type="str" auto="true"><![CDATA[Омичи устроили заплывы на лодке по затопленному метро]]></title>
  <keywords verify="true" type="list" auto="true">
    <item type="str"><![CDATA[Новости]]></item>
    <item type="str"><![CDATA[Общество]]></item>
    <item type="str"><![CDATA[В Сибири]]></item>
    <item type="str"><![CDATA[В Красноярском крае]]></item>
  </keywords>
  <text verify="true" type="str" auto="true"><![CDATA[Житель Омска вместе со своими товарищами устроил заплывы по затопленным тоннелям метро. Местный метрополитен, как и красноярский, не могут достроить с 90-х.
Четверо омичей на резиновой лодке решили добраться по заброшенной подземке из центра до левого берега города. Они вооружились фонариком в руках и двигались в кромешной темноте.
«Зная, что все тоннели затоплены, решили просто прокатиться на лодке. Проплыть можно было почти весь участок от станции „Библиотека Пушкина“ до станции „Кристалл“», — пояснил инициатор путешествия журналистам издания «Омск здесь». Он рассказал также, что спускается в недостроенную подземку ещё с 2012 года.
Строительство омского метро началось в 1992 году, его планировали запустить сначала в 2008 году, затем в 2012, 2015 и 2016 годах. В 2019 году в городе приняли решение не достраивать метрополитен. Возведённые станции законсервируют, чтобы сохранить их на случай возобновления проекта.
Строительство метро в Красноярске началось в 1995 году. Из-за проблем с финансированием работы несколько раз останавливались, а затем проект полностью законсервировали в 2013 году. В 2018 году регион получил 1 миллиард рублей на корректировку схемы возведения метрополитена, мэрия Красноярска зарезервировала землю под будущее строительство и запланировала выкуп 11 участков. Не так давно краевому минтрансу представили новый план красноярского метро.]]></text>
</doc>
