<?xml version='1.0' encoding='UTF-8'?>
<doc>
  <source><![CDATA[https://newslab.ru/news/902963]]></source>
  <category verify="true" type="str" auto="true"><![CDATA[Новости]]></category>
  <title verify="true" type="str" auto="true"><![CDATA[Городовые рассказали о первых оштрафованных кальянщиках с красноярской набережной]]></title>
  <keywords verify="true" type="list" auto="true">
    <item type="str"><![CDATA[Новости]]></item>
    <item type="str"><![CDATA[Общество]]></item>
    <item type="str"><![CDATA[В Красноярском крае]]></item>
  </keywords>
  <text verify="true" type="str" auto="true"><![CDATA[Обновлено: Красноярцев спрашивают про отношение к кальянщикам на набережной
Служба красноярских городовых отчиталась о первых итогах работы по борьбе с кальянщиками на левобережной набережной Енисея. 3 и 5 июня в популярном месте отдыха горожан провели рейды, в ходе которых и наказали бизнесменов-кальянщиков за несанкционированную торговлю.
«Изъято 4 кальяна, составлено 2 протокола — результат очередного рейда службы городовых на левобережной набережной. Нарушители будут привлечены к административной ответственности за торговлю в неустановленных местах. Штраф — до 2 тысяч рублей», — рассказали городовые.
Публикация от Служба городовых в Красноярске (@sluzhba_gorodovyh_krsk) 6 Июн 2019 в 9:27 PDT
Буквально накануне власти города попросили красноярцев помочь им бороться с толпами кальянщиков на набережной, которые стали собираться там с наступлением тепла и слушают громкую музыку. Чиновники признали, что администрация города почти не имеет рычагов воздействия на незаконных бизнесменов, которые предлагают отдыхающим за деньги покурить кальян на набережной. Доказать факт предпринимательской деятельности сложно, а наказать людей за курение в общественном месте невозможно — федеральный закон, приравнивающий этот вид курения к курению табака, еще не приняли. Поэтому власти призвали красноярцев объявить бойкот бизнесменам-кальянщикам и не пользоваться их услугами.
Предыстория: Власти Красноярска попросили помощи в борьбе с кальянщиками на набережной Енисея
Предыстория: «Не знаю, как высыпаться»: жительница Дубровинского пожаловалась на сборище кальянщиков под окнами (видео)]]></text>
</doc>
