<?xml version='1.0' encoding='UTF-8'?>
<doc>
  <source><![CDATA[https://newslab.ru/news/903738]]></source>
  <category verify="true" type="str" auto="true"><![CDATA[Новости]]></category>
  <title verify="true" type="str" auto="true"><![CDATA[Красноярские стройотрядовцы строят первый автобан Сибири. Он находится не в Красноярском крае]]></title>
  <keywords verify="true" type="list" auto="true">
    <item type="str"><![CDATA[Новости]]></item>
    <item type="str"><![CDATA[Общество]]></item>
    <item type="str"><![CDATA[В Сибири]]></item>
  </keywords>
  <text verify="true" type="str" auto="true"><![CDATA[Бойцы стройотрядов из Красноярского края помогут в строительстве скоростной автомагистрали в Кемеровской области, сообщает ТАСС со ссылкой на начальника департамента молодежной политики и спорта Кузбасса Антона Пятовского.
150 студентов из Красноярского края, Новосибирской и Томской областей, Хакасии, Алтайского края и Кузбасса будут помогать дорожникам строить участок автобана от села Чусовитино до поселка Демьяновка. Его протяженность 17,6 км. Этот отрезок дороги является соединительным звеном автодороги Кемерово — Ленинск-Кузнецкий — Новокузнецк.
Около 30 студентов досрочно сдали сессию и уже приехали на стройку. Остальные приступят к работам в конце июня, их смена продлится до середины августа. Жить молодые люди будут в Ленинске-Кузнецком.
«По итогам конкурсного отбора определились регионы, которые будут участвовать. Это опытные студенческие отряды, со своей историей, которые ежегодно участвуют в подобных проектах. Средняя заработная плата составит порядка 26 тысяч рублей на руки в месяц. Это достаточно хорошие деньги для студентов», — сказал руководитель Кемеровского отделения организации «Российские студенческие отряды» Виктор Новоселов.
Строительство автобана с разрешенной скоростью до 130 км/час в Кемеровской области началось в 2005 году. Он проходит мимо мелких населенных пунктов от Кемерово через Ленинск-Кузнецкий до Новокузнецка. Скоростная автомагистраль станет первой в Сибири подобной дорогой. Пока в эксплуатацию введен лишь небольшой ее участок. Завершение стройки и открытие автобана запланировано на середину августа 2019 года.]]></text>
</doc>
