<?xml version='1.0' encoding='UTF-8'?>
<doc>
  <source><![CDATA[https://newslab.ru/news/904796]]></source>
  <category verify="true" type="str" auto="true"><![CDATA[Новости]]></category>
  <title verify="true" type="str" auto="true"><![CDATA[В Богучанском районе главу сельсовета поймали на взятке от лесозаготовителя]]></title>
  <keywords verify="true" type="list" auto="true">
    <item type="str"><![CDATA[Новости]]></item>
    <item type="str"><![CDATA[Происшествия]]></item>
    <item type="str"><![CDATA[В Красноярском крае]]></item>
  </keywords>
  <text verify="true" type="str" auto="true"><![CDATA[В Красноярском крае глава сельсовета за взятку в 40 тысяч рублей помогла лесозаготовителю скрыть самовольный захват земли. В следственном управлении региона и в краевой полиции сообщили о возбуждении уголовного дела.
По версии следствия, с 2014 года директор одного из лесозаготовительных предприятий Богучанского района незаконно пользовался земельным участком в поселке Октябрьский. Там он складировал круглый лес. О нарушении закона знала 50-летняя глава администрации Октябрьского сельсовета. Вместо того, чтобы сообщить об этом в правоохранительные и прокуратуру, женщина начала вымогать взятку. В 2018 году она получила от предпринимателя 42 тысячи рублей.
О преступлении стало известно во время прокурорской проверки. Затем материалы изучали полицейские из отдела по борьбе с экономическими преступлениями и следователи. Итогом стало возбуждение в отношении главы сельсовета уголовного дела по п. «б» ч. 5 ст. 290 (получение взятки) УК РФ. Санкция этой статьи предполагает максимальное наказание в виде лишения свободы на срок до 12 лет. Ближайшие 2 месяца глава сельсовета проведет под домашним арестом.]]></text>
</doc>
