<?xml version='1.0' encoding='UTF-8'?>
<doc>
  <source><![CDATA[https://newslab.ru/news/903705]]></source>
  <category verify="true" type="str" auto="true"><![CDATA[Новости]]></category>
  <title verify="true" type="str" auto="true"><![CDATA[В Красноярске наградили победителей студенческого конкурса «Хрустальный апельсин»]]></title>
  <keywords verify="true" type="list" auto="true">
    <item type="str"><![CDATA[Новости]]></item>
    <item type="str"><![CDATA[Общество]]></item>
    <item type="str"><![CDATA[В Красноярском крае]]></item>
  </keywords>
  <text verify="true" type="str" auto="true"><![CDATA[В Законодательном Собрании Красноярского края состоялось награждение победителей регионального тура студенческого конкурса «Хрустальный апельсин».
Этот молодежный образовательный проект объединяет тысячи студентов и выпускников вузов из 39 российских городов. По мнению экспертов, он входит в десятку лучших студенческих конкурсов страны. Его организаторы — молодежный центр развития связей с общественностью «Хрустальный апельсин», Общественная палата РФ, Российская ассоциация по связям с общественностью, Ассоциация преподавателей по связям с общественностью. «Хрустальный апельсин» выявляет талантливых студентов, помогает их успешному карьерному старту, профессиональному росту.
Перед началом мероприятия вице-спикер краевого парламента Сергей Попов рассказал, почему Законодательное Собрание на протяжении многих лет поддерживает творческий поиск студентов.
«Открытый всероссийский конкурс студенческих работ в области связей с общественностью и медийных технологий „Хрустальный апельсин“ существует уже 19 лет. С перерывами, с разной активностью участников, но практически все это время Красноярский край довольно часто блестяще выступает на этом конкурсе, имеет шесть Гран-при и более сотни дипломов. Во многом это удается благодаря Сибирскому государственному университету имени Михаила Решетнёва. Считаю, что в целом „Хрустальный апельсин“ — очень важное направление. Не зря итоги регионального тура конкурса мы подводим здесь, в Законодательном Собрании края, ведь коммуникации пронизывают всю нашу жизнь, мы делимся идеями, мыслями о каких-то проектах, кого-то в чем-то убеждаем, в этом суть практически любой сферы жизни. И в краевом парламенте, как нигде, это проявляется, поскольку здесь концентрация политической деятельности, компромиссы, выработка и принятие решений», — рассказал депутат.
На красноярский тур конкурса прислали около 30 проектов из Кемеровской области, Хакасии и Красноярска. Эксперты оценивали проекты по критериям адекватности PR-технологий, актуальности, реализуемости, социальной значимости. Некоторые студенческие работы презентовали краевым депутатам. Например, «Молодежный студенческий форум „Бренд-Инвент“: перезагрузка». Одна из его задач — вовлечь студенческую молодежь в формирование позитивного имиджа Кузбасса, разработать концепцию его продвижения как региона с высокой культурой, интересными туристическими объектами. Интересна идея медиашколы Spectrum, задумка и воплощение проекта «Ярпиар.Блог», разработка «Геоимиджирование в историческом аспекте на примере формирования образа Хакасии в сибирских газетах 1931 года». Одна из самых масштабных работ конкурса — «Енисей: „Большая река — Большая игра“», призванная привлечь внимание к проекту «Енисейская Сибирь».
После презентации проектов победителям регионального тура конкурса и их руководителям вручили дипломы и памятные подарки. Лучшие краевые проекты отправятся в Москву на суд федерального экспертного совета конкурса.]]></text>
</doc>
