<?xml version='1.0' encoding='UTF-8'?>
<doc>
  <source><![CDATA[https://newslab.ru/news/903010]]></source>
  <category verify="true" type="str" auto="true"><![CDATA[Новости]]></category>
  <title verify="true" type="str" auto="true"><![CDATA[Красноярский край станет пилотной площадкой по внедрению технологий дистанционного зондирования Земли]]></title>
  <keywords verify="true" type="list" auto="true">
    <item type="str"><![CDATA[Новости]]></item>
    <item type="str"><![CDATA[Экономика]]></item>
    <item type="str"><![CDATA[В Красноярском крае]]></item>
  </keywords>
  <text verify="true" type="str" auto="true"><![CDATA[Красноярский край станет одной из пилотных площадок по внедрению технологий дистанционного зондирования Земли и цифровизации в государственном управлении. Цифровые технологии помогут проводить мониторинг в сфере строительства, сельского и лесного хозяйства, чрезвычайных ситуаций, экологической обстановки, эффективности использования природных ресурсов и контроля хозяйственной деятельности, сообщили в пресс-службе правительства региона.
Дополнительное соглашения о таких намерениях 7 июня на площадке Петербургского международного экономического форума подписали губернатор Красноярского края Александр Усс и генеральный директор государственной корпорации «Роскосмос» Дмитрий Рогозин. Проект реализуют в рамках программы «Цифровая Земля» национального проекта «Цифровая экономика Российской Федерации».
«Нам нужны новые возможности для мониторинга чрезвычайных ситуаций и экологической обстановки в нашем регионе. Документ предусматривает совместную работу с краевыми министерствами экологии и рационального природопользования, лесного хозяйства, сельского хозяйства и торговли», − прокомментировал Александр Усс.
Губернатор особо отметил, что для Красноярского края, где большие площади заняты лесами, использование современных технологий позволит оперативно обнаруживать лесные пожары и эффективно ликвидировать возгорания. Более того, технические ресурсы станут важнейшей составляющей частью работы по декриминализации и наведению порядка в лесной отрасли.
В свою очередь Дмитрий Рогозин отметил, что госкорпорация «Роскосмос» приступает к целенаправленному и широкому внедрению результатов космической деятельности в регионах России. «Создаваемые нами сервисы должны стать хорошим вспомогательным инструментом для администраций регионов, а также помогут повысить качество жизни населения, − заявил руководитель госкорпорации. − Постараемся внедрить их в максимально короткие сроки на территории всей России».
Соглашение о сотрудничестве между Красноярским краем и госкорпорацией «Роскосмос» заключено в 2017 году. Стороны договорились о стратегическом партнерстве и долгосрочном, эффективном и взаимовыгодном сотрудничестве, в том числе путем развития научно-технического, технологического и производственного потенциала организаций госкорпорации, расположенных на территории края, в интересах социально-экономического и инновационного развития региона.]]></text>
</doc>
