<?xml version='1.0' encoding='UTF-8'?>
<doc>
  <source><![CDATA[https://newslab.ru/news/904256]]></source>
  <category verify="true" type="str" auto="true"><![CDATA[Новости]]></category>
  <title verify="true" type="str" auto="true"><![CDATA[В Красноярском крае назвали даты школьных выпускных]]></title>
  <keywords verify="true" type="list" auto="true">
    <item type="str"><![CDATA[Новости]]></item>
    <item type="str"><![CDATA[Общество]]></item>
    <item type="str"><![CDATA[В Красноярском крае]]></item>
  </keywords>
  <text verify="true" type="str" auto="true"><![CDATA[В Красноярском крае назвали даты школьных выпускных. В краевом министерстве образования рассказали о том, как пройдут праздники в разных городах региона.
В этом году праздновать окончание учебы в школе 11-классники будут с 21 по 29 июня, а девятиклассники смогут выбрать даты с 14 по 29 июня. Всего из школы выпускается около 15 тысяч одиннадцатиклассников, а 9 класс заканчивают около 30 тысяч школьников.
В Красноярске выпускные вечера для одиннадцатиклассников пройдут с 23 по 29 июня. В этом году из стен 113 городских школ выпускается пять тысяч ребят. В школе № 10 торжества пройдут в краевой филармонии в малом концертном зале, в лицее № 2 — в ДК «Железнодорожников», в гимназии № 4 — в ДК «Кировский». В остальных школах праздник решено провести также — на территории учебных учреждений.
В министерстве отметили, что в некоторых городах и районах края сложились свои собственные традиции при проведении выпускных вечеров. Самые необычный праздник под названием «Алый парус» устраивают в Зеленогорске. Сначала выпускники проходят парадом по центральной улице города, а затем переходят на набережную реки Кан, где мимо них проплывает катер с алыми парусами. Заканчивается торжество праздничным фейерверком.
Парады выпускников устраивают также в Сосновоборске и Балахтинском районе и Железногорске. В Красноярске 21 июня выпускники кадетских корпусов и Мариинских гимназий на площади перед БКЗ пройдут маршем по площади, попрощаются с корпусными знаменами и станцуют вальс.
Вручать выпускникам аттестаты будут в школах, но в некоторых населенных пунктах праздник разрешили устроить в сельских домах культуры. Решение о том, как будет проходить праздник после вручения аттестатов, принимают родители и руководство школы. В министерстве напомнили, что они не рекомендуют устраивать его за пределами города. Подросткам запрещено употреблять спиртное.
«При проведении выпускных особенное внимание уделяется безопасности: запрещено использование огня и пиротехники, усилен пропускной режим в школах, находиться на территории школ посторонним запрещено. В каждом учебном заведении будут дежурить полицейские. Кроме того, за безопасностью будут следить и штатные охранники», — пояснили в пресс-службе.]]></text>
</doc>
