<?xml version='1.0' encoding='UTF-8'?>
<doc>
  <source><![CDATA[https://newslab.ru/news/904265]]></source>
  <category verify="true" type="str" auto="true"><![CDATA[Новости]]></category>
  <title verify="true" type="str" auto="true"><![CDATA[В красноярской Покровке водитель пренебрег правилами на повороте. Пострадал 11-летний пассажир (видео)]]></title>
  <keywords verify="true" type="list" auto="true">
    <item type="str"><![CDATA[Новости]]></item>
    <item type="str"><![CDATA[Происшествия]]></item>
    <item type="str"><![CDATA[В Красноярском крае]]></item>
  </keywords>
  <text verify="true" type="str" auto="true"><![CDATA[В Красноярске в микрорайоне Покровка водитель иномарки пренебрег правилами дорожного движения. Из-за этого пострадал его юный пассажир, сообщили в пресс-службе ГИБДД.
Авария произошла 12 июня на улице Зои Космодемьянской. Водитель Toyota Camry решил на перекрестке повернуть на соседнюю улицу, но не пропустил Toyota Vitz. Автомобиль двигался по улице навстречу Camry и имел преимущество в движении.
В результате столкновения пострадал 11-летний ребенок, который находился на заднем сидении Toyota Camry. В ГИБДД отметили, что школьник был пристегнут ремнем безопасности, поэтому получил лишь незначительную травму.
«При повороте налево или развороте водитель обязан уступить дорогу транспортным средствам, движущимся по равнозначной дороге со встречного направления (п. 13.12 ПДД РФ). Будьте предельно внимательны при осуществлении любых маневров. При движении не забывайте использовать ремни безопасности», — напомнили в пресс-службе дорожной полиции.]]></text>
</doc>
