<?xml version='1.0' encoding='UTF-8'?>
<doc>
  <source><![CDATA[https://newslab.ru/news/902620]]></source>
  <category verify="true" type="str" auto="true"><![CDATA[Новости]]></category>
  <title verify="true" type="str" auto="true"><![CDATA[В Черемушках беспечный школьник выбежал на дорогу и попал под колеса иномарки (видео)]]></title>
  <keywords verify="true" type="list" auto="true">
    <item type="str"><![CDATA[Новости]]></item>
    <item type="str"><![CDATA[Происшествия]]></item>
    <item type="str"><![CDATA[В Красноярском крае]]></item>
  </keywords>
  <text verify="true" type="str" auto="true"><![CDATA[В Черемушках на улице Шевченко мальчик перебегал дорогу перед иномаркой и попал в больницу. Дорожные полицейские просят водителей быть особо внимательными рядом с пешеходными переходами.
Авария произошла утром 3 июня на улице Шевченко в районе дома № 60. На записи с видеорегистратора машины видно, что маленький мальчик выбежал на нерегулируемый пешеходный переход прямо перед машиной. Водитель не успел среагировать и сбил его. На записи видно, что ребенок даже не остановился перед проезжей частью.
В ГИБДД пояснили, что 9-летнего мальчика с травмой доставили в больницу. Сейчас он проходит лечение. В отношении женщины, которая управляла автомобилем SsangYong составили протокол об административном правонарушении по ст. 12.24 КоАП.
Наказание для женщины выберут после того, как врачи определят степень причиненного здоровью ребенка вреда.
Сотрудники ГИБДД просят пешеходов пользоваться только пешеходными переходами для пересечения проезжей части. До того, как выйти на дорогу, нужно посмотреть по сторонам и убедиться, что все водители вас увидели и готовы пропустить.
«Водители, при приближении к пешеходным переходам необходимо: сбавить скорость, не отвлекаться от дороги и быть готовым применить торможение в случае неожиданного появления пешеходов», — призвали сотрудники ГИБДД.]]></text>
</doc>
