<?xml version='1.0' encoding='UTF-8'?>
<doc>
  <source><![CDATA[https://newslab.ru/news/905359]]></source>
  <category verify="true" type="str" auto="true"><![CDATA[Новости]]></category>
  <title verify="true" type="str" auto="true"><![CDATA[Против напавшего на журналиста чиновника из Хакасии возбудили новое уголовное дело]]></title>
  <keywords verify="true" type="list" auto="true">
    <item type="str"><![CDATA[Новости]]></item>
    <item type="str"><![CDATA[Происшествия]]></item>
    <item type="str"><![CDATA[В Сибири]]></item>
    <item type="str"><![CDATA[Хакасия]]></item>
  </keywords>
  <text verify="true" type="str" auto="true"><![CDATA[В Хакасии глава Ширинского района Сергей Зайцев и еще несколько неустановленных человек подозреваются в превышении должностных полномочий, сообщили сегодня в следственном комитете республики. Против чиновника завели второе уголовное дело — по п. «в» ч. 3 ст. 286 УК РФ (превышение должностных полномочий с причинением тяжких последствий). Ранее он попал под следствие за нападение на журналистов федерального канала, которые спросили, почему погорельцы, пострадавшие от степных пожаров 4 года назад, живут в нечеловеческих условиях.
По версии следствия, Зайцев переоформил на своего знакомого земельный участок, предназначенный под строительство полигона твердых бытовых отходов. Затем этот участок передали в дар другому человеку, позже администрация района арендовала его у новых собственников, а еще через некоторое время выкупила за 5 млн рублей.
«Зайцев силами администрации МО Ширинский район организовал разработку договора аренды указанного земельного участка с арендной платой в размере около 50 тысяч рублей в год и обеспечил включение в договор условий об изменении категории земель данного участка с земель сельскохозяйственного назначения на земли промышленности, и последующего выкупа участка у собственника за цену ниже рыночной. При этом подозреваемый знал, что указанный земельный участок должен был перейти в муниципальную собственность и использоваться бесплатно, а изменение категории земель повлечет существенное увеличение рыночной стоимости участка. Реализуя преступный умысел, в период с 2010 по 2017 годы Зайцев незаконно обеспечил подписание договоров аренды данного земельного участка, перечисление его собственникам арендной платы за счет средств муниципального бюджета, после чего организовал подписание подчиненными сотрудниками договора купли-продажи земельного участка о его выкупе за сумму более 5 миллионов рублей. Таким образом совершение Зайцевым и другими неустановленными лицами незаконных действий повлекло наступление тяжких последствий в виде причинения материального ущерба МО Ширинский район в сумме более 6 миллионов рублей за незаконно выплаченные арендную плату и выкуп земельного участка у собственника», — говорится в сообщении следователей.
В настоящее время расследование по делу продолжается.
Предыстория: Глава Ширинского района Хакасии напал на журналистов федерального канала. Возбудили уголовное дело (видео)]]></text>
</doc>
