<?xml version='1.0' encoding='UTF-8'?>
<doc>
  <source><![CDATA[https://newslab.ru/news/902453]]></source>
  <category verify="true" type="str" auto="true"><![CDATA[Новости]]></category>
  <title verify="true" type="str" auto="true"><![CDATA[Безобразные остановки на окраине Красноярска пообещали заменить до конца месяца]]></title>
  <keywords verify="true" type="list" auto="true">
    <item type="str"><![CDATA[Новости]]></item>
    <item type="str"><![CDATA[Общество]]></item>
    <item type="str"><![CDATA[В Красноярском крае]]></item>
  </keywords>
  <text verify="true" type="str" auto="true"><![CDATA[Чиновники пообещали жителям микрорайона Ботанический, который находится на окраине Октябрьского района Красноярска, поменять два пришедших в негодность остановочных пункта. О таких планах сегодня сообщили представители Управления дорог и благоустройства.
Со слов чиновников, жители Ботанического «часто жаловались на плохое состояние и внешний вид» двух старых автобусных остановок: «Бульвар „Ботанический“» на одноименной улице и «Магазин Локомотив» на улице Попова. Металлические конструкции остановок заржавели, а краска облупилась.
Публикация от МКУ «УДИБ» (@mky_udib) 4 Июн 2019 в 2:15 PDT
«Все это безобразие будет демонтировано уже в ближайшее время, а на их месте до конца месяца будут установлены новые автопавильоны», — заверили в мэрии.]]></text>
</doc>
