<?xml version='1.0' encoding='UTF-8'?>
<doc>
  <source><![CDATA[https://newslab.ru/news/903703]]></source>
  <category verify="true" type="str" auto="true"><![CDATA[Новости]]></category>
  <title verify="true" type="str" auto="true"><![CDATA[В праздничную среду за красноярскими водителями тайно проследят скрытые патрули]]></title>
  <keywords verify="true" type="list" auto="true">
    <item type="str"><![CDATA[Новости]]></item>
    <item type="str"><![CDATA[Происшествия]]></item>
    <item type="str"><![CDATA[В Красноярском крае]]></item>
  </keywords>
  <text verify="true" type="str" auto="true"><![CDATA[В среду, 12 июня, дорожные полицейские Красноярска усилят контроль за водителями — они проведут рейд, направленный на пресечение и выявление аварийно-опасных нарушении ПДД.
На этот раз стражи дорожного порядка уделят особое внимание выезду на полосу встречного движения на загородных трассах. Выявлять нарушителей будут скрытые патрули, рассказали Newslab в ГИБДД.
В потоке машин будет ехать обычный гражданский автомобиль и выявлять злоумышленника. Информацию о нем по рации передадут ближайшему патрулю, а тот остановит его и привлечет к ответственности.
За выезд на встречную полосу движения водителю может грозить штраф в размере 5 тысяч рублей или лишение прав на срок от 4 до 6 месяцев.]]></text>
</doc>
