<?xml version='1.0' encoding='UTF-8'?>
<doc>
  <source><![CDATA[https://newslab.ru/news/902615]]></source>
  <category verify="true" type="str" auto="true"><![CDATA[Новости]]></category>
  <title verify="true" type="str" auto="true"><![CDATA[Известный ювелирный эксперт продал долю в красноярской компании за 50 тысяч. Хочет в 1000 раз больше]]></title>
  <keywords verify="true" type="list" auto="true">
    <item type="str"><![CDATA[Новости]]></item>
    <item type="str"><![CDATA[Происшествия]]></item>
    <item type="str"><![CDATA[В Красноярском крае]]></item>
  </keywords>
  <text verify="true" type="str" auto="true"><![CDATA[Красноярский Арбитражный суд в июле рассмотрит иск известного ювелирного эксперта Флуна Гумерова, основателя торговой марки «Алмаз-Холдинг», к компании ООО «Кристалл».
В иске предприниматель указал, что он являлся участником компании, торгующей ювелирными изделиями в Красноярске. Его доля в уставном капитале ООО «Кристалл» составляла 44,53 %. Когда Флун Гумеров решил продать свою долю, он предложил ее другим учредителям, а затем непосредственно ООО «Кристалл». Предприниматель рассчитывал получить рыночную стоимость своей доли — ее оценили в 51,6 миллиона рублей. Однако ему выплатили всего 50 тысяч и исключили из списка учредителей компании.
Теперь основатель «Алмаз-Холдинга» хочет получить со своих бывших партнеров не только причитающуюся ему долю, но и проценты за пользование чужими деньгами, а также неустойку за просрочку исполнения обязательств. Общая сумма составляет 52,68 миллиона рублей.
В Арбитражном суде пояснили, что дело уже принято к рассмотрению. Первое заседание по нему состоится 18 июля.]]></text>
</doc>
