<?xml version='1.0' encoding='UTF-8'?>
<doc>
  <source><![CDATA[https://newslab.ru/news/905363]]></source>
  <category verify="true" type="str" auto="true"><![CDATA[Новости]]></category>
  <title verify="true" type="str" auto="true"><![CDATA[Красноярка дозвонилась на «прямую линию» к президенту и пожаловалась на застройку (видео)]]></title>
  <keywords verify="true" type="list" auto="true">
    <item type="str"><![CDATA[Новости]]></item>
    <item type="str"><![CDATA[Общество]]></item>
    <item type="str"><![CDATA[В России]]></item>
    <item type="str"><![CDATA[В Красноярском крае]]></item>
  </keywords>
  <text verify="true" type="str" auto="true"><![CDATA[Жительница Красноярска Ксения Бессонова дозвонилась на прямую линию с президентом РФ Владимиром Путиным. Женщина задала вопрос об инфраструктуре в микрорайоне Солнечный.
Жительница рассказала, что в Солнечном нет мест в местных школах и детских садах, кроме того, здесь нет скверов и зеленых зон. По ее словам, последнюю землю, которая должна была пойти под парк, отдали под жилую застройку.
«Нашим детям просто негде гулять, помогите нам, пожалуйста, в решении этого вопроса», — закончила свое обращения Ксения Бессонова.
На связи со студией в этот момент был губернатор Красноярского края Александр Усс.
Президент отметил, что при строительстве районов, когда используются деньги вкладчиков, инфраструктура должна прописываться на уровне договор. Там должно быть заложено и строительство садов и школ, и зеленые зоны, и больницы.
«Микрорайон „Солнечный“ в Красноярске действительно далеко не идеальный. Он находится на окраине и, признаюсь, зоной пристального внимания никогда не был. Но скажу, что в этом году там открыли одну школу и один детский сад, на открытии которых я сам лично был. Информация о том, что земля, пригодная под социальную застройка, отдана под коммерческой жилье — для меня это новость. Если это действительно так, то мы, конечно, подкорректируем это решение. Повторюсь, что район находится на окраине, а значит, сделать там парковую зону вполне реально. Именно этот микрорайон у нас входит в приоритетный проект „Жилье“, и современные строительные подходы там, конечно, могут быть реализованы. Но наследие того, что мы получили, до конца, конечно устранить невозможно», — прокомментировал Александр Усс.
Владимир Путин поручил Александру Уссу лично съездить на место и разобраться в ситуации, после чего доложить по этому вопросу.
Продолжение: После жалобы красноярки Путину губернатор и мэр приехали в проблемный район Солнечного и пообещали сквер]]></text>
</doc>
