<?xml version='1.0' encoding='UTF-8'?>
<doc>
  <source><![CDATA[https://newslab.ru/news/904069]]></source>
  <category verify="true" type="str" auto="true"><![CDATA[Новости]]></category>
  <title verify="true" type="str" auto="true"><![CDATA[Жители двух районов Красноярска на 9 дней останутся без горячей воды]]></title>
  <keywords verify="true" type="list" auto="true">
    <item type="str"><![CDATA[Новости]]></item>
    <item type="str"><![CDATA[Общество]]></item>
    <item type="str"><![CDATA[В Красноярском крае]]></item>
  </keywords>
  <text verify="true" type="str" auto="true"><![CDATA[Красноярские теплоэнергетики проведут очередное испытания тепловых сетей. На этот раз в части Советского и Центральном районах краевого центра.
Испытания начнутся с 9:00 понедельника, 17 июня, и продолжатся до 14:00 25 июня. В это время у красноярцев, которые получают тепловую энергию от Красноярской ТЭЦ-3 Сибирской генерирующей компании, не будет горячей воды.
Зеленым на карте выделены районы, где отключат горячую воду:
Жилищные организации извещены о проведении гидравлических испытаний трубопроводов на прочность. Чтобы избежать порывов внутридомовых систем отопления они обязаны перекрыть задвижки в подвале каждого дома. Гидравлические испытания теплосетей на прочность проводятся водой, температура которой не превышает 40 градусов. При вероятных порывах труб она безопасна для жителей. При этом давление в трубах повышают на 25 %, и если участок трубопровода выдержит работу с такими параметрами в течение 10 минут, то его проверка на прочность будет успешно пройдена. При повреждении трубы диспетчеры увидят падение давления в системе. Тогда испытания приостановят, а порыв — ликвидируют.
Проверка трубопроводов на прочность проводится ежегодно. За последние 10 лет максимальный срок отключения горячей воды в Красноярске удалось сократить более чем в два раза: с 22 суток в 2008 году до девяти суток в 2019 году. Это стало возможным в том числе за счет реализации Сибирской генерирующей компанией мероприятий схемы теплоснабжения города.
Это не единственное отключение на ближайшее время. Уже завтра, 14 июня, в Ленинском районе, части Кировского района до Затонской (в границах от железной дороги до Енисея), в коттеджах на Побежимова, Вавилова и в Березовке выключат холодную воду. Водоснабжения не будет ровно сутки.
Вы можете предупредить об отключении своих друзей и знакомых, нажав кнопку «Поделиться в соцсети»:]]></text>
</doc>
