<?xml version='1.0' encoding='UTF-8'?>
<doc>
  <source><![CDATA[https://newslab.ru/news/905089]]></source>
  <category verify="true" type="str" auto="true"><![CDATA[Новости]]></category>
  <title verify="true" type="str" auto="true"><![CDATA[Выдавать паспорта фасадам Красноярска будут по новым правилам]]></title>
  <keywords verify="true" type="list" auto="true">
    <item type="str"><![CDATA[Новости]]></item>
    <item type="str"><![CDATA[Общество]]></item>
    <item type="str"><![CDATA[В Красноярском крае]]></item>
  </keywords>
  <text verify="true" type="str" auto="true"><![CDATA[В Красноярске изменятся правила паспортизации фасадов. Такое решение вчера, 18 июня, на очередной сессии принял Горсовет.
Специальный документ со всеми характеристиками внешнего облика многоквартирного дома теперь будут изготавливать только в рамках капитального ремонта. Дополнительным основанием для присвоения фасаду паспорта станет размещение на нём новой рекламы. Для частного сектора требование получения данного документа отменено полностью.
Накануне принятия данного решения о необходимости сохранить процедуру паспортизации высказался глава города Сергей Ерёмин.
«Если мы не будем продолжать этот проект — следить за видом фасадов, рекламы, то далеко не уедем. Ни о какой „столичности“ Красноярска тогда не может быть и речи. Чистота и порядок в городе — результат системной кропотливой работы, грязь возвращается за два дня», — отметил мэр города Сергей Ерёмин на сессии Горсовета.
Присваивать паспорта красноярским зданиям начали летом прошлого года. По мнению представителей мэрии, разница между тем, какими были здания и какими они стали, очевидна: на домах гораздо меньше ярких рекламных вывесок и конструкций, магазины оформлены в едином стиле.
Тем не менее, красноярцы неоднократно выступали за отмену паспортизации. Стоимость документа составляет 50-80 тысяч рублей, а бремя этих расходов зачастую ложится на жильцов дома.
Обновлено: В красноярской мэрии выступили против отмены паспортов фасадов
Предыстория: Горсовет Красноярска хочет отменить паспорта фасадов]]></text>
</doc>
