<?xml version='1.0' encoding='UTF-8'?>
<doc>
  <source><![CDATA[https://newslab.ru/news/904204]]></source>
  <category verify="true" type="str" auto="true"><![CDATA[Новости]]></category>
  <title verify="true" type="str" auto="true"><![CDATA[На выходных жара в Красноярске достигнет пика]]></title>
  <keywords verify="true" type="list" auto="true">
    <item type="str"><![CDATA[Новости]]></item>
    <item type="str"><![CDATA[Общество]]></item>
    <item type="str"><![CDATA[В Красноярском крае]]></item>
  </keywords>
  <text verify="true" type="str" auto="true"><![CDATA[В предстоящий уик-энд в Красноярске будет стоять очень жаркая погода. Синоптики обещают переменную облачность, временами — небольшие дожди и грозы. Ветер будет умеренным.
В пятницу, 14 июня, в столице края ожидается переменная облачность, небольшой дождь и гроза. Юго-западный ветер будет переходить в северо-западный, иногда его порывы будут достигать 14 м/с, а при грозе — до 18 м/с. Температура воздуха составит 26... 28 °C. По данным синоптиков, такие метеоусловия будут способствовать рассеиванию загрязняющих веществ в атмосфере.
В субботу Гидрометцентр обещает 24 °C и повышенное загрязнение воздуха, в воскресенье — 30 °C. А портал Gismeteo прогнозирует 29 и 33 °C соответственно (такая температура установится впервые в этом сезоне). Ночами температура воздуха составит 13... 14 °C°.
Согласно предварительным данным, на следующей неделе в краевой столице сохранится жаркая погода — но столбики термометров уже не будут подниматься выше отметки в 30 °C.]]></text>
</doc>
