<?xml version='1.0' encoding='UTF-8'?>
<doc>
  <source><![CDATA[https://newslab.ru/news/904214]]></source>
  <category verify="true" type="str" auto="true"><![CDATA[Новости]]></category>
  <title verify="true" type="str" auto="true"><![CDATA[В Лесосибирске владельца общественной бани поймали на мошенничестве. Внес в отчет умерших клиентов]]></title>
  <keywords verify="true" type="list" auto="true">
    <item type="str"><![CDATA[Новости]]></item>
    <item type="str"><![CDATA[Происшествия]]></item>
    <item type="str"><![CDATA[В Красноярском крае]]></item>
  </keywords>
  <text verify="true" type="str" auto="true"><![CDATA[В Красноярском крае владельца общественной бани поймали на подделке отчетов для получения субсидии от государства, сообщили в краевой прокуратуре.
В начале года лесосибирское «Управление городского хозяйства» заключило договор с ИП Черепановым об оказании услуг населению по помывке в общественной бане. В конце первого квартала 2019 года мужчина предоставил чиновникам отчет о предоставлении услуги и получил возмещение понесенных затрат — 2,1 миллиона рублей.
Прокуратура Лесосибирска тщательно проверила этот отчет и выяснила, что он сфальсифицирован. В частности, среди постоянных клиентов предпринимателя были указаны умершие люди.
В отношении мужчины возбудили уголовное дело о мошенничестве с целью хищения бюджетных средств (ч. 1 ст. 159 УК РФ). Ему может грозить до двух лет лишения свободы.]]></text>
</doc>
