<?xml version='1.0' encoding='UTF-8'?>
<doc>
  <source><![CDATA[https://newslab.ru/news/902659]]></source>
  <category verify="true" type="str" auto="true"><![CDATA[Новости]]></category>
  <title verify="true" type="str" auto="true"><![CDATA[Самое интересное в Красноярске за 5 июня: окна в решётках, дороги в «вафельницах» и пустующее кресло министра]]></title>
  <keywords verify="true" type="list" auto="true">
    <item type="str"><![CDATA[Новости]]></item>
    <item type="str"><![CDATA[Общество]]></item>
    <item type="str"><![CDATA[В Красноярском крае]]></item>
  </keywords>
  <text verify="true" type="str" auto="true"><![CDATA[Губернатор отправил в отставку красноярского министра здравоохранения. А жену бывшего губернатора и заслуженного врача России Наталью Толоконскую подозревают в распространении фейковых новостей.
Жители Красноярска и края считают, что вытрезвители пора возвращать. Таковы результаты недавнего опроса. Есть серьёзные проблемы, которые нужно решать на трезвую голову — край возглавил пятёрку грязнейших регионов страны.
В Красноярске стало больше на одну дорожную «вафельницу». Теперь бороться с заторами на дороге клетчатой разметкой будут ещё и на перекрёстке Вейнбаума и Марковского.
Полиция советует поставить на окна решётки, а только потом надолго уезжать из квартиры. Лето — пора не только отпусков, но и частых краж.
«Идите мимо со своим латте!»: за что не любят красноярские кофейни
Мы погуляли с новым главой по улицам и дворам Советского района, поговорили с прохожими. Делимся, как совсем скоро изменится самый крупный район Красноярска.]]></text>
</doc>
