<?xml version='1.0' encoding='UTF-8'?>
<doc>
  <source><![CDATA[https://newslab.ru/news/904102]]></source>
  <category verify="true" type="str" auto="true"><![CDATA[Новости]]></category>
  <title verify="true" type="str" auto="true"><![CDATA[В России предложили сделать дипломы вузов электронными]]></title>
  <keywords verify="true" type="list" auto="true">
    <item type="str"><![CDATA[Новости]]></item>
    <item type="str"><![CDATA[Общество]]></item>
    <item type="str"><![CDATA[В России]]></item>
  </keywords>
  <text verify="true" type="str" auto="true"><![CDATA[Министерство образования и науки России предлагает сделать дипломы вузов электронными, сообщает «Российская газета».
Представители министерства пояснили, что перевод документа о высшем образовании в электронный вид поможет выпускникам в трудоустройстве. Диплом будет частью цифрового портфолио. Там также будут записи о практике, курсах повышения квалификации, спортивных и научных достижениях. К портфолио в будущем будут иметь доступ работодатели.
В министерстве отметили, что электронный документ позволит еще лучше бороться с поддельными документами. С 2012 года Рособрнадзор начал создавать реестр документов об образовании и ученых степенях, которые выдавались с 1960 года. Информация о новых дипломах попадает в него не позднее 60 дней с момента выдачи.
Базу цифровых индивидуальных портфолио начнут создавать уже в 2019 году. Сначала с ней будет работать 5 университетов, а в 2020 году к системе подключат еще 15. Вузы для участия в эксперименте выберут по конкурсу.]]></text>
</doc>
