<?xml version='1.0' encoding='UTF-8'?>
<doc>
  <source><![CDATA[https://newslab.ru/news/904907]]></source>
  <category verify="true" type="str" auto="true"><![CDATA[Новости]]></category>
  <title verify="true" type="str" auto="true"><![CDATA[Из красноярского сквера вывезли зеленые фигуры жирафов]]></title>
  <keywords verify="true" type="list" auto="true">
    <item type="str"><![CDATA[Новости]]></item>
    <item type="str"><![CDATA[Общество]]></item>
    <item type="str"><![CDATA[В Красноярском крае]]></item>
  </keywords>
  <text verify="true" type="str" auto="true"><![CDATA[В Красноярске продолжают демонтировать старые фигуры вертикального озеленения. Сегодня жители заметили пропажу семейства жирафов из сквера Сурикова в центре города.
В департаменте городского хозяйства Красноярска информацию о демонтаже фигур подтвердили. Причиной, как и в случае с фигурами петуха и медведя, стал износ металлического каркаса конструкции.
Судя по данным на сайте «Управления зеленого строительства», фигуры жирафов установили в районе остановки «Площадь Революции» на улице Ленина еще в 2005 году. Летом на них высаживали около 30 тысяч растений разных цветов и фактур.
В департаменте пояснили, что в этом году на месте демонтированных фигур вертикального озеленения ничего нового ставить не собираются. К следующему году специалисты «Управления зеленого строительства» обещают придумать, чем удивить красноярцев.
Предыстория: Красноярцы больше никогда не увидят фигуры цветочных петуха и медведя]]></text>
</doc>
