<?xml version='1.0' encoding='UTF-8'?>
<doc>
  <source><![CDATA[https://newslab.ru/news/902838]]></source>
  <category verify="true" type="str" auto="true"><![CDATA[Новости]]></category>
  <title verify="true" type="str" auto="true"><![CDATA[Двое красноярцев хотели открыть в Лесосибирске наркобизнес. Их поймали на въезде в город (видео)]]></title>
  <keywords verify="true" type="list" auto="true">
    <item type="str"><![CDATA[Новости]]></item>
    <item type="str"><![CDATA[Происшествия]]></item>
    <item type="str"><![CDATA[В Красноярском крае]]></item>
  </keywords>
  <text verify="true" type="str" auto="true"><![CDATA[В Красноярском крае перекрыли канал сбыта синтетических наркотиков, рассказали в полиции.
Двоих наркосбытчиков 27 лет и 41 года задержали в Лесосибирске. Сотрудники ДПС остановили автомобиль «Нива», на котором ехали злоумышленники. В «Ниве» нашли 59 свертков с синтетикой, общая масса — 830 граммов.
Полицейские установили, что мужчины приехали в город, чтобы организовать сбыт наркотиков через «закладки». Также в ходе расследования задержали и третьего участника группы — 29-летнего жителя Красноярска. У него в квартире нашли и изъяли 4,5 кг наркотиков.
Сейчас в отношении задержанных возбудили дело за «Незаконный сбыт наркотических средств в особо крупных размерах», максимальное наказание предусматривает пожизненное заключение.]]></text>
</doc>
