<?xml version='1.0' encoding='UTF-8'?>
<doc>
  <source><![CDATA[https://newslab.ru/news/904031]]></source>
  <category verify="true" type="str" auto="true"><![CDATA[Новости]]></category>
  <title verify="true" type="str" auto="true"><![CDATA[Yota вернёт деньги за покупки через приложение]]></title>
  <keywords verify="true" type="list" auto="true">
    <item type="str"><![CDATA[Новости]]></item>
    <item type="str"><![CDATA[Общество]]></item>
    <item type="str"><![CDATA[В России]]></item>
  </keywords>
  <text verify="true" type="str" auto="true"><![CDATA[Компания Yota запустила раздел «Покупки» в приложении для смартфона. Теперь пользователи Yota могут совершать покупки и возвращать за них часть суммы покупки на счёт своего мобильного телефона.
«В ближайшее время в разделе также появятся спецпредложения со скидками, доступные только для клиентов Yota. Кроме того, мы планируем постепенно расширять список партнеров с интересными нашим пользователям товарами и услугами. Деньги от покупок можно тратить, к примеру, на оплату услуг связи дома или в роуминге», — комментирует директор направления «Смартфон» Yota Артемий Пономарев.
Для получения части стоимости покупки на счет достаточно перейти в разделе «Покупки» на сайт магазина или сервиса через приложение Yota, выбрать и оплатить понравившийся товар или услугу. После подтверждения оплаты партнером клиент на данный момент сможет получить на счет Yota от 1 % до 12 % от суммы покупки, в зависимости от конкретного партнера. Срок возврата также зависит от подтверждения оплаты партнером и может варьироваться от 1 до 90 дней.
На сегодняшний день клиентам Yota доступны покупки у следующих компаний-партнеров: Ponominalu — 3 %, «Спортмастер» — 4 %, «Связной» —4 %, Yves Rocher — 10 %, «Л’Этуаль» — 5 %, Aviasales — 1 %, «Лабиринт» — 5 %, а также у многих других. Общее количество предложений на данный момент — более 30.]]></text>
</doc>
