<?xml version='1.0' encoding='UTF-8'?>
<doc>
  <source><![CDATA[https://newslab.ru/news/903546]]></source>
  <category verify="true" type="str" auto="true"><![CDATA[Новости]]></category>
  <title verify="true" type="str" auto="true"><![CDATA[Банк «Акцепт» запустил специальное предложение по автокредиту]]></title>
  <keywords verify="true" type="list" auto="true">
    <item type="str"><![CDATA[Новости]]></item>
    <item type="str"><![CDATA[Общество]]></item>
    <item type="str"><![CDATA[В Красноярском крае]]></item>
  </keywords>
  <text verify="true" type="str" auto="true"><![CDATA[10 июня Банк Акцепт вышел со специальным предложением по автокредиту. До 31 августа приобрести новый автомобиль можно под ставку 11,9% годовых при первоначальном взносе от 40% от стоимости автомобиля.
Кредит выдается сроком до 5 лет. Сумма кредита от 200 тысяч до 3 миллионов рублей на новые автомобили и до 1 миллиона рублей на подержанные.
При первоначальном взносе более 50% страхование жизни, здоровья и КАСКО не требуется, а при взносе от 40 до 50% — страхование КАСКО или жизни заемщика на выбор.
При приобретении нового автомобиля возможно подтверждение первоначального взноса сдачей старого автомобиля в трейд-ин в автосалоне.
Автомобиль может быть оформлен в собственность третьего лица, а заемщику не обязательно иметь водительское удостоверение.
Успейте приобрести автомобиль благодаря предложению Банка Акцепт на выгодных условиях.
Подробнее на www.akcept.ru
АО «Банк Акцепт». Лицензия Банка России № 567]]></text>
</doc>
