<?xml version='1.0' encoding='UTF-8'?>
<doc>
  <source><![CDATA[https://newslab.ru/news/905518]]></source>
  <category verify="true" type="str" auto="true"><![CDATA[Новости]]></category>
  <title verify="true" type="str" auto="true"><![CDATA[Из центра Красноярска убрали светящиеся деревья]]></title>
  <keywords verify="true" type="list" auto="true">
    <item type="str"><![CDATA[Новости]]></item>
    <item type="str"><![CDATA[Общество]]></item>
    <item type="str"><![CDATA[В Красноярском крае]]></item>
  </keywords>
  <text verify="true" type="str" auto="true"><![CDATA[С улицы Дзержинского в центре Красноярска увезли светящиеся деревья, которые несколько месяцев радовали горожан по вечерам.
Деревья с иллюминацией появились на пешеходной улице Дзержинского напротив кинотеатра «Луч» в марте этого года. Их безвозмездно передали Красноярску из Москвы. Сегодня, 21 июня, стало известно, что конструкции отправляют на профилактику и ремонт.
«Вернут полюбившиеся красноярцам светящиеся деревья, скорее всего, осенью. Они вновь будут радовать нас своей иллюминацией, ещё краше, чем прежде!» — успокаивают горожан в администрации города.
Предыстория: Центральную часть улицы Дзержинского благоустроят за 37 миллионов]]></text>
</doc>
