<?xml version='1.0' encoding='UTF-8'?>
<doc>
  <source><![CDATA[https://newslab.ru/news/905503]]></source>
  <category verify="true" type="str" auto="true"><![CDATA[Новости]]></category>
  <title verify="true" type="str" auto="true"><![CDATA[«Боится людей, может передвигаться по кустам»: в Красноярском крае ищут 82-летнего мужчину]]></title>
  <keywords verify="true" type="list" auto="true">
    <item type="str"><![CDATA[Новости]]></item>
    <item type="str"><![CDATA[Происшествия]]></item>
    <item type="str"><![CDATA[В Красноярском крае]]></item>
  </keywords>
  <text verify="true" type="str" auto="true"><![CDATA[В Ачинском районе Красноярского края третий день не могут найти 82-летнего мужчину, сообщили в общественной организации «Поиск пропавших детей — Красноярск».
Вечером 18 июня из своего дома в поселке Причулымский ушел 82-летний Николай Прохоров. Родные предполагают, что он мог отправиться в соседние деревни Курбатово или Нагорново. При этом мужчина, судя по всему, имеет проблемы с психическим здоровьем — он боится людей, поэтому может передвигаться не по дороге, а через кусты.
Волонтеры рассказали, что Николай Прохоров был одет в серый пиджак, темные спортивные штаны, белую кепку и калоши. Его рост около 164 см, телосложение худощавое, у него седые редкие волосы и голубые глаза.
Еще один пожилой мужчина — 82-летний Фока Чернов — пропал 19 июня в Красноярске. Волонтеры отмечают, что он нуждается в медицинской помощи. Он ушел из гаража «Вираж» на проспекте Металлургов (остановка «Интернат») в сторону дома, на улицу Новгородская. У пенсионера есть особая примета — верхние зубы у него металлические.
Сообщить о местонахождении пропавших людей можно волонтерам по телефону 8-950-996-60-66 или в полицию. Поисками Николая Прохорова занимается полиция Ачинска (391-51) 9-70-02, Фоку Чернова ищут красноярские полицейские — (391) 224-25-07.
Вы можете помочь в поисках, рассказав о пропавших людях своим друзьям, нажав кнопку «Поделиться в соцсети»:]]></text>
</doc>
