<?xml version='1.0' encoding='UTF-8'?>
<doc>
  <source><![CDATA[https://newslab.ru/news/902763]]></source>
  <category verify="true" type="str" auto="true"><![CDATA[Новости]]></category>
  <title verify="true" type="str" auto="true"><![CDATA[В Красноярске впервые пройдет театральный фестиваль «Любимовка»]]></title>
  <keywords verify="true" type="list" auto="true">
    <item type="str"><![CDATA[Новости]]></item>
    <item type="str"><![CDATA[Культура]]></item>
    <item type="str"><![CDATA[В Красноярском крае]]></item>
  </keywords>
  <text verify="true" type="str" auto="true"><![CDATA[В Красноярске впервые пройдет фестиваль молодой драматургии «Любимовка». В программе фестиваля современные постановки, читки пьес и мастер-классы для драматургов.
«Любимовка» откроется 25 июня спектаклем «Свидетельские показания» Театра на крыше, который в этом году вошел во внеконкурсную программу премии «Золотая Маска».
Также в этот день пройдет мастер-класс «Зачем нужна драматургия?», вход свободный, но необходимо записаться.
26 июня проведут читки пьес «Пол это лава, а Маша шалава» (Автор Маша Конторович), «Сосед» (Павел Пряжко) и читки небольших пьес красноярских авторов. На 27 июня назначена читка пьесы «За белым кроликом», на 28 июня — пьес "28 дней«(Ольга Беляева) и «Исход» (Полина Бородина).
Темы выбранных пьес актуальны — в них рассматривают историю, проблемы подростков, детективные истории и многое другое.
Билеты можно купить в кассах театра Пушкина или в группе «Театр на крыше».]]></text>
</doc>
