<?xml version='1.0' encoding='UTF-8'?>
<doc>
  <source><![CDATA[https://newslab.ru/news/905328]]></source>
  <category verify="true" type="str" auto="true"><![CDATA[Новости]]></category>
  <title verify="true" type="str" auto="true"><![CDATA[Красноярским водителям напомнили об изменении работы выделенных полос]]></title>
  <keywords verify="true" type="list" auto="true">
    <item type="str"><![CDATA[Новости]]></item>
    <item type="str"><![CDATA[Общество]]></item>
    <item type="str"><![CDATA[В Красноярском крае]]></item>
  </keywords>
  <text verify="true" type="str" auto="true"><![CDATA[В Красноярске с 22 июня поменяется режим работы выделенных полос в Советском районе, напомнили в пресс-службе мэрии города.
Выделенная полоса на улице Партизана Железняка и проспекте Металлургов (участок от Партизана Железняка до Тельмана) будет работать только в будние дни. Каждые выходные, начиная с 22 июня, водители могут игнорировать разметку и выезжать на эту полосу на своих личных автомобилях.
Также с 22 июня полностью ликвидируют небольшой участок выделенной полосы в центре города. Водители могут использовать для движения все полосы улицы Карла Маркса от улицы Перенсона до улицы Вейнбаума.
Напомним, в Красноярске уже есть выделенные полосы, которые работают только с понедельника по четверг. Это участки на улицах Тотмина и Калинина (от путепровода «Бугач» до транспортного кольца). Все остальные выделенные для общественного транспорта полосы продолжают работать в прежнем режиме. Сейчас выделенные полосы есть на 21 городской дороге. Проезд личного транспорта по крайней правой полосе на участках, обозначенных соответствующими дорожными знаками и разметкой, классифицируется как нарушение, за которое наказывают штрафом в 1,5 тысячи рублей.
Вы можете рассказать о грядущих изменениях знакомым водителям, нажав кнопку «Поделиться в соцсетях»:]]></text>
</doc>
