<?xml version='1.0' encoding='UTF-8'?>
<doc>
  <source><![CDATA[https://newslab.ru/news/904267]]></source>
  <category verify="true" type="str" auto="true"><![CDATA[Новости]]></category>
  <title verify="true" type="str" auto="true"><![CDATA[Фонтаны из Енисея будут запускать без подсветки из-за коротких ночей]]></title>
  <keywords verify="true" type="list" auto="true">
    <item type="str"><![CDATA[Новости]]></item>
    <item type="str"><![CDATA[Общество]]></item>
    <item type="str"><![CDATA[В Красноярском крае]]></item>
  </keywords>
  <text verify="true" type="str" auto="true"><![CDATA[С сегодняшнего дня, 14 июня, речные фонтаны в районе красноярского острова Посадный станут запускать без подсветки.
Такое решение приняли в компании «КрасКом», которая обслуживает гидрооборудование. Фонтаны начали работать в мае каждую пятницу, субботу и в праздники с 19:00 до 23:00. Их дополняли подсветкой в сумерки, начиная с 21:30. До конца июня подсветку исключат, так как ночи стали короче.
«Сегодня пятница, а завтра суббота, и это значит, что в 19:00 часов рядом с островом Посадным ввысь взметнутся речные фонтаны. Подсветку включать не будем, так как ночь в июне только шесть часов», — написала во Facebook представитель «КрасКома» Татьяна Лукина.
В пресс-службе компании добавили, что уже к августу подсветку фонтанов возобновят. Планируется, что водное шоу будет радовать горожан и гостей города до 30 сентября.
Музыкально-световое шоу фонтанов можно посмотреть на Театральной площади (улица Перенсона, 2). Его запускают по вечерам в пятницу и субботу в тёмное время суток в течение 15-20 минут.]]></text>
</doc>
