<?xml version='1.0' encoding='UTF-8'?>
<doc>
  <source><![CDATA[https://newslab.ru/news/904757]]></source>
  <category verify="true" type="str" auto="true"><![CDATA[Новости]]></category>
  <title verify="true" type="str" auto="true"><![CDATA[Под Красноярском полицейские поймали 12-летнего подростка за рулем квадроцикла. Оштрафуют отца (видео)]]></title>
  <keywords verify="true" type="list" auto="true">
    <item type="str"><![CDATA[Новости]]></item>
    <item type="str"><![CDATA[Происшествия]]></item>
    <item type="str"><![CDATA[В Красноярском крае]]></item>
  </keywords>
  <text verify="true" type="str" auto="true"><![CDATA[На выходных сотрудники мотовзвода красноярского полка ДПС провели первый рейд на загородной трассе Р-257 «Енисей» и в пригородных поселках, сообщили в пресс-службе.
На центральной улице поселка Манский полицейские заметили 12-летнего мальчика, который управлял квадроциклом. Оказалось, что транспортное средство ему доверил собственный отец. В отношении мужчины составили административный материал за передачу права управления лицу, не имеющему водительского удостоверения. Штраф за это нарушение составит 30 000 рублей.
Всего за время рейда сотрудники мотовзвода выявили 19 различных нарушений правил дорожного движения со стороны мотоциклистов, а также водителей мопедов и квадроциклов. Чаще всего техникой управляли люди, которые не имели водительского удостоверения, мотоциклы не были застрахованы, а водители не пользовались защитными шлемами при движении. 7 транспортных средств пришлось отправить на специализированную стоянку.
Госавтоинспекция Красноярска напоминает, что операция «Мотоциклист» началась в Красноярском крае 14 июня и завершится лишь в конце августа. Владельцам мототехники полицейские советуют зарегистрировать и застраховать свои мотоциклы в установленном порядке, а также соблюдать все правила дорожного движения.]]></text>
</doc>
