<?xml version='1.0' encoding='UTF-8'?>
<doc>
  <source><![CDATA[https://newslab.ru/news/903741]]></source>
  <category verify="true" type="str" auto="true"><![CDATA[Новости]]></category>
  <title verify="true" type="str" auto="true"><![CDATA[Красноярск вошёл в топ-5 городов-миллионников с самым большим чеком бесконтактной оплаты]]></title>
  <keywords verify="true" type="list" auto="true">
    <item type="str"><![CDATA[Новости]]></item>
    <item type="str"><![CDATA[Общество]]></item>
    <item type="str"><![CDATA[В Красноярском крае]]></item>
  </keywords>
  <text verify="true" type="str" auto="true"><![CDATA[Красноярск занял четвёртое место среди городов с населением больше миллиона, где самый большой чек по бесконтактным оплатам товаров и услуг. Результатами исследований за последний год поделился сервис «Яндекс.Деньги».
Столицу края опережают Санкт-Петербург с чеком в 548 рублей, Москва (521 рубль) и Челябинск (497 рублей). Чаще всего красноярцы рассчитываются смартфонами, а не пластиковыми картами. В исследовании учитывали платежи через системы Apple Pay, Google Pay, Samsung Pay, Garmin Pay виртуальными и пластиковыми картами «Яндекс.Денег», а также с помощью технологии HCE.
За 2018 год количество бесконтактных платежей в Красноярске выросло в 1,8 раза, в целом по стране этот показатель вырос в 2,5 раза.
Аналитики сообщают, что 92 % бесконтактных платежей горожан меньше 1000 рублей, 7 % оплат приходятся на суммы от 1001 до 5000 рублей, лишь один процент горожан оплачивают за раз покупки дороже 5000 рублей.
Чаще всего жители Красноярска рассчитываются бесконтактным способом за продукты и алкоголь. Средний чек таких покупок — 376 рублей. Заказы в кафе обходятся в районе 290 рублей. Горожане также активно используют смартфоны и карты на заправках, аптеках, магазинах бытовой техники и обувных.]]></text>
</doc>
