<?xml version='1.0' encoding='UTF-8'?>
<doc>
  <source><![CDATA[https://newslab.ru/news/902992]]></source>
  <category verify="true" type="str" auto="true"><![CDATA[Новости]]></category>
  <title verify="true" type="str" auto="true"><![CDATA[В Красноярске школьники жестоко избили 14-летнюю гимназистку. К делу подключилась полиция и следователи (видео)]]></title>
  <keywords verify="true" type="list" auto="true">
    <item type="str"><![CDATA[Новости]]></item>
    <item type="str"><![CDATA[Происшествия]]></item>
    <item type="str"><![CDATA[В Красноярском крае]]></item>
  </keywords>
  <text verify="true" type="str" auto="true"><![CDATA[Обновлено: После жестокого избиения красноярской школьницы следователи возбудили уголовное дело о вымогательстве
В Красноярске ученики гимназии в Черемушках избили восьмиклассницу. Городская полиция уже начала проверку, сообщили в пресс-службе.
Видеоролик, записанный одним из участников конфликта, сегодня появился в социальных сетях. На нем видно, что девочку в оранжевой ветровке избивают девушка и парень. Они пинают школьницу ногами, причем удары наносят достаточно сильно по голове, по спине и в живот. Девочка просит их остановиться и несколько раз повторяет, что «идет за деньгами». Еще один мальчик в это время находится рядом, но не пытается остановить своих товарищей.
В городской полиции пояснили, что к ним уже поступило заявление от матери избитой девочки. Она учится в красноярской гимназии № 15 (проспект Машиностроителей в Черемушках), но нападение произошло во дворе дома на улице Тобольская. Сейчас школьница проходит медицинское освидетельствование.
Полицейским удалось установить всех участников конфликта. Двум из них 14 лет, старшему из парней — 19. Сейчас с ними работают сотрудники правоохранительных органов. Итогом проверки может стать уголовное дело.
К проверке обстоятельств происшествия подключились краевые следователи. По предварительным данным, конфликт мог произойти из-за долга, который был меньше 100 рублей.
«Следователям предстоит проверить содержатся ли в действиях подростков признаки преступлений, предусмотренных статьями Уголовного кодекса России „Вымогательство“ и „Побои“. Для этого будут опрошены все участники конфликта, их законные представители и учителя. По результатам проверки будет принято процессуальное решение», — пояснили в следственном управлении.]]></text>
</doc>
