<?xml version='1.0' encoding='UTF-8'?>
<doc>
  <source><![CDATA[https://newslab.ru/news/902565]]></source>
  <category verify="true" type="str" auto="true"><![CDATA[Новости]]></category>
  <title verify="true" type="str" auto="true"><![CDATA[В Красноярском крае третью неделю не могут найти таинственно исчезнувшего волонтера-поисковика]]></title>
  <keywords verify="true" type="list" auto="true">
    <item type="str"><![CDATA[Новости]]></item>
    <item type="str"><![CDATA[Происшествия]]></item>
    <item type="str"><![CDATA[В Красноярском крае]]></item>
  </keywords>
  <text verify="true" type="str" auto="true"><![CDATA[В Енисейском районе Красноярского края третью неделю продолжаются поиски мужчины, который пропал в тайге во время поисков грибника.
За вчерашний день сотрудники краевого учреждения «Спасатель» проверили 18 км лесных дорог в районе населенного пункта Каменка, а также внимательно обследовали лесной массив рядом с ними. Поиски идут каждый день с 20 мая, но пока не дают никаких результатов.
50-летний Валерий Черкасов 19 мая отправился с группой поисковиков в тайгу, чтобы попытаться найти пропавшего осенью 2018 года местного жителя. После поисков вся группа собралась в условленном месте, но мужчина пропал. Его начали искать по маршруту, который он должен был пройти, но не нашли никаких следов. Не было в этом районе и следов медведя, который мог бы напасть на поисковика.
Родные до сих пор надеются, что Валерия Черкасова удастся найти. Спасатели и полиция пока не прекращают его поиски.
Предыстория: В Красноярском крае 50-летний мужчина с портфелем пропал в тайге во время поиска грибника]]></text>
</doc>
