<?xml version='1.0' encoding='UTF-8'?>
<doc>
  <source><![CDATA[https://newslab.ru/news/904067]]></source>
  <category verify="true" type="str" auto="true"><![CDATA[Новости]]></category>
  <title verify="true" type="str" auto="true"><![CDATA[Красноярец пожаловался на владельцев пони и лошадей, которые поднимают их на вантовый мост в лифте]]></title>
  <keywords verify="true" type="list" auto="true">
    <item type="str"><![CDATA[Новости]]></item>
    <item type="str"><![CDATA[Общество]]></item>
    <item type="str"><![CDATA[В Красноярском крае]]></item>
  </keywords>
  <text verify="true" type="str" auto="true"><![CDATA[Жители Красноярска продолжают обсуждать организацию отдыха на популярном вантовом мосту. Если несколько дней назад они раскритиковали властей, которые запретили заезжать на переправу на велосипедах, то теперь критике подверглись владельцы пони. Как оказалось, бизнесмены, которые приводят на остров Татышева пони и лошадей , чтобы катать на них малышей, поднимают животных на мост с помощью лифта для маломобильных граждан. При этом в начале моста установлен знак, запрещающий передвижение по нему гужевого транспорта.
О случае, который произошел 12 июня, рассказал житель города Андрей Максимов:
«Ладно, если тема с велодорожками и знаками спорная и понятная для всех, то вот есть другой вопрос. Нормально ли перевозить пони и лошадок в лифте для маломобильных горожан? Я не особо и против, но как-то это...».
Обсуждая ситуацию, горожане высказались против.
Напомним, лифт, который соединяет нижний ярус набережной и Виноградовский мост, заработал в Красноярске год назад. Его установили специально для маломобильных граждан.]]></text>
</doc>
