<?xml version='1.0' encoding='UTF-8'?>
<doc>
  <source><![CDATA[https://newslab.ru/news/902842]]></source>
  <category verify="true" type="str" auto="true"><![CDATA[Новости]]></category>
  <title verify="true" type="str" auto="true"><![CDATA[Пока одни дети играют в компьютерные игры, другие создают их сами: чем занять ребенка летом в городе]]></title>
  <keywords verify="true" type="list" auto="true">
    <item type="str"><![CDATA[Новости]]></item>
    <item type="str"><![CDATA[Общество]]></item>
    <item type="str"><![CDATA[В Красноярском крае]]></item>
  </keywords>
  <text verify="true" type="str" auto="true"><![CDATA[В Красноярске Академия ШАГ пригласила школьников провести каникулы в компьютерном лагере. Специально для детей от 8 до 14 лет преподаватели подготовили интереснейший компьютерный курс.
«Летний лагерь от Академии Шаг — это интересный отдых, а также возможность увлечь ваших детей в практическую область применения компьютерных технологий. Компьютерная Академия ШАГ открывает набор на первый сезон летних компьютерных курсов для школьников. Опытные педагоги подготовили новую программу мастер-классов, чтобы каникулы вашего ребенка стали познавательными и, главное, полезными» — рассказали в Академии.
Для занятий здесь есть все необходимое — комфортные аудитории со всем необходимым, конференц-залы, дизайн-студии. Все уроки проходят в игровых формах.
Программа летних курсов включает в себя:
Объявляется набор в смену, которая начинается с 1 по 12 июля. Подарите Вашему ребенку его лучшие каникулы! Торопитесь, количество мест ограничено! Запись производится на сайте и по телефону 8 933 998 8771
Одно из направлений летнего лагеря — создание компьютерных игр — можно будет попробовать на Дне открытых дверей в субботу 15 июня. Начало в 12:00. Необходима предварительная регистрация на День открытых дверей.]]></text>
</doc>
