<?xml version='1.0' encoding='UTF-8'?>
<doc>
  <source><![CDATA[https://newslab.ru/news/904205]]></source>
  <category verify="true" type="str" auto="true"><![CDATA[Новости]]></category>
  <title verify="true" type="str" auto="true"><![CDATA[На Бограда почти на месяц перекроют движение]]></title>
  <keywords verify="true" type="list" auto="true">
    <item type="str"><![CDATA[Новости]]></item>
    <item type="str"><![CDATA[Общество]]></item>
    <item type="str"><![CDATA[В Красноярском крае]]></item>
  </keywords>
  <text verify="true" type="str" auto="true"><![CDATA[В Железнодорожном районе Красноярска теплоэнергетики отремонтируют две тепловые камеры. Из-за работ с 15 июня по 10 июля изменится схема движения на участке улицы Бограда от улицы Профсоюзов до улицы Декабристов.
Для проведения ремонта в ночь на 15 июня будет перекрыт сквозной проезд на улице Бограда от улицы Профсоюзов до улицы Робеспьера. На участке от улицы Робеспьера до улицы Декабристов движение в обе стороны будет осуществляться по одной полосе. Там выставят бетонные блоки, которые разграничат потоки. Водителям следует соблюдать правила дорожного движения, скоростной режим и дистанцию при движении по этой улице.
Специалисты Красноярской теплотранспортной компании СГК и подрядной организации поменяют трубопроводы и оборудование, а также восстановят строительные конструкции тепловых камер, которые расположены на перекрестке улиц Бограда и Робеспьера, а также около дома № 97 по улице Бограда. Коммуникации прослужили свыше 30 лет и достигли предельного состояния наработки, поэтому принято решение заменить оборудование тепловых камер полностью, отметили в компании.
Красноярская теплотранспортная компания СГК приносит всем участникам дорожного движения извинения за доставленные неудобства и просит отнестись к ним с пониманием. Своевременная замена тепловых сетей позволит сократить число повреждений трубопроводов в отопительный сезон. В планах компании в 2019 году отремонтировать в Красноярске около 12 км тепловых сетей.]]></text>
</doc>
