<?xml version='1.0' encoding='UTF-8'?>
<doc>
  <source><![CDATA[https://newslab.ru/news/904934]]></source>
  <category verify="true" type="str" auto="true"><![CDATA[Новости]]></category>
  <title verify="true" type="str" auto="true"><![CDATA[В Сосновоборске неосторожный строитель упал с высоты и погиб]]></title>
  <keywords verify="true" type="list" auto="true">
    <item type="str"><![CDATA[Новости]]></item>
    <item type="str"><![CDATA[Происшествия]]></item>
    <item type="str"><![CDATA[В Красноярском крае]]></item>
  </keywords>
  <text verify="true" type="str" auto="true"><![CDATA[В городе Сосновоборске (находится в 40 км от Красноярска) на стройплощадке многоэтажного жилого дома погиб 47-летний рабочий. Как рассказали в ГСУ СК региона, несчастный случай произошел вечером 17 июня.
Предварительно установлено, что мужчина нарушил правила техники безопасности — вел высотные работы без страховочного снаряжения. В какой-то момент он упал с высоты десятого этажа и погиб на месте.
В настоящее время по данному факту проводится доследственная проверка, по результатам которой будет принято процессуальное решение.]]></text>
</doc>
