<?xml version='1.0' encoding='UTF-8'?>
<doc>
  <source><![CDATA[https://newslab.ru/news/902651]]></source>
  <category verify="true" type="str" auto="true"><![CDATA[Новости]]></category>
  <title verify="true" type="str" auto="true"><![CDATA[«Ростелеком» и МЧС провели в Красноярске учения по гражданской обороне]]></title>
  <keywords verify="true" type="list" auto="true">
    <item type="str"><![CDATA[Новости]]></item>
    <item type="str"><![CDATA[Общество]]></item>
    <item type="str"><![CDATA[В Красноярском крае]]></item>
  </keywords>
  <text verify="true" type="str" auto="true"><![CDATA[«Ростелеком», МЧС России и отряд красноярских спасателей провели показательное занятие по отработке навыков поведения и взаимодействия с оперативными службами в чрезвычайной ситуации с участием сотрудников и клиентов оператора.
Для тренировки выбрали центральный офис компании, на первом этаже которого находится флагманский салон. В время эвакуации задействовали специализированную технику. Мероприятие прошло успешно.
Система оповещения сработала в административном здании компании «Ростелеком» около двух часов дня. Сотрудники предприятия без паники покинули семиэтажное здание за 6 минут 30 секунд. По легенде учений, очаг возгорания, задымления и угрозы взрыва находился на 6 этаже офиса и после общей эвакуации на 5 этаже остался еще один человек. Прибывшие на место событий огнеборцы Пожарной части № 1 Федеральной противопожарной службы оперативно развернули тридцатиметровую лестницу и спасли пострадавшего с верхних этажей здания через окно.
В показательном занятии участвовали более 100 человек, причем впервые в учениях приняли участие охранные предприятия для отработки совместных навыков по обеспечению безопасности сотрудников и объектов. Во время тренировки работники «Ростелекома» также попробовали ликвидировать очаги возгорания при помощи огнетушителей, а дежурная бригада службы спасения администрации Красноярска научила персонал компании приемам первой помощи пострадавшим.
«Вопросы гражданской обороны и чрезвычайных ситуаций занимают отдельное важное место в работе нашей компании. Ежегодно мы проводим не менее 25 тренировок для персонала в Красноярском крае, республиках Хакасия и Тува. Более 10 из них проходит при участии МЧС и региональных служб спасения, — рассказывает директор Красноярского филиала ПАО „Ростелеком“ Евгений Петров. — Слаженная работа с оперативными службами и правильная реакция сотрудников в нестандартных ситуациях — неотъемлемая составляющая успеха бизнеса».]]></text>
</doc>
