<?xml version='1.0' encoding='UTF-8'?>
<doc>
  <source><![CDATA[https://newslab.ru/news/905360]]></source>
  <category verify="true" type="str" auto="true"><![CDATA[Новости]]></category>
  <title verify="true" type="str" auto="true"><![CDATA[«Это уже реальная угроза»: для бездомных собак в Красноярске хотят построить приют]]></title>
  <keywords verify="true" type="list" auto="true">
    <item type="str"><![CDATA[Новости]]></item>
    <item type="str"><![CDATA[Общество]]></item>
    <item type="str"><![CDATA[В Красноярском крае]]></item>
  </keywords>
  <text verify="true" type="str" auto="true"><![CDATA[В красноярском Горсовете сегодня, 20 июня, обсудили проблему с безнадзорными животными.
Сейчас отловом собак занимается организация «Бездомный пес» — у нее два контракта на 1000 собак. На цикл отлова и передержки собак отводится 10 дней — после этого животное вновь отпускают на улицу. В этом году во время проведения Универсиады собак держали в передержке дольше, чтобы они не мешали проведению соревнований. Однако после этого их вновь вернули на улицы, так как содержаться дольше они не могли.
Сейчас особо остро стоит вопрос с бездомными собаками в Академгородке и на Борисова — именно сюда перебрались собаки со спортивных объектов, а также из домов после сноса Николаевки.
«Сложившаяся ситуация представляет реальную угрозу для здоровья жителей. Сейчас по закону каждое животное отлавливается только один раз. Возможно, с 1 января 2020 года закон изменится, и агрессивное животное можно будет еще раз забрать с улицы. Тогда же животное не будут отпускать на волю, а будут содержать в специальном приюте. Сейчас департамент горхозяйства ищет возможные пути по строительству приюта», — рассказал представитель мэрии.
У «Бездомного пса» есть земли под размещение вольеров для нескольких сотен собак, также в городе функционирует приют «Поводог» на 250 собак, вместимость планируют увеличить до 500 особей. Как отметили представители горхозяйства, содержание собак — дело недешевое. По средним подсчетам, обеспечить 300 собак в год стоит 18 миллионов рублей.
Между тем, по подсчетам ученых, сейчас в Красноярске примерно 10 200 бездомных собак. Три тысячи должны жить в естественной среде, чтобы не нарушать биологическую цепочку. Построить приют для оставшихся 7 тысяч собак задача практически нерешаемая с финансовой точки зрения.
Кроме того, в департаменте отметили, что зоозащитная организация не совсем качественно справляется с порученным ей заказом, так как у них не хватает отловщиков, не хватает машин для отлова и перевозки, а также нет сильной коммерческой заинтересованности.
Депутаты предложили рассчитать ориентировочные затраты на строительство и содержание бездомных собак и, по возможности, заложить эту сумму в бюджет 2020 года. Кроме того, в Горсовете вынесли еще ряд предложений по решению существующей проблемы. Например, установить отпугиватели возле школ и детских садов, перевести заявки на прямую обработку исполнителем (сейчас заявки проходят через службу 005), чтобы не было «пустых» обращений. Все предложения должна рассмотреть и обработать городская администрация.]]></text>
</doc>
