<?xml version='1.0' encoding='UTF-8'?>
<doc>
  <source><![CDATA[https://newslab.ru/news/904723]]></source>
  <category verify="true" type="str" auto="true"><![CDATA[Новости]]></category>
  <title verify="true" type="str" auto="true"><![CDATA[В красноярских Черемушках лоб в лоб столкнулись рейсовый автобус и ВАЗ (видео)]]></title>
  <keywords verify="true" type="list" auto="true">
    <item type="str"><![CDATA[Новости]]></item>
    <item type="str"><![CDATA[Происшествия]]></item>
    <item type="str"><![CDATA[В Красноярском крае]]></item>
  </keywords>
  <text verify="true" type="str" auto="true"><![CDATA[В Красноярске на улице Аральская столкнулись автобус и ВАЗа, сообщили очевидцы происшествия.
Авария произошла в воскресенье, 16 июня, около 17:00 на улице Аральская. Серебристый ВАЗ-2114 двигался по улице Аральская с поворотом на улицу Амурская. Прямо на перекрестке он врезался в автобус 61 маршрута, который ехал ему навстречу. От удара машина откатилась на несколько метров назад, почти полностью перекрыв одну из полос проезжей части.
«Водитель автобуса лихачил всю дорогу и ехал как попало, так что неудивительно. От удара в автобусе попадали все», — сообщила одна из пассажирок.
Легковой автомобиль получил достаточно сильные повреждения. Очевидцы утверждали, что водитель не пользовался ремнями безопасности. В ГИБДД сообщили, что к ним информация об этой аварии не поступала, также не было спецсообщений о ДТП из красноярских больниц.]]></text>
</doc>
