<?xml version='1.0' encoding='UTF-8'?>
<doc>
  <source><![CDATA[https://newslab.ru/news/904939]]></source>
  <category verify="true" type="str" auto="true"><![CDATA[Новости]]></category>
  <title verify="true" type="str" auto="true"><![CDATA[Красноярский военный избил сослуживца и избежал колонии]]></title>
  <keywords verify="true" type="list" auto="true">
    <item type="str"><![CDATA[Новости]]></item>
    <item type="str"><![CDATA[Происшествия]]></item>
    <item type="str"><![CDATA[В Красноярском крае]]></item>
  </keywords>
  <text verify="true" type="str" auto="true"><![CDATA[Военнослужащего из Красноярского края осудили за избиение сослуживца. Все случилось в марте этого года, но не уточняется, в какой из частей и из-за чего.
Первая потасовка между рядовыми случилась в спальне. Один из них ударил другого кулаком в лицо, в тот раз насилие пресекли сослуживцы парней. Но через некоторое время в комнате досуга осужденный снова напал на сослуживца: нанес несколько ударов в лицо, в том числе коленом. Пострадавший получил перелом костей носа, кровоподтеки в области головы и нравственные страдания.
17 июня суд назначил его обидчику наказание в виде содержания в дисциплинарной воинской части на срок 6 месяцев (ч. 1 ст. 335 УК РФ «Нарушение уставных правил взаимоотношений между военнослужащими при отсутствии между ними отношений подчиненности»). Максимальное наказание, которое ему грозило, — до 2 лет в дисциплинарной воинской части или лишение свободы на срок до 3 лет. До вступления приговора в законную силу его передали сотрудникам военной полиции, чтобы те доставили его на гауптвахту, а в дальнейшем — в дисциплинарную воинскую часть.]]></text>
</doc>
