<?xml version='1.0' encoding='UTF-8'?>
<doc>
  <source><![CDATA[https://newslab.ru/news/902648]]></source>
  <category verify="true" type="str" auto="true"><![CDATA[Новости]]></category>
  <title verify="true" type="str" auto="true"><![CDATA[Сотрудники «Красноярскэнергосбыта» в рамках донорского марафона сдали почти 50 литров крови]]></title>
  <keywords verify="true" type="list" auto="true">
    <item type="str"><![CDATA[Новости]]></item>
    <item type="str"><![CDATA[Общество]]></item>
  </keywords>
  <text verify="true" type="str" auto="true"><![CDATA[Завершился краевой донорский марафон «Энергия жизни», организованный ПАО «Красноярскэнергосбыт». 108 сотрудников красноярских и территориальных отделений энергосбытовой компании поддержали благотворительную акцию и прошли донацию, пополнив региональный банк крови на 48,6 литра. Мероприятие ежегодно проводится совместно с Красноярским краевым центром крови № 1 начиная с 2013 года.
В этом году благотворительная акция «Энергия жизни» стартовала в середине мая. Первыми кровь сдали сотрудники центрального офиса, абонентских участков Красноярска и пригородных отделений «Красноярскэнергосбыта». Затем эстафета была передана специалистам из районов края.
Масштабный марафон охватил практически все отделения и участки «Красноярскэнергосбыта», где есть возможность организовать работу донорских бригад. В крупных городах сдача крови проходит непосредственно в офисах «Красноярскэнергосбыта», а в малых населенных пунктах — в поликлиниках и мобильных комплексах центра крови.
«Проведение донорского марафона — это вклад ПАО „Красноярскэнергосбыт“ в развитие здорового общества. Несмотря на развитие передовых технологий и другие преимущества современной медицины, нехватка крови остается актуальной проблемой, — сказал исполнительный директор ПАО „Красноярскэнергосбыт“ Олег Дьяченко. — Решиться на сдачу крови может не каждый, но с каждым годом все больше сотрудников компании преодолевают страх и присоединяются к акции. Мне, как руководителю, очень приятно, что среди наших сотрудников так много неравнодушных и отзывчивых людей».
РусГидро поддерживает участие работников в социальных проектах и активно участвует в благотворительном движении. Компания регулярно проводит дни донора, ярмарки и акции по сбору средств для экстренно нуждающихся, развивает корпоративное волонтерство. Являясь социально-ответственной компанией, РусГидро реализует комплексную благотворительную программу, направленную как на воспитание нового поколения профессиональных энергетиков, так и на формирование благоприятной социальной среды и улучшение качества жизни во всех регионах присутствия предприятий компании.
Приоритетными направлениями благотворительной программы РусГидро, в рамках которых ведётся системная работа, являются: образование, экология, здравоохранение, спорт, культура, поддержка социальных учреждений и организаций, поддержка благотворительных фондов, НКО и нуждающихся граждан, комплексное развитие инфраструктуры регионов.]]></text>
</doc>
