<?xml version='1.0' encoding='UTF-8'?>
<doc>
  <source><![CDATA[https://newslab.ru/news/903657]]></source>
  <category verify="true" type="str" auto="true"><![CDATA[Новости]]></category>
  <title verify="true" type="str" auto="true"><![CDATA[Красноярские медики научились восстанавливать сердечный клапан пациента из его же тканей]]></title>
  <keywords verify="true" type="list" auto="true">
    <item type="str"><![CDATA[Новости]]></item>
    <item type="str"><![CDATA[Общество]]></item>
    <item type="str"><![CDATA[В Красноярском крае]]></item>
  </keywords>
  <text verify="true" type="str" auto="true"><![CDATA[Врачи Кардиоцентра Красноярска успешно проводят операции по восстановлению аортального клапана сердца из собственных тканей пациента. Новый метод помогает избежать пожизненного приема больным препаратов для разжижения крови.
Операция Озаки (названная именем автора метода японского кардиохирурга Шигеюки Озаки) носит статус высшей категории сложности. На сегодняшний день в Федеральном центре сердечно-сосудистой хирурги Красноярска провели по зарубежной методике 15 операций, в том числе трем детям.
«Специфика „операции Озаки“ заключается в том, что полностью удаляются пораженные створки аортального клапана. Из собственного перикарда человека, или так называемой сердечной сумки, выкраиваются новые лепестки створок. В зависимости от геометрии клапана, антропометрических данных человека индивидуально рассчитывается площадь и форма каждой створки клапана. Хирург выполняет разметку на перикарде по специальной выкройке, каждый лепесток пришивается на то место, где должна находиться створка. Если говорить о размерах, с которыми нам приходится работать, то ширина и высота нашей „выкройки“ около 13 миллиметров, толщина — примерно миллиметр», — рассказывает врач кардиохирург Кардиоцентра Красноярска Видади Эфендиев.
Большое количество пациентов кардиохирургов сталкиваются с дисфункцией аортального клапана, она может быть как врожденным пороком, так и приобретенным. Основная задача врачей — сохранить пациенту собственный клапан сердца.
Метод подходит больным, для которых не желателен прием антикоагулянтов — пожилым или наоборот молодым людям, женщинам, которые планируют иметь детей. Операция длится три часа, процесс создания новых створок занимает 90 минут.]]></text>
</doc>
