<?xml version='1.0' encoding='UTF-8'?>
<doc>
  <source><![CDATA[https://newslab.ru/news/904750]]></source>
  <category verify="true" type="str" auto="true"><![CDATA[Новости]]></category>
  <title verify="true" type="str" auto="true"><![CDATA[Долги по зарплате в Красноярском крае выросли к началу лета до 60 млн]]></title>
  <keywords verify="true" type="list" auto="true">
    <item type="str"><![CDATA[Новости]]></item>
    <item type="str"><![CDATA[Общество]]></item>
    <item type="str"><![CDATA[В Красноярском крае]]></item>
  </keywords>
  <text verify="true" type="str" auto="true"><![CDATA[На 1 июня 2019 года задолженность по заработной плате работникам в Красноярском крае достигла 59,89 млн рублей. Количество организаций-должников не изменилось, сообщили в Красноярскстате.
За последний месяц суммарная задолженность по заработной плате по различным видам экономической деятельности в крае уменьшилась на 0,98 млн рублей, это порядка на 1,61 %. Сведения статистикам предоставили организации, которые не относятся к субъектам малого предпринимательства.
В крае насчитывается 11 организаций-должников, за месяц их количество не изменилось. Причиной невыплат является отсутствие собственных средств хозяйствующих субъектов. Больше всего долгов накоплено в сферах строительства — 39,23 %, обрабатывающих производств — 10,94 %, транспорта − 6,27 %.
Численность работников, которым не выдали полностью зарплату, уменьшилось на 19,47 % (на 279 человек). Всего по краю 1 154 человек не могут получить своих заработанных денег от работодателей. Причиной невыплат чаще всего становится отсутствие собственных средств предприятий.]]></text>
</doc>
