<?xml version='1.0' encoding='UTF-8'?>
<doc>
  <source><![CDATA[https://newslab.ru/news/904906]]></source>
  <category verify="true" type="str" auto="true"><![CDATA[Новости]]></category>
  <title verify="true" type="str" auto="true"><![CDATA[Иркутские туристы вынесли с красноярских «Столбов» новорожденных оленят. Оштрафуют за браконьерство]]></title>
  <keywords verify="true" type="list" auto="true">
    <item type="str"><![CDATA[Новости]]></item>
    <item type="str"><![CDATA[Происшествия]]></item>
    <item type="str"><![CDATA[В Красноярском крае]]></item>
  </keywords>
  <text verify="true" type="str" auto="true"><![CDATA[В красноярском заповеднике «Столбы» туристы из Иркутска чуть не погубили двух новорожденных оленят. Диких животных они заметили в конце прошлой недели рядом с пешеходной тропой под скалой Чертов палец. Только что родившиеся оленята звали мать, поэтому люди решили, что им может угрожать опасность. На самом деле мать, скорее всего, находилась недалеко и просто ждала, когда люди уйдут. Туристы подобрали оленят и попытались вынести из охранной зоны заповедника, лишив их возможности вернуться в дикую природу.
В пресс-службе заповедника пояснили, что оленят забрали у туристов и передали в «Роев ручей». Туристов накажут за их действия. Попытка выноса животных из заповедника приравнивается к браконьерству. Поэтому «заботливых» иркутян ждет штраф.
Сотрудники научного отдела заповедника просят посетителей не вмешиваться в жизнь диких животных и птиц.
«Если вы слышите тревожные крики птиц, а рядом с вами мечется взрослая птица — скорее всего, у нее рядом гнездо или молодой птенец, которого срочно требуется покормить. Своим присутствием вы обрекаете птенца на дополнительное ожидание и неизбежный голод. Вмешаться в ситуацию можно лишь в одном случае: если птенец оказался на дороге. Тогда нужно просто аккуратно отогнать его в траву — родители сами его найдут», — рассказали представители заповедника.
В городе диким животным стоит помогать только в том случае, если они ранены. Проконсультировать по этому поводу могут кураторы группы «Помощь диким животным и птицам Красноярск».
Также туристам напомнили, что приносить в заповедник домашних животных запрещено. Они могут навредить диким обитателям леса, которые выводят потомство рядом с туристическими тропами.]]></text>
</doc>
