<?xml version='1.0' encoding='UTF-8'?>
<doc>
  <source><![CDATA[https://newslab.ru/news/905084]]></source>
  <category verify="true" type="str" auto="true"><![CDATA[Новости]]></category>
  <title verify="true" type="str" auto="true"><![CDATA[«Купаться и загорать нельзя»: ни один из красноярских пляжей не получил разрешения на работу]]></title>
  <keywords verify="true" type="list" auto="true">
    <item type="str"><![CDATA[Новости]]></item>
    <item type="str"><![CDATA[Общество]]></item>
    <item type="str"><![CDATA[В Красноярском крае]]></item>
  </keywords>
  <text verify="true" type="str" auto="true"><![CDATA[Ни один из пляжей в Красноярске или его окрестностях не получил официального разрешения на работу от Роспотребнадзора, пояснили в ведомстве.
В краевом управлении Роспотребнадзора рассказали, что на данный момент ни один из собственников пляжей, расположенных в Красноярске, не подавал заявление на выдачу санитарно-эпидемиологического заключения. Речь идет о:
Если заключения о санитарной безопасности нет, пляж не имеет права принимать отдыхающих.
В управлении пояснили, что эксперты оценивают состояние зоны отдыха в целом, а не просто берут пробы воды.
«В этот перечень входит подготовка береговой линии, как там оборудованы туалеты, как проводится дезинфекция, как организован сбор и удаление мусора, договор на вывоз мусора, зонирование территории, установка питьевых фонтанчиков, очистка береговой линии от мусора, обновление песка. Кроме этого, производится лабораторный контроль качества песка и воды. Все эти документы нужны для рассмотрения возможности выдачи положительного санитарно-эпидемиологического заключения», — пояснили в Роспотребнадзоре.
По данным краевого управления МЧС России, допуски к работе получили три пляжа из списка Роспотребнадзора: 6 июня разрешение от ГИМС получил комплекс «Озеро-парк „Емельяновское“», а городской пляж и пляж «Бархатный» заработали с 7 июня. Сотрудники спасательного ведомства оценивали наличие необходимой инфраструктуры на пляже, средств спасения и спасателей в зоне отдыха, а также очистку дна водоема и наличие буйков, показывающих границу зоны заплыва.]]></text>
</doc>
