<?xml version='1.0' encoding='UTF-8'?>
<doc>
  <source><![CDATA[https://newslab.ru/news/902455]]></source>
  <category verify="true" type="str" auto="true"><![CDATA[Новости]]></category>
  <title verify="true" type="str" auto="true"><![CDATA[Жители Дудинки показали настоящий ледоход на Енисее (видео)]]></title>
  <keywords verify="true" type="list" auto="true">
    <item type="str"><![CDATA[Новости]]></item>
    <item type="str"><![CDATA[Общество]]></item>
    <item type="str"><![CDATA[В Красноярском крае]]></item>
  </keywords>
  <text verify="true" type="str" auto="true"><![CDATA[На севере Красноярского края на Енисее начался ледоход. Фотографии и видеоролики появились сегодня в социальных сетях.
На записях видно, как целые ледовые поля сдвигаются и их выталкивает на берег. Лед, толщина которого составляет несколько десятков сантиметров, с грохотом колется на куски, сдвигается и переворачивается. При этом на берегу, в нескольких метрах от льдин, находятся люди. Они снимают происходящее на свои телефоны и приглашают друзей приехать в Дудинку, чтобы своими глазами увидеть настоящий ледоход.
Публикация от Александра Рыбак (Котик) (@rybak_alexandra.kotik) 4 Июн 2019 в 2:19 PDT
По данным управления МЧС России Красноярского края, то, что наблюдают жители Дудинки сейчас — лишь подвижки льда. Кромка льда сейчас находится в районе поселка Потапово. От него до самого северного порта Красноярского края еще 80 км.
Публикация от Норильск. Жить В Норильске (@zhitvnorilske) 3 Июн 2019 в 1:59 PDT
Перед ледоходом вода в Енисее в районе Дудинки поднялась на метр. В прогнозе спасателей указано, что до критического уровня воды в реке еще остается больше 3,5 метров.
Публикация от НОВОСТИ И СОБЫТИЯ НОРИЛЬСКА (@norilsknews) 4 Июн 2019 в 2:38 PDT]]></text>
</doc>
