<?xml version='1.0' encoding='UTF-8'?>
<doc>
  <source><![CDATA[https://newslab.ru/news/904155]]></source>
  <category verify="true" type="str" auto="true"><![CDATA[Новости]]></category>
  <title verify="true" type="str" auto="true"><![CDATA[Оркестр на траве, отключения воды, фильмы про выбор и лапшу: пятница в Красноярске]]></title>
  <keywords verify="true" type="list" auto="true">
    <item type="str"><![CDATA[Новости]]></item>
    <item type="str"><![CDATA[Общество]]></item>
    <item type="str"><![CDATA[В Красноярском крае]]></item>
  </keywords>
  <text verify="true" type="str" auto="true"><![CDATA[В пятницу, 14 июня, синоптики обещают ясную погоду, дождь возможен к вечеру. С утра столбики уличных термометров остановятся на уровне от +17 °C утром и до +27 °C днём. Ветер подует со скоростью 3 м/c, его направление будет часто меняться.
Сегодня в 24:00 для водителей закроют улицу Бограда на участке от Робеспьера до Профсоюзов. Коммунальщики проведут ремонт теплотрассы. Работы планируют закончить до 11 июля. Готова схема объезда.
В 23:00 остановят водозаборы островов Верхне- и Нижнеатамановский. С этого момента ровно сутки не будет холодной воды в Ленинском районе, части Кировского района до Затонской (в границах от железной дороги до Енисея), в коттеджах на Побежимова, Вавилова и в Березовке. Красноярцам рекомендуют запастись питьевой водой.
Newslab подготовил вам подборку мероприятий, которые можно посетить в эту пятницу:
В Доме кино Красноярска (проспект Мира, 88) покажут игровое кино в рамках фестиваля короткометражек Shnit Shorts 2019. В программе картины: «Вне сцены» (Известный румынский актер похищен одержимой матерью одного молодого человека); «Лапша» (Встревоженная и нищая женщина обнаруживает странный способ поправить свое финансовое положение. Однако, решение, которое приводит ее к успеху, вскоре становится тяжелой ношей); «Поучительные истории» (Странный случай в детстве Арона оставил его с обезображенным лицом и это мучает его всю жизнь. Изолированный и уязвимый, Арон ищет утешение в дружбе и взаимопонимание в необычной группе изгоев) и другие.
C 10:00 до 16:00 в сквере имени Пушкина на проспекте Мира будет работать мини-базар «Цветочная симфония». Также всех желающих научат составлять букеты.
С 19:00 до 22:00 здесь же пройдёт танцевальный open-air. Организаторы приглашают всех пуститься в пляс в конце рабочей недели.
А ещё всех ждут на «Музыкальной пятнице» на острове Татышеве — это проект оркестровых и хоровых концертов под открытым небом. Сегодня в 19:00 состоится первое выступление Красноярского камерного оркестра.
С 18:00 до 22:00 на левобережной набережной в рамках проекта Арт-берег (площадка под Коммунальным мостом) пройдут групповые и сольные концерты в различных музыкальных направлениях от начинающих артистов.
В 23:00 в Крафт-баре «Штаб» (на проспекте Мира, 86) приготовил «Пятничный отрыв» вместе с dj Kolvinok. Вход свободный.
О других интересных событиях можно узнать в афише Красноярска
Расскажите о планах на пятницу друзьям, нажав кнопку:]]></text>
</doc>
