<?xml version='1.0' encoding='UTF-8'?>
<doc>
  <source><![CDATA[https://newslab.ru/news/904942]]></source>
  <category verify="true" type="str" auto="true"><![CDATA[Новости]]></category>
  <title verify="true" type="str" auto="true"><![CDATA[«Игру спасают вратари»: в Красноярске завершился очередной тур «Лиги чемпионов бизнеса»]]></title>
  <keywords verify="true" type="list" auto="true">
    <item type="str"><![CDATA[Новости]]></item>
    <item type="str"><![CDATA[Спорт]]></item>
    <item type="str"><![CDATA[В Красноярском крае]]></item>
  </keywords>
  <text verify="true" type="str" auto="true"><![CDATA[В Красноярске на стадионе «Юность» 17 июня состоялись игры восьмого тура корпоративного футбольного чемпионата «Лига Чемпионов Бизнеса».
Дивизион А
«Энергия» не смогла одолеть «Ассоциацию дорожников Красноярья». «Дорожники» победили со счетом 6:2.
Игроки «Красноярского цемента» провели свой лучший матч в сезоне и обыграли команду «РиноСервис» со счетом 3:1. Футболисты ГК «БРИЗ» не без труда вырвали победу у команды «Nord Star». Счет игры — 4:3.
Дивизион В
Огненный матч команд «Красцветмет» и «РН-КрасноярскНИПИнефть» завершился победой металлургов со счетом 5:2. «Красмаш» продолжает побеждать. Очередная жертва — команда «Coca-Cola». Счет игры — 4:1. «Сборная служащих ОИВ края» берет 3 очка. Команде «Danone» засчитано техническое поражение.
Дивизион С
«СИБИНТЕК» продолжает набирать очки, устраняя соперников. Сегодня они оказались сильнее команды «Холмсервис». Счет игры — 4:1. «Росбанк» и «Sumitec» продолжают конкурировать в турнирной таблице. Их встреча победителя не выявила — команды сыграли вничью 3:3. Футболисты команды «СУЭК-Красноярск» одержали очередную уверенную победу над командой «ТФОМС» со счетом 3:0.
В каждой команде отметили одного или нескольких самых результативных игроков. Во многих сборных особенно отметили работу вратарей, которые спасали команды от поражения и забитых мячей.]]></text>
</doc>
