<?xml version='1.0' encoding='UTF-8'?>
<doc>
  <source><![CDATA[https://newslab.ru/news/902570]]></source>
  <category verify="true" type="str" auto="true"><![CDATA[Новости]]></category>
  <title verify="true" type="str" auto="true"><![CDATA[На красноярском кинотеатре отмыли барельеф с революционеркой (видео)]]></title>
  <keywords verify="true" type="list" auto="true">
    <item type="str"><![CDATA[Новости]]></item>
    <item type="str"><![CDATA[Общество]]></item>
    <item type="str"><![CDATA[В Красноярском крае]]></item>
  </keywords>
  <text verify="true" type="str" auto="true"><![CDATA[В Красноярске на фасаде «Дома кино» (Мира, 88) отмыли барельеф «Свобода». Видео опубликовали в официальном паблике в мэрии в соцсетях.
«Сегодня „душ приняла“ революционерка с серпом и молотом на фасаде старейшего кинотеатра Красноярска», — написали в сообществе.
До этого весной в городе отмывали памятники и скульптуры, все в порядок привели более 80 композиций.
«Памятники и скульптуры моют теплой водой с помощью пожарных гидрантов и вышки. При необходимости в воду добавляют обычные бытовые моющие средства», — рассказали ранее в департаменте хозяйства города.
Барельеф «Свобода» появился на фасаде в центре Красноярска в 1977 году. Скульптором стал Юрий Ишханов. На нем изображена женщина с серпом и молотом в руках, которая попирает орла и державу. В 2016 году барельеф оценил блогер Илья Варламов.
Авторству скульптора Ишханова также принадлежат композиции «Кандальный путь» на правом берегу, памятник Чехову в центре и другие работы.]]></text>
</doc>
