<?xml version='1.0' encoding='UTF-8'?>
<doc>
  <source><![CDATA[https://newslab.ru/news/904725]]></source>
  <category verify="true" type="str" auto="true"><![CDATA[Новости]]></category>
  <title verify="true" type="str" auto="true"><![CDATA[Часть елей возле здания красноярского правительства ожидает вырубка]]></title>
  <keywords verify="true" type="list" auto="true">
    <item type="str"><![CDATA[Новости]]></item>
    <item type="str"><![CDATA[Общество]]></item>
    <item type="str"><![CDATA[В Красноярском крае]]></item>
  </keywords>
  <text verify="true" type="str" auto="true"><![CDATA[Десять елей возле здания краевого правительства в центре Красноярска (Мира, 110) признали нежизнеспособными.
Специалисты Центра защиты леса определили, что деревья утратили свою биологическую устойчивость. Это подтвердили экспертизы
«Самые сильные патологические изменения зафиксированы у „ели колючей“. В неудовлетворительном состоянии находятся большинство деревьев этого вида. Анализ биоматериала деревьев породы „ель европейская“ показал серьезную ослабленность, ажурность кроны и отдельные засохшие ветви», — рассказали об итогах исследований в мэрии.
Вероятнее всего, нежизнеспособные деревья срубят, но пока окончательного решения нет. Кроме того, еще не решили, что делать с остальными засыхающими деревьями: два года назад им провели подкормку, рыхление почвы и дождевание кроны. Этих мер хватило на два года, но несмотря на это, ели продолжают засыхать. 
Озеленители еще раз обратятся к специалистам, чтобы получить долговременный прогноз и решить, стоит ли сохранять деревья или следует заменить их на новые.
Высаживать крупные хвойные деревья возле здания краевой администрации начали еще в 50-х годах прошлого века. В природе ели могут жить до 200 лет, но в агрессивной городской среде этот возраст значительно сокращается.
Предыстория: Специалисты обследовали погибающие ели у краевого правительства
Ели в центре Красноярска пожухли и осыпаются. Деревьям проведут обследование]]></text>
</doc>
