<?xml version='1.0' encoding='UTF-8'?>
<doc>
  <source><![CDATA[https://newslab.ru/news/903038]]></source>
  <category verify="true" type="str" auto="true"><![CDATA[Новости]]></category>
  <title verify="true" type="str" auto="true"><![CDATA[В России вырастет материнский капитал]]></title>
  <keywords verify="true" type="list" auto="true">
    <item type="str"><![CDATA[Новости]]></item>
    <item type="str"><![CDATA[Общество]]></item>
    <item type="str"><![CDATA[В Красноярском крае]]></item>
  </keywords>
  <text verify="true" type="str" auto="true"><![CDATA[С 2020 года в России планируют увеличить размер материнского капитала. Об этом сообщает ТАСС со ссылкой на федерального министра труда и соцзащиты Максима Топилина.
По предварительным данным, новый размер выплаты составит 470 тысяч рублей. По словам главы ведомства, это решение уже согласовали. Средства на увеличение капитала предусмотрят в бюджете на следующий год. Следующая волна увеличения материнского капитала ожидается к 2021 году — до 489 тысяч рублей.
Материнский капитал — мера государственной поддержки семей, в которых с 2007 родился или был усыновлен второй или последующий ребенок. Маткапитал выдается один раз. С 2015 года его сумма составляет 453 026 рублей.
Потратить материнский капитал можно: на улучшение жилищных условий, образование детей, накопительную пенсию матери, социальную адаптацию и интеграцию в общество детей-инвалидов.
В Красноярском крае постоянно выявляют случаи мошенничества при обналичивании сертификатов на материнский капитал. Некоторые жители оформляют сделки на несуществующее жильё, а кто-то даже на несуществующих детей.]]></text>
</doc>
