<?xml version='1.0' encoding='UTF-8'?>
<doc>
  <source><![CDATA[https://newslab.ru/news/903468]]></source>
  <category verify="true" type="str" auto="true"><![CDATA[Новости]]></category>
  <title verify="true" type="str" auto="true"><![CDATA[Шести городам и селам в Красноярском крае дадут денег на новые кинотеатры за показ отечественных фильмов]]></title>
  <keywords verify="true" type="list" auto="true">
    <item type="str"><![CDATA[Новости]]></item>
    <item type="str"><![CDATA[Культура]]></item>
    <item type="str"><![CDATA[В Красноярском крае]]></item>
  </keywords>
  <text verify="true" type="str" auto="true"><![CDATA[Российский Фонд кино подвел итоги конкурса на поддержку кинозалов в поселках и городах с населением менее 500 тысяч человек.
От Красноярского края подали 9 заявок, 6 из них получат финансирование. Размер поддержки на регион составляет 30 миллионов рулей (каждое учреждение сможет получить до 5 миллионов), на эти деньги нужно будет купить современное проекционное и звуковое оборудование. Обязательным условием для предоставления средств является показ отечественного кино в объеме не менее половины от всех сеансов.
В этом году современные 3D-кинотеатры появятся в следующих населенных пунктах:
Все кинотеатры заработают до конца года. До этого цифровые кинозалы по этой же программе появились в Бородино, Дивногорске, Сосновоборске, Шарыпово, Уяре, Новоселово, Курагино и в Балахте.]]></text>
</doc>
