<?xml version='1.0' encoding='UTF-8'?>
<doc>
  <source><![CDATA[https://newslab.ru/news/903574]]></source>
  <category verify="true" type="str" auto="true"><![CDATA[Новости]]></category>
  <title verify="true" type="str" auto="true"><![CDATA[Интеллектуальный день, фейковая жизнь и «красное» прошлое: вторник в Красноярске]]></title>
  <keywords verify="true" type="list" auto="true">
    <item type="str"><![CDATA[Новости]]></item>
    <item type="str"><![CDATA[Общество]]></item>
    <item type="str"><![CDATA[В Красноярском крае]]></item>
  </keywords>
  <text verify="true" type="str" auto="true"><![CDATA[Сегодня вторник, 11 июня. В Красноярске ожидается малооблачный день с температурой воздуха от +15 °C до +20 °C. Сильный западный ветер подует со скоростью до 5 м/с, небольшой дождик возможен в обед.
Сегодня в рамках проекта «Арт-берег» на левобережной набережной (на творческой поляне под Коммунальным мостом) пройдёт вечер «Звучание улицы». Вас ждут выступления на всевозможных музыкальных инструментах и открытый микрофон. Попробовать свои силы сможет любой желающий. Приходите с 18:00 до 22:00.
В 19:00 в Парке имени 1 Мая (Центральный проезд, 9) пройдёт интеллект-день. Всех ждут лекции, экскурсии, интеллектуальные игры.
Newslab подготовил вам подборку мероприятий, которые можно посетить в этот вторник:
В 19:00 в Театре оперы и балета (улица Перенсона, 2) покажут легендарный спектакль советской эпохи «Красный мак». Центральная роль китайской танцовщицы Тао Хоа была одной из самых ярких в репертуаре Галины Улановой. А также почти всех известных советских балерин того времени.
Новое прочтение «Красного мака» возвращает зрителя в славное прошлое нашей балетной истории, когда выразительность, эмоциональность, драматизм, были важны на сцене не менее чем танцевальная форма. Билеты ещё есть в наличии.
В красноярских кинотеатрах покажут фильм «Игра». Молодой бизнесмен Юрий Платонов с лёгкостью достиг всего, о чём можно было мечтать: крупный издательский дом, положение в обществе, красавица-жена и личный самолёт. Похоже, его жизнь — кем-то лихо срежиссированный фейк... Билеты в кассах кинотеатров.
Вечером вторника Yushin Brothers (улица Карла Маркса, 102) организует два мероприятия.
В 19:30 начнётся открытый микрофон от Stand Up Siberia. Приходите познакомиться с молодым юмором красноярских комиков. Цензуры не будет.
А в 21:00 начнётся джазовый джем-сейшн. Музыканты попробуют при помощи инструментов выразить то, что нельзя сказать словами. А вас зовут бесплатно отдохнуть в приятной обстановке.
В 20:00 в парке «Троя» (улица Баумана, 18) возле главной сцены пройдут бесплатные тренировки под открытым небом. Занятия запланировали на каждый будний день. По понедельникам, средам и пятницам в 9:00 — кардио+силовая. А по вторникам и четвергам в 20:00 — zumba.
Сегодня как раз намечаются жаркие спортивные танцы, одевайтесь поудобнее. Перед посещением тренировки, пожалуйста, позвоните по телефону 290-00-07 и узнайте, будет ли она.
О других интересных событиях можно узнать в афише Красноярска
Расскажите о планах на вторник друзьям, нажав кнопку:]]></text>
</doc>
