<?xml version='1.0' encoding='UTF-8'?>
<doc>
  <source><![CDATA[https://newslab.ru/news/903150]]></source>
  <category verify="true" type="str" auto="true"><![CDATA[Новости]]></category>
  <title verify="true" type="str" auto="true"><![CDATA[Красноярские полицейские не пустили в Киргизию автобус с разными колесами и неисправными тормозами]]></title>
  <keywords verify="true" type="list" auto="true">
    <item type="str"><![CDATA[Новости]]></item>
    <item type="str"><![CDATA[Происшествия]]></item>
    <item type="str"><![CDATA[В Красноярском крае]]></item>
  </keywords>
  <text verify="true" type="str" auto="true"><![CDATA[Сотрудники дорожной полиции Красноярска не выпустили из города неисправный автобус, который должен был ехать в столицу Киргизии. Об этом рассказали в отделе ГИБДД краевой столицы.
Пассажирский автобус, в котором находилось 33 человека, включая 7 детей, выехал с красноярского автовокзала и должен был следовать до Бишкека. На Северном шоссе его остановили для проверки сотрудники ГИБДД. Выяснилось, что у автобуса неисправны световые приборы, есть неполадки с тормозами, а шины на колесах установлены разные.
Пока инспектор ДПС составлял административные материалы за управление неисправным транспортом (ч. 2 ст. 12.5 КоАП РФ ), его коллеги проверили у пассажиров документы. Среди них оказались два незаконных мигранта. Их ждет принудительная депортация из страны.
Автобус отправили на специализированную стоянку. Пассажирам пришлось ждать другой транспорт для того, чтобы продолжить путь.]]></text>
</doc>
