<?xml version='1.0' encoding='UTF-8'?>
<doc>
  <source><![CDATA[https://newslab.ru/news/902756]]></source>
  <category verify="true" type="str" auto="true"><![CDATA[Новости]]></category>
  <title verify="true" type="str" auto="true"><![CDATA[Уехавшего к отцу автостопом из Кемерово 13-летнего школьника нашли в Красноярске. Они так и не встретились]]></title>
  <keywords verify="true" type="list" auto="true">
    <item type="str"><![CDATA[Новости]]></item>
    <item type="str"><![CDATA[Происшествия]]></item>
    <item type="str"><![CDATA[В Сибири]]></item>
    <item type="str"><![CDATA[В Красноярском крае]]></item>
  </keywords>
  <text verify="true" type="str" auto="true"><![CDATA[13-летнего Диму Курбатова из Кемерово, который пропал в конце мая, нашли в Красноярске. Об этом сообщили волонтеры.
Подросток исчез вечером 28 мая. Позже выяснилось, что он поехал автостопом в Красноярск к отцу (прим ред. расстояние от Кемерово до Красноярска более 500 км, время в пути на авто — около 5 часов).
5 июня школьника живым и невредимым нашли в Красноярске. Как рассказала Newslab руководитель группы «Поиск пропавших детей» Оксана Василишина, он гулял на улице в Кировском районе города. Прохожие, которые видели ориентировку на пропавшего, опознали его и сообщили в правоохранительные органы.
«Спасибо всем громадное за помощь в масштабном распространении ориентировки по Красноярску!», — поблагодарили жителей волонтеры.
Известно, что с отцом мальчик так и не встретился — мужчина находится на севере Красноярского края. Чем школьник занимался всю неделю, пока числился пропавшим, неизвестно.
Предыстория: 13-летний мальчик поехал автостопом из Кемерово в Красноярск и пропал]]></text>
</doc>
