<?xml version='1.0' encoding='UTF-8'?>
<doc>
  <source><![CDATA[https://newslab.ru/news/904247]]></source>
  <category verify="true" type="str" auto="true"><![CDATA[Новости]]></category>
  <title verify="true" type="str" auto="true"><![CDATA[Половина российских семей находится за чертой бедности]]></title>
  <keywords verify="true" type="list" auto="true">
    <item type="str"><![CDATA[Новости]]></item>
    <item type="str"><![CDATA[Общество]]></item>
    <item type="str"><![CDATA[В Красноярском крае]]></item>
  </keywords>
  <text verify="true" type="str" auto="true"><![CDATA[Около 50 % семей с детьми в России едва сводят концы с концами и находятся за чертой бедности. Эта проблема наблюдается во всех регионах страны, пишет ТАСС, ссылаясь на доклад вице-премьера РФ Татьяны Голиковой.
Зампред страны отметила, что наиболее бедными сейчас являются семьи с детьми, в особенности — многодетные. Ранее Голикова сообщала, что число бедных россиян с доходами ниже прожиточного минимума за 2018 год сократилось до 12,9%, на 0,3 % меньше в сравнении с 2017 годом.
В апреле Росстат рассчитал минимальный доход для российских семей и выяснил, что почти 80 % семей испытывают трудности с тем, чтобы купить самое необходимое. Чтобы иметь возможность купить только необходимые для жизни вещи, ежемесячный доход семьи должен быть не меньше 58,5 тысяч рублей.
При этом среднемесячная заработная плата в Красноярском крае сейчас составляет 45,8 тыс. рублей, пенсия по старости — 15,1 тыс. рублей.]]></text>
</doc>
