<?xml version='1.0' encoding='UTF-8'?>
<doc>
  <source><![CDATA[https://newslab.ru/news/903500]]></source>
  <category verify="true" type="str" auto="true"><![CDATA[Новости]]></category>
  <title verify="true" type="str" auto="true"><![CDATA[Впервые за долгое время численность населения Красноярского края выросла]]></title>
  <keywords verify="true" type="list" auto="true">
    <item type="str"><![CDATA[Новости]]></item>
    <item type="str"><![CDATA[Общество]]></item>
    <item type="str"><![CDATA[В Красноярском крае]]></item>
  </keywords>
  <text verify="true" type="str" auto="true"><![CDATA[В Красноярске в первом квартале 2019 года наблюдается прирост населения. Об этом рассказали статистики.
Так, с января по апрель 2019 года в регион приехали 32363 человека, а уехали 32197 человек. Таки образом, миграционный прирост составил 166 человек. Среди прибывших из других регионов приехали 8819 человек, из других государств — 5195 человек.
Из тех, кто покинул Красноярский край, 10 133 человека уехали в другие регионы, 3715 человек — в другие страны.
Напомним, по итогам 2018 года численность населения Красноярского края сократилась. Статистики отмечали миграционную убыль в 278 человек. В целом численность населения сократилась на 0,1 % и составила 2 миллиона 874 тысячи 26 человек.
Предыстория: Численность населения в Красноярском крае сократилась]]></text>
</doc>
