<?xml version='1.0' encoding='UTF-8'?>
<doc>
  <source><![CDATA[https://newslab.ru/news/904262]]></source>
  <category verify="true" type="str" auto="true"><![CDATA[Новости]]></category>
  <title verify="true" type="str" auto="true"><![CDATA[«Я всех поздравляю!»: губернатор прокомментировал начало освоения нефтяного месторождения на севере края]]></title>
  <keywords verify="true" type="list" auto="true">
    <item type="str"><![CDATA[Новости]]></item>
    <item type="str"><![CDATA[Экономика]]></item>
    <item type="str"><![CDATA[В России]]></item>
    <item type="str"><![CDATA[В Сибири]]></item>
    <item type="str"><![CDATA[В Красноярском крае]]></item>
  </keywords>
  <text verify="true" type="str" auto="true"><![CDATA[Губернатор Александр Усс прокомментировал новость о начале бурения на Пайяхском нефтяном месторождении в Красноярском крае. Месторождение находится на полуострове Таймыр на севере региона.
«Я хочу поздравить всех жителей края с историческим событием — началось промышленное освоение Пайяхского месторождения. Это действительно очень значимое событие, Игорь Иванович Сечин [главный исполнительный директор и председатель правления ПАО «НК „Роснефть“] на прошедшем форуме в Санкт-Петербурге сказал о Пайяхе как о месторождении, которое будет определять лицо всей нефтедобывающей отрасли страны. Это означает, прежде всего, увеличение нефтедобычи не на проценты, а в разы. У Красноярского края максимум через пять лет появится прирост в бюджет по меньшей мере в 2-3 раза в сравнении с тем, что дает сегодня нефтяная отрасль, а это 30 миллиардов рублей», — сказал Александр Усс.
В ближайшее время специалисты продолжат бурение и начнут строить всю необходимую инфраструктуру. Уже 2024 году здесь планируют запустить промышленное производство.Нефь будут доставлять по Северному морскому пути в Европу и Азию. Планируемый объем добычи — 26 млн тонн нефти в год с перспективой в 50 млн тонн.
«Закончились вышкомонтажные и пусконаладочные работы, мы приступаем к бурению первого куста скважины уникального Пайяхского месторождения. За всё время геологоразведочных работ было пробурено 12 скважин. В результате государственной комиссией утверждены извлекаемые запасы нефти более одного миллиарда тонн», — рассказал вице-президент по геологии и разработке АО «Нефтегазхолдинг» Андрей Поляков.
Новое производство позволит создать 30 тысяч рабочих мест и привлечь в край специалистов. В Диксоне построят морской терминал, который соединят с месторождением нефтепроводом. На самом объекте будет построена вся необходимая инфраструктура для работников компании.
Проект освоения Пайяхской группы месторождений является крупнейшим в рамках комплексного инвестиционного проекта «Енисейская Сибирь».
Справка:
Пайяхское нефтяное месторождение расположено в 130 км к северо-западу от Дудинки Красноярского края. На месторождении разведаны 2 крупных нефтеносных пласта.]]></text>
</doc>
