<?xml version='1.0' encoding='UTF-8'?>
<doc>
  <source><![CDATA[https://newslab.ru/news/904585]]></source>
  <category verify="true" type="str" auto="true"><![CDATA[Новости]]></category>
  <title verify="true" type="str" auto="true"><![CDATA[Красноярские школьники изуродовали заповедные скалы на следующий день после очистки]]></title>
  <keywords verify="true" type="list" auto="true">
    <item type="str"><![CDATA[Новости]]></item>
    <item type="str"><![CDATA[Происшествия]]></item>
    <item type="str"><![CDATA[Общество]]></item>
    <item type="str"><![CDATA[В Красноярском крае]]></item>
  </keywords>
  <text verify="true" type="str" auto="true"><![CDATA[Скалы красноярского заповедника «Столбы» изрисовали ученики одной из школ. Об этом рассказали в пресс-службе заповедника. Номер школы там не назвали, но на одной из скал оставили надпись «ШК #47» (в Красноярске есть школа № 47, она находится в Ленинском районе на улице Песочной).
Как сообщили сотрудники, в День России 12 июня скалолазы полностью очистили скалу «Прадед» (рядом со скалой «Дед»), а уже на следующий день на ней вновь появились надписи.
«Специалисты заповедника „Столбы“ отправили официальное обращение администрации данного общеобразовательного учреждения, предложили рассказать детям об особо охраняемых природных территориях и правилах их посещения. А также в воспитательных целях рекомендовали ученикам школы прийти на сентябрьскую акцию „Чистые Столбы“», — рассказали в пресс-службе.
Также в заповеднике напомнили, что подобный вандализм является правонарушением, за него может грозить штраф в несколько тысяч рублей.
Проект «Чистые Столбы» проходит в заповеднике уже несколько лет. Главная цель проекта — очистить скалы от вандальных надписей, которые оставляют после себя туристы. В прошлом году в социальных сетях в течение нескольких месяцев собиралась информация о тех скалах на заповедной территории, которые нуждаются в очистке. За одно лето очистили скальный массив Первый Столб (более чем от 150 надписей), Четвертый Столб и Перья.]]></text>
</doc>
