<?xml version='1.0' encoding='UTF-8'?>
<doc>
  <source><![CDATA[https://newslab.ru/news/904298]]></source>
  <category verify="true" type="str" auto="true"><![CDATA[Новости]]></category>
  <title verify="true" type="str" auto="true"><![CDATA[На красноярском острове Молокова загорелся тополиный пух (видео)]]></title>
  <keywords verify="true" type="list" auto="true">
    <item type="str"><![CDATA[Новости]]></item>
    <item type="str"><![CDATA[Происшествия]]></item>
    <item type="str"><![CDATA[В Красноярском крае]]></item>
  </keywords>
  <text verify="true" type="str" auto="true"><![CDATA[Красноярцы сняли на видео пожар на острове Молокова. На кадрах видно, как клубы дыма поднимаются над лесом, застилая микрорайон «Южный берег».
В ГУ МЧС региона Newslab рассказали, что во второй половине дня там загорелся тополиный пух. В настоящее время пожар потушен, других данных о происшествии нет.
Сезон цветения красноярских тополей в этом году начался с приходом 30-градусной жары — с начала этой недели. Некоторые жители города «забавляются», поджигая лежащие на земле пуховые шапки. Иногда это приводит к серьезным возгораниям.]]></text>
</doc>
