<?xml version='1.0' encoding='UTF-8'?>
<doc>
  <source><![CDATA[https://newslab.ru/news/903734]]></source>
  <category verify="true" type="str" auto="true"><![CDATA[Новости]]></category>
  <title verify="true" type="str" auto="true"><![CDATA[В Красноярске потеплеет и испортится воздух]]></title>
  <keywords verify="true" type="list" auto="true">
    <item type="str"><![CDATA[Новости]]></item>
    <item type="str"><![CDATA[Общество]]></item>
    <item type="str"><![CDATA[В Красноярском крае]]></item>
  </keywords>
  <text verify="true" type="str" auto="true"><![CDATA[Со среды, 12 июня, в Красноярске начнется очередная волна повышения температуры. Погода порадует малооблачным небом, отсутствием осадков и сильного ветра.
Если во вторник столбики термометров горожан не поднимались выше отметки в 21°C, то уже завтра синоптики обещают 26, 28 °C. В праздничную среду ожидается переменная облачность, обойдется без осадков. Юго-западный ветер стихнет и будет дуть со скоростью 3-8 м/с, иногда порывы будут достигать 12 м/с. Но такие метеоусловия будут способствовать кратковременному накоплению загрязняющих веществ в атмосфере, предупредили в Среднесибирском УГМС.
В четверг, когда красноярцы снова выйдут на работу, воздух должен прогреться до 29 °C. В пятницу тепло сохранится — до 27 °C. Ночами ожидается от 12 до 15 °C.
В субботу Gismeteo снова обещает 29 °C, а в воскресенье — до 23 °C. В конце недели в город вернутся дожди и грозы.]]></text>
</doc>
