<?xml version='1.0' encoding='UTF-8'?>
<doc>
  <source><![CDATA[https://newslab.ru/news/902457]]></source>
  <category verify="true" type="str" auto="true"><![CDATA[Новости]]></category>
  <title verify="true" type="str" auto="true"><![CDATA[В Красноярске водителям запретят один поворот с Брянской ради безопасности]]></title>
  <keywords verify="true" type="list" auto="true">
    <item type="str"><![CDATA[Новости]]></item>
    <item type="str"><![CDATA[Общество]]></item>
    <item type="str"><![CDATA[В Красноярском крае]]></item>
  </keywords>
  <text verify="true" type="str" auto="true"><![CDATA[В Красноярске вводят ограничения для автомобилистов, связанные с движением по улице Брянской в Центральном районе. Об этом предупредили в мэрии.
С 20 июня транспорту запретят поворачивать налево с Брянской на улицу Достоевского. Водители смогут воспользоваться для совершения маневра параллельными улицами.
Дорожники приняли такое решение, чтобы повысить безопасность движения транспорта. На этом участке часто происходят ДТП. Новая схема движения будет действовать постоянно. Для водителей на перекрёстке установят предупреждающие дорожные знаки.
Вы можете предупредить знакомых водителей, нажав кнопку «Поделиться в соцсетях»:]]></text>
</doc>
