<?xml version='1.0' encoding='UTF-8'?>
<doc>
  <source><![CDATA[https://newslab.ru/news/905330]]></source>
  <category verify="true" type="str" auto="true"><![CDATA[Новости]]></category>
  <title verify="true" type="str" auto="true"><![CDATA[Прокуратура Красноярска уличила мэрию в недостаточном информирования горожан о застройке Перенсона]]></title>
  <keywords verify="true" type="list" auto="true">
    <item type="str"><![CDATA[Новости]]></item>
    <item type="str"><![CDATA[Общество]]></item>
    <item type="str"><![CDATA[В Красноярском крае]]></item>
  </keywords>
  <text verify="true" type="str" auto="true"><![CDATA[Прокуратура Красноярска выявила нарушения мэрии при проведении публичных слушаний к проекту застройки исторического центра города.
Речь идёт о квартале в границах улиц Марковского — Вейнбаума — Ленина — Перенсона. Со стороны Вейнбаума здесь должно появиться достопримечательное место «Фрагмент казачьей слободы». В период с 7 мая по 11 июня проходили публичные слушания по внесению изменений в проект. Целью обсуждений было: установление границ земельных участков для реновации и реконструкции исторической застройки, а также установление границ и параметров строительства объектов, среди которых дом подземной и наземной парковок общей вместимостью 200 машин.
Стражи порядка установили, что сведения о высотности будущего дома в опубликованном проекте отсутствуют. По заключению прокуратуры, это нарушило право красноярцев на получение полной информации о планируемых изменениях исторической части города и могло повлиять на результаты голосования по проекту. Помимо этого в проекте указано новое межевание территории в границах квартала, из-за которого площадь земельного участка строительства жилого дома увеличивается.
Первому заместителю главы города, Владиславу Логинову, курирующему вопросы градостроительства и комплексной застройки Красноярска, вынесли предостережения о нарушении закона об информировании населения. Проект застройки не приняли, его отправили на доработку.
Известно также, что сначала по проекту планировки новое здание в пределах «Фрагмента казачьей слободы» могло быть выше 9 этажей, затем высотность снизили до 4-5 этажей. Местных жителей, которые ходили на публичные слушания, интересовало, как будет обеспечиваться социальная инфраструктура — близлежащие садики и школы уже переполнены. На заданный вопрос представители собственника участка или мэрии внятно ответить не смогли.
«Что вы нам тут проталкиваете?»: в Красноярске прошло обсуждение застройки Перенсона]]></text>
</doc>
