<?xml version='1.0' encoding='UTF-8'?>
<doc>
  <source><![CDATA[https://newslab.ru/news/904023]]></source>
  <category verify="true" type="str" auto="true"><![CDATA[Новости]]></category>
  <title verify="true" type="str" auto="true"><![CDATA[В России водителей хотят проверять на наркотики прямо на дорогах]]></title>
  <keywords verify="true" type="list" auto="true">
    <item type="str"><![CDATA[Новости]]></item>
    <item type="str"><![CDATA[Происшествия]]></item>
    <item type="str"><![CDATA[В России]]></item>
  </keywords>
  <text verify="true" type="str" auto="true"><![CDATA[МВД России предлагает ввести дополнительный метод медицинского освидетельствования водителей, чтобы выявить состояние опьянения. Информация о поправках в правила освидетельствования водителей появились на официальном сайте ведомства.
В пояснительной записке указано, что имеющиеся правила дополнят еще двумя признаками опьянения — «наличие алкоголя в выдыхаемом воздухе, определяемое техническим средством индикации» и «положительные показания средства (экспресс-теста) обнаружения наркотических веществ в слюне». Это поможет полицейским оперативно проводить предварительную проверку, а также выявлять водителей, находящихся за рулем в состоянии опьянения, при отсутствии его характерных признаков.
«Применение указанных средств позволит минимизировать субъективный подход сотрудников полиции в оценке состояния водителей, что будет способствовать соблюдению прав и законных интересов участников дорожного движения и снижению при этом числа конфликтных ситуаций, а также исключить необоснованные процедуры освидетельствования», — говорится в пояснительной записке.
Специальные средства для проверки планируется закупить в рамках федерального проекта «Безопасность дорожного движения».]]></text>
</doc>
