<?xml version='1.0' encoding='UTF-8'?>
<doc>
  <source><![CDATA[https://newslab.ru/news/905088]]></source>
  <category verify="true" type="str" auto="true"><![CDATA[Новости]]></category>
  <title verify="true" type="str" auto="true"><![CDATA[Мужчина прыгнул в Чулым с плотины Назаровской ГРЭС. Ищут спасатели]]></title>
  <keywords verify="true" type="list" auto="true">
    <item type="str"><![CDATA[Новости]]></item>
    <item type="str"><![CDATA[Общество]]></item>
    <item type="str"><![CDATA[В Красноярском крае]]></item>
  </keywords>
  <text verify="true" type="str" auto="true"><![CDATA[В Красноярском крае мужчина прыгнул в реку Чулым с моста над плотиной Назаровской ГРЭС, сообщили в краевом учреждении «Спасатель».
«Прыгуна» заметили очевидцы. Они сообщили о мужчине в полицию, а затем информацию передали спасателям. Около 17:30 представители службы спасения выехали в Назарово из Ачинска. Берега Чулыма они прочесывали до полуночи.
Осмотреть они успели около 80 км береговой линии, но мужчину найти им не удалось. Поиски продолжатся сегодня, 19 июня.]]></text>
</doc>
