<?xml version='1.0' encoding='UTF-8'?>
<doc>
  <source><![CDATA[https://newslab.ru/news/903509]]></source>
  <category verify="true" type="str" auto="true"><![CDATA[Новости]]></category>
  <title verify="true" type="str" auto="true"><![CDATA[Во время диспансеризации у каждого сотого россиянина выявили рак]]></title>
  <keywords verify="true" type="list" auto="true">
    <item type="str"><![CDATA[Новости]]></item>
    <item type="str"><![CDATA[Общество]]></item>
    <item type="str"><![CDATA[В Красноярском крае]]></item>
  </keywords>
  <text verify="true" type="str" auto="true"><![CDATA[По итогам диспансеризации населения в 2018 году в России частота выявления рака составила 910,3 случая на 100 тысяч человек. Об этом сообщает RT, ссылаясь на данные минздрава.
В целом по стране врачи зарегистрировали порядка 200 тысяч случаев злокачественных новообразований у обратившихся на медосмотр. Диспансеризацию прошли 21,9 млн россиян (92% от запланированного числа).
Один из самых распространённых видов опухолей — рак шейки матки (11,3 на 100 тыс. человек), в 68% случаев её обнаружили у женщин на начальной стадии. Частота впервые выявленных случаев рака молочной железы составила 73,3 на 100 тысяч россиян, колоректальный рак (рак толстой кишки и её придатка) — 15,8 случая на 100 тыс. человек.
Медики отмечают, что более половины впервые выявленных онкологических заболеваний обнаружили на первой и второй стадиях развития болезни.
В минздраве напоминают, что для людей в возрасте от 18 до 39 лет плановые медицинские осмотры проходят раз в три года, людям старше 40 лет проводят скрининги для раннего выявления онкологических заболеваний.]]></text>
</doc>
