<?xml version='1.0' encoding='UTF-8'?>
<doc>
  <source><![CDATA[https://newslab.ru/news/904904]]></source>
  <category verify="true" type="str" auto="true"><![CDATA[Новости]]></category>
  <title verify="true" type="str" auto="true"><![CDATA[Юный красноярец проведет в колонии 16 лет за попытку наладить торговлю наркотиками (видео)]]></title>
  <keywords verify="true" type="list" auto="true">
    <item type="str"><![CDATA[Новости]]></item>
    <item type="str"><![CDATA[Происшествия]]></item>
    <item type="str"><![CDATA[В Красноярском крае]]></item>
  </keywords>
  <text verify="true" type="str" auto="true"><![CDATA[В Красноярске прошел суд над 18-летним красноярцем, который решил торговать наркотиками, но попался правоохранителям при получении посылки с ними, рассказали в Сибирском линейном управлении МВД России.
В июле 2018 года в Красноярске при получении посылки из Западной Европы задержали 18-летнего местного жителя. Как установили полицейские, в посылке находилось 101 таблетка наркотического средства «экстази» общей массой около 50 граммов.
Полицейские провели обыск в квартире у парня и нашли там пакеты с амфетамином общей массой около 30 граммов, гашиш объемом более 27,5 граммов и синтетические наркотики объемом более 80 граммов. Молодой человек признался, что наркотики предназначались для продажи через закладки. Сначала он покупал их через интернет-магазин, но потом решил, минуя посредников, заказать из-за рубежа самостоятельно.
Уже в ходе следствия на его имя пришло еще несколько посылок. В них было более 3 тысяч таблеток с психоактивным веществом и синтетическим наркотиком общей массой более 1,5 килограммов.
Молодому человеку предъявили обвинения в контрабанде наркотических средств в особо крупном размере (ч. 4 ст. 229.1 УК РФ) и покушение на сбыт наркотиков в особо крупном размере (ч. 3 ст. 30, ч. 5 ст. 228.1 УК РФ). Суд изучил все доказательства и приговорил юного красноярца к 16 годам лишения свободы. Парень будет отбывать наказание в колонии строгого режима.]]></text>
</doc>
