<?xml version='1.0' encoding='UTF-8'?>
<doc>
  <source><![CDATA[https://newslab.ru/news/904760]]></source>
  <category verify="true" type="str" auto="true"><![CDATA[Новости]]></category>
  <title verify="true" type="str" auto="true"><![CDATA[На юге края во время пожара сильно пострадал 3-летний мальчик. Мать была на работе]]></title>
  <keywords verify="true" type="list" auto="true">
    <item type="str"><![CDATA[Новости]]></item>
    <item type="str"><![CDATA[Происшествия]]></item>
    <item type="str"><![CDATA[В Красноярском крае]]></item>
  </keywords>
  <text verify="true" type="str" auto="true"><![CDATA[В Минусинске Красноярского края следователи устанавливают обстоятельства пожара, при котором пострадал 3-летний мальчик. Трагедия случилась утром 15 июня.
По данным ГУ МЧС региона, пожар в жилом доме начался в 9:27 часов. Ликвидировали его в 10:05 часов силами 12 человек и 5 единиц техники.
Следователи уже установили, что во время ЧП дома находились только дети: 3-летний мальчик и его 12-летняя сестра. Их мать была на работе. «В то время когда сестра вышла на кухню, младший брат остался в комнате один, через некоторое время девочка почувствовала запах гари. Она попыталась найти брата, но из-за сильного задымления не смогла этого сделать. Прибывшие пожарные потушили огонь и обнаружили ребенка. Его срочно госпитализировали в больницу, где медики зафиксировали ожоги 3-4 степени. Вероятная причина пожара — неосторожное обращение ребенка с огнем. В настоящее время для установления причины пожара назначена экспертиза. По результатам проверки будет принято процессуальное решение», — рассказали в ГСУ СК по краю.]]></text>
</doc>
