<?xml version='1.0' encoding='UTF-8'?>
<doc>
  <source><![CDATA[https://newslab.ru/news/903501]]></source>
  <category verify="true" type="str" auto="true"><![CDATA[Новости]]></category>
  <title verify="true" type="str" auto="true"><![CDATA[Прокуратура назвала окончательную причину массовой гибели птиц на красноярском Татышеве]]></title>
  <keywords verify="true" type="list" auto="true">
    <item type="str"><![CDATA[Новости]]></item>
    <item type="str"><![CDATA[Происшествия]]></item>
    <item type="str"><![CDATA[В Красноярском крае]]></item>
  </keywords>
  <text verify="true" type="str" auto="true"><![CDATA[Красноярская природоохранная прокуратура обнародовала результаты проверки информации СМИ о гибели птиц на острове Татышеве. Трупы свиристелей начали находить в мае этого года. Орнитологи предположили, что птицы разбиваются о зеркальные стекла нового визит-центра — птицы якобы не понимают, что перед ними препятствие, врезаются в стену и погибают.
Надзорное ведомство провело проверку в отношении муниципального автономного учреждения «Центр реализации социальных проектов», которое является собственником визит-центра, и подтвердило, что стеклянные витражи сооружения не оборудованы защитными устройствами. Это является нарушением федеральных законов «Об охране окружающей среды» и «О животном мире».
«В целях недопущения дальнейшего вреда окружающей среде, в учреждение внесено представление, которое находится на рассмотрении. Фактическое устранение нарушений находится на контроле Красноярской природоохранной прокуратуры», — говорится в сообщении надзорного ведомства.
Предыстория: Красноярцы сообщили о массовой гибели птиц на Татышеве. Во всем винят прозрачные стены визит-центра (видео)
Предыстория: Зеркальные окна визит-центра на Татышеве сделают безопасными для птиц]]></text>
</doc>
