<?xml version='1.0' encoding='UTF-8'?>
<doc>
  <source><![CDATA[https://newslab.ru/news/904057]]></source>
  <category verify="true" type="str" auto="true"><![CDATA[Новости]]></category>
  <title verify="true" type="str" auto="true"><![CDATA[Норильский мальчик прогулялся по карнизу окна на 9 этаже и вызвал бурные споры в соцсетях (видео)]]></title>
  <keywords verify="true" type="list" auto="true">
    <item type="str"><![CDATA[Новости]]></item>
    <item type="str"><![CDATA[Происшествия]]></item>
    <item type="str"><![CDATA[В Красноярском крае]]></item>
  </keywords>
  <text verify="true" type="str" auto="true"><![CDATA[В Норильске ребенок вылез в окно 9 этажа. Появившийся в соцсетях ролик вызвал неоднозначную реакцию зрителей.
На записи видно, что ребенок в одних брюках открывает окно на 9 этаже дома и, держась за профиль окна, выходит на карниз. Сделав пару шагов по откосу окна, мальчик кидает что-то на соседний балкон. После этого он разворачивается и возвращается в квартиру.
По словам автора, произошло это в доме на улице Талнахская, 6. До этого такой же «трюк» исполнил другой ребенок. На вид мальчикам около 7 лет.
Видео вызвало неоднозначную реакцию у комментаторов. Большинство из них осудили автора записи, но разошлись во мнениях, что он должен был делать в этой ситуации.
Кто-то считает, что человек сразу должен был передать информацию об оставленных без присмотра детях в прокуратуру. Другие утверждали, что достаточно было бы вызвать спасателей, а вечером рассказать обо всем родителям мальчиков.
«Что с людьми происходит? Все с ума посходили! Главное натравить „ювеналку“ на родителей и снять видео, чтобы поймать хайп и лайки! Моё личное мнение: увидела, как он лезет в окно, вызывай службу спасения. На всякий случай. И идти к ним домой. Ещё лучше бы дать по заднице, чтоб поняли, что не только родители могут воспитывать. Но теперь запрещено», — написала одна из женщин.
По ее мнению, дети устраивают подобные экстремальные развлечения от безделья, так как родители все время на работе, а в городе для детей почти нет бесплатных секций.
Обновлено: В полиции прокомментировали прогулку юного норильчанина по карнизу девятого этажа]]></text>
</doc>
