<?xml version='1.0' encoding='UTF-8'?>
<doc>
  <source><![CDATA[https://newslab.ru/news/904717]]></source>
  <category verify="true" type="str" auto="true"><![CDATA[Новости]]></category>
  <title verify="true" type="str" auto="true"><![CDATA[Футбольному «Енисею» назначили нового тренера]]></title>
  <keywords verify="true" type="list" auto="true">
    <item type="str"><![CDATA[Новости]]></item>
    <item type="str"><![CDATA[Спорт]]></item>
    <item type="str"><![CDATA[В Красноярском крае]]></item>
  </keywords>
  <text verify="true" type="str" auto="true"><![CDATA[У красноярского футбольного клуба «Енисей» появился новый тренер. Им стал 54-летний Александр Алексеев, сообщили в пресс-службе команды.
Ещё будучи игроком Алексеев провел 301 матч в красноярских «Автомобилисте» и «Металлурге». Его тренерский стаж — около пятнадцати лет.
Помимо Алексеева в тренерский штаб войдут Артём Баранов (ранее выступал в качестве нападающего за красноярский «Металлург», кемеровский «Кузбасс-Динамо» и «Зарю» из Ленинск-Кузнецка), тренером вратарей назначили Виталия Пьянченко. Он выступал за кировский «Динамо-Машиностроитель», уральский «Горняк», красноярский «Металлург».
В пресс-службе также уточняют, что тренировать «Енисей» будут красноярцы, с которыми молодёжка клуба в 2017 году завоевала серебряные медали Кубка Сибири, десятое место в молодежном первенстве сезона 2018/2019 среди команд клубов российской Премьер-лиги.
Прежний тренер «Енисея» покинул футбольный клуб, когда красноярцы проиграли «Краснодару» со счетом 0:4. Это был последний шанс клуба удержаться в Премьер-лиге. Весь сезон «Енисей» тренировал Дмитрий Аленичев.
Предыстория: Дмитрий Аленичев больше не будет тренировать красноярский «Енисей»]]></text>
</doc>
