<?xml version='1.0' encoding='UTF-8'?>
<doc>
  <source><![CDATA[https://newslab.ru/news/903044]]></source>
  <category verify="true" type="str" auto="true"><![CDATA[Новости]]></category>
  <title verify="true" type="str" auto="true"><![CDATA[«Будет работать эвакуатор»: ГИБДД просит водителей правильно останавливаться на Октябрьском мосту (видео)]]></title>
  <keywords verify="true" type="list" auto="true">
    <item type="str"><![CDATA[Новости]]></item>
    <item type="str"><![CDATA[Общество]]></item>
    <item type="str"><![CDATA[В Красноярском крае]]></item>
  </keywords>
  <text verify="true" type="str" auto="true"><![CDATA[ГИБДД Красноярска призвала автомобилистов, приезжающих на массовые мероприятия на острове Татышеве, соблюдать правила остановки и стояки на Октябрьском мосту. Машины нарушителей обещают эвакуировать.
В полиции напомнили, что дорожная разметка на переправе предусматривает выделенную полосу для движения автобусов, на которых запрещена стоянка автомобилей.
«Занимать выделенную полосу для поворота направо разрешено только в тех местах, где это разрешено дорожной разметкой. Нарушения фиксируют камеры автоматической фиксации. Кроме того, в выходные дни на Октябрьском мосту будет работать автоэваруатор и сотрудники ДПС, которые проследят за соблюдение правил остановки и стоянки», — предупредили в дорожной полиции.]]></text>
</doc>
