<?xml version='1.0' encoding='UTF-8'?>
<doc>
  <source><![CDATA[https://newslab.ru/news/902846]]></source>
  <category verify="true" type="str" auto="true"><![CDATA[Новости]]></category>
  <title verify="true" type="str" auto="true"><![CDATA[Под Красноярском ремонтируют важную дорогу]]></title>
  <keywords verify="true" type="list" auto="true">
    <item type="str"><![CDATA[Новости]]></item>
    <item type="str"><![CDATA[Общество]]></item>
    <item type="str"><![CDATA[В Красноярском крае]]></item>
  </keywords>
  <text verify="true" type="str" auto="true"><![CDATA[В Емельяновском районе Красноярского края идет ремонт автодороги «Еловая-станция Минино», сообщили в краевом управлении автодорог. Работы начались с 29 мая на двух участках трассы.
Речь идет о дороге протяженностью в 16 км, которая является частью транспортного коридора между красноярским аэропортом и Транссибирской магистралью, и соединяет крупные населённые пункты Емельяновского района (село Еловое, поселки Видный и Элита, а также село Минино).
«К настоящему времени на первом отрезке дороги в районе села Еловое (0+000 — 8+000 км) специалисты „КрайДЭО“ провели подготовительные работы, устранили пучинистость грунта и прочие несоответствия, выполнили фрезерование и уложили асфальтобетонное покрытие дороги. Аналогичные работы пройдут и на втором отрезке дороги на участке 8+000 — 16+490 км», — уточнили КрУДоре.
Автодорогу ремонтируют в рамках реализации национального проекта «Безопасные и качественные автомобильные дороги». В проект ремонта вошли работы по ремонту водопропускных труб, устройству кюветов, обочин и съездов, установке барьерного ограждения и дорожно-знаковой информации, а также восстановление двух остановочных карманов с заменой павильонов остановок общественного транспорта.
Завершить работы должны в этом году, но точной даты дорожники не называют.]]></text>
</doc>
