<?xml version='1.0' encoding='UTF-8'?>
<doc>
  <source><![CDATA[https://newslab.ru/news/904460]]></source>
  <category verify="true" type="str" auto="true"><![CDATA[Новости]]></category>
  <title verify="true" type="str" auto="true"><![CDATA[На «Зените» автоледи сбила молодого пешехода-нарушителя (видео)]]></title>
  <keywords verify="true" type="list" auto="true">
    <item type="str"><![CDATA[Новости]]></item>
    <item type="str"><![CDATA[Происшествия]]></item>
    <item type="str"><![CDATA[В Красноярском крае]]></item>
  </keywords>
  <text verify="true" type="str" auto="true"><![CDATA[На улице Партизана Железняка в Красноярске на регулируемом пешеходном переходе возле остановки «Зенит» снова сбили пешехода. ДТП произошло во втором часу дня 15 июня и попало на камеру уличного наблюдения.
По предварительным данным ГИБДД, 26-летний мужчина перебегал дорогу на запрещающий сигнал светофора. В это время его сбила автоледи на «Форде», которая ехала в крайнем левом ряду.
Хотя удар был очень сильный — парня подбросило в воздухе, он пролетел несколько метров и приземлился на асфальт, — он отделался незначительными травмами. Медики осмотрели его, решили, что госпитализация ему не требуется и отпустили домой.
Публикация от ЧП Красноярск (@kras.chp) 15 Июн 2019 в 3:13 PDT
Отметим, на этом переходе часто сбивают пешеходов, в том числе и детей.]]></text>
</doc>
