<?xml version='1.0' encoding='UTF-8'?>
<doc>
  <source><![CDATA[https://newslab.ru/news/903892]]></source>
  <category verify="true" type="str" auto="true"><![CDATA[Новости]]></category>
  <title verify="true" type="str" auto="true"><![CDATA[В Красноярске в несколько раз подорожало социальное такси]]></title>
  <keywords verify="true" type="list" auto="true">
    <item type="str"><![CDATA[Новости]]></item>
    <item type="str"><![CDATA[Экономика]]></item>
    <item type="str"><![CDATA[В Красноярском крае]]></item>
  </keywords>
  <text verify="true" type="str" auto="true"><![CDATA[В Красноярске сильно подорожало социальное такси. Для людей с почечной недостаточностью стоимость выросла сразу в 8 раз.
Как говорят пациенты, это первое повышение с 2012 года. Больным нужно ездить на процедуру гемодиализа — в месяц выделяется 13 поездок. Из них 10 оплачивает бюджет, а три — сам пациент. Раньше оплата была почасовой — 100 рублей в час. Теперь нужно платить за каждый километр — 32 рубля. Гемодиализный центр находится на Никитина, некоторым пациентам приходится добираться туда из отдаленных районов города. Для тех, кто живет, например, на Мясокомбинате или в Черемушках, поездка обходится более чем в 2 тысячи рублей.
Как объяснили в управлении соцзащиты населения, тарифы, которые действовали с 2012 года, давно устарели и не покрывают расходы на услугу.
«Предоставлять услугу в ущерб самому учреждению мы не имеем права», — цитирует замруководителя управления соцзащиты Татьяна Ефимович «7 канал».
По данным СМИ, пациенты написали коллективное письмо в мэрию с просьбой пересмотреть тариф. В противном случае им придется пересаживаться на обычное такси.
Фото на главной: министерство социальной политики Красноярского края]]></text>
</doc>
