<?xml version='1.0' encoding='UTF-8'?>
<doc>
  <source><![CDATA[https://newslab.ru/news/904266]]></source>
  <category verify="true" type="str" auto="true"><![CDATA[Новости]]></category>
  <title verify="true" type="str" auto="true"><![CDATA[Для победителей музыкальной премии фестиваля «МИР Сибири» изготовили бронзовые чаши]]></title>
  <keywords verify="true" type="list" auto="true">
    <item type="str"><![CDATA[Новости]]></item>
    <item type="str"><![CDATA[Культура]]></item>
    <item type="str"><![CDATA[В Красноярском крае]]></item>
  </keywords>
  <text verify="true" type="str" auto="true"><![CDATA[В Красноярске изготовили символы фестиваля «МИР Сибири». Победители творческих конкурсов получат бронзовые чаши мира. Уже в ближайшее время символы доставят в Шушенское, где с 12 по 14 июля будет проходить фестиваль.
Две бронзовые чаши мира на подставке из мореного кедра, считавшегося у шумеров деревом, связанным с космосом, получат победители музыкальной и мастеровой премий.
«Символично в призе всё, начиная от формы чаши как собирательного образа сосуда или ёмкости, способной к наполнению энергией и творчеством, заканчивая символами. Главный из них — трикветр, задающий направление к наполнению космической энергией, расположен на донышке. Внутри — мотивы тагарских петроглифов (археологическая культура эпохи бронзы и железа VIII–III века до н. э., названа по топониму — острову Тагарскому на Енисее). Снаружи — разнообразные вариации солярного знака», — рассказал Дмитрий Сиротинин, заместитель исполнительного директора фестиваля «МИР Сибири».
«МИР Сибири» — главное музыкальное событие Сибири на открытом воздухе, марафон национальных народных мелодий, место небывалого культурного паломничества, точка притяжения для тысяч гостей и сотен участников. В этом году фестиваль «Мир Сибири» пройдет под эгидой ЮНЕСКО.]]></text>
</doc>
