<?xml version='1.0' encoding='UTF-8'?>
<doc>
  <source><![CDATA[https://newslab.ru/news/904976]]></source>
  <category verify="true" type="str" auto="true"><![CDATA[Новости]]></category>
  <title verify="true" type="str" auto="true"><![CDATA[В Красноярске прогремит гроза и усилится ветер]]></title>
  <keywords verify="true" type="list" auto="true">
    <item type="str"><![CDATA[Новости]]></item>
    <item type="str"><![CDATA[Происшествия]]></item>
    <item type="str"><![CDATA[Общество]]></item>
    <item type="str"><![CDATA[В Красноярском крае]]></item>
  </keywords>
  <text verify="true" type="str" auto="true"><![CDATA[Жителей Красноярска предупредили о возможных неблагоприятных явлениях погоды — грозе и усилении ветра. Стихия разбушуется в среду, 19 июня, в центральных районах края.
По данным Среднесибирского УГМС, ночью в краевой столице обойдется без осадков, днем пройдет небольшой дождь с грозой. Другие синоптики прогнозируют ливень. Юго-восточный ветер будет переходить на западный, его скорость составит 2-7 м/с, иногда возможны порывы до 11 м/с, при грозе — до 15-18 м/с. Температура воздуха ночью составит 12, 14 °C, днем — 25, 27 °C. В темное время суток такие метеоусловия будут способствовать кратковременному накоплению загрязняющих веществ в атмосфере, в светлое — рассеиванию.
В непогоду жителям города рекомендуют соблюдать ряд правил:
В случае ЧП необходимо звонить на телефон единой дежурно-диспетчерской службы Красноярска — 112.]]></text>
</doc>
