<?xml version='1.0' encoding='UTF-8'?>
<doc>
  <source><![CDATA[https://newslab.ru/news/904721]]></source>
  <category verify="true" type="str" auto="true"><![CDATA[Новости]]></category>
  <title verify="true" type="str" auto="true"><![CDATA[Россияне одобряют желание своих детей начать работать до совершеннолетия]]></title>
  <keywords verify="true" type="list" auto="true">
    <item type="str"><![CDATA[Новости]]></item>
    <item type="str"><![CDATA[Общество]]></item>
    <item type="str"><![CDATA[В Красноярском крае]]></item>
  </keywords>
  <text verify="true" type="str" auto="true"><![CDATA[Большинство жителей страны одобряют желание подростков начать зарабатывать до исполнения 18 лет, считая это хорошей помощью семье и воспитанием финансовой независимости. Результаты исследований приводит Всероссийского центра изучения общественного мнения (ВЦИОМ).
«Россияне поддерживают подростков, решивших получить свой первый опыт работы до 18 лет (83 %). При этом большинство опрошенных (74 %) сами начали работать в подростковом возрасте. Чаще всего это делали мужчины (86 %). Большая часть опрошенных (80 %) выразили желание, чтобы и их дети пробовали подрабатывать до достижения 18 лет», — говорится в исследовании.
Первый заработок, по данным ВЦИОМ, россияне получали в среднем в 16 лет. Чаще всего это были колхозы и совхозы (14 %), заводы и производства (8 %), торговля (7 %).
В качестве основных причин, почему стоить раньше начинать трудовую деятельность, россияне отметили:
Треть опрошенных не видит в раннем труде ничего плохого. Тем не менее, 16 % жалуются на нарушение законодательства, тяжелые условия труда, 11 % — на нехватку времени на учебу. Всего опросили 1,6 тысячи россиян в возрасте от 18 лет в формате телефонного интервью.
В апреле Росстат рассчитал минимальный доход для российских семей и выяснил, что почти 80 % семей испытывают трудности с тем, чтобы купить самое необходимое. Чтобы иметь возможность купить только необходимые для жизни вещи, ежемесячный доход семьи должен быть не меньше 58,5 тысяч рублей. Среднемесячная зарплата в Красноярском крае составляет 45,8 тыс. рублей.]]></text>
</doc>
