<?xml version='1.0' encoding='UTF-8'?>
<doc>
  <source><![CDATA[https://newslab.ru/news/903200]]></source>
  <category verify="true" type="str" auto="true"><![CDATA[Новости]]></category>
  <title verify="true" type="str" auto="true"><![CDATA[Директор красноярской турфирмы украла несколько миллионов и сбежала в Индонезию. Дело дошло до суда]]></title>
  <keywords verify="true" type="list" auto="true">
    <item type="str"><![CDATA[Новости]]></item>
    <item type="str"><![CDATA[Происшествия]]></item>
    <item type="str"><![CDATA[В Красноярском крае]]></item>
  </keywords>
  <text verify="true" type="str" auto="true"><![CDATA[В Красноярске будут судить 30-летнюю директора турфирмы, которая обманула клиентов на общую сумму более 4 миллионов рублей и скрывалась от правосудия в Индонезии, сообщила официальный представитель МВД России Ирина Волк.
Руководитель турфирмы в 2017 году сумела обмануть 58 клиентов. Они заключали с ней договоры о покупке путевок в Таиланд, Китай, Турцию и Доминикану и полностью оплачивали услугу. Но отдых срывался, директор фирмы тянула время, придумывала различные оправдания, а затем скрылась из страны. Общая сумма причиненного ею ущерба перевалила за 4 миллиона рублей.
В отношении женщины возбудили уголовное дело по ч. 4 ст. 159 УК РФ (мошенничество). Ее объявили в международный розыск и задержали в Индонезии. Сотрудники Интерпола доставили ее в Москву, а затем в Красноярск.
Расследование уголовного дела в ее отношении уже завершено. Рассматривать его будет Советский районный суд Красноярска. Женщине грозит до 10 лет лишения свободы с крупным штрафом.
Предыстория: Полиция обнародовала видео прибытия директора турфирмы, подозреваемой в мошенничестве на 4 миллиона]]></text>
</doc>
