<?xml version='1.0' encoding='UTF-8'?>
<doc>
  <source><![CDATA[https://newslab.ru/news/902771]]></source>
  <category verify="true" type="str" auto="true"><![CDATA[Новости]]></category>
  <title verify="true" type="str" auto="true"><![CDATA[У красноярского алиментщика арестовали иномарку и отправили работать в «скорую помощь» (видео)]]></title>
  <keywords verify="true" type="list" auto="true">
    <item type="str"><![CDATA[Новости]]></item>
    <item type="str"><![CDATA[Общество]]></item>
    <item type="str"><![CDATA[В Красноярском крае]]></item>
  </keywords>
  <text verify="true" type="str" auto="true"><![CDATA[Приставы арестовали имущество красноярского алиментщика и привлекли его к административной ответственности — мужчина отрабатывает 80 часов обязательных работ на городской станции скорой медицинской помощи. Там он трудится разнорабочим.
Мужчина задолжал 4-летнему сыну 854 тысяч рублей и приставам пришлось применить ряд мер принудительного исполнения. Они обратили взыскание на деньги, поступающие на банковские счета красноярца, ограничили его в праве выезда за пределы России и управления транспортным средством. Затем они арестовали его автомобиль Opel и гараж.
«В настоящее время автомобиль уже передан на реализацию, готовятся документы для передачи на реализацию недвижимого имущества. После продажи указанного имущества деньги, полученные в результате проведения процедуры, будут перечислены взыскателю в счет погашения задолженности. В настоящее время должник направлен в центр занятости населения для дальнейшего трудоустройства с последующим обращением взыскания на заработную плату», — рассказали в пресс-службе УФССП региона.]]></text>
</doc>
