<?xml version='1.0' encoding='UTF-8'?>
<doc>
  <source><![CDATA[https://newslab.ru/news/904432]]></source>
  <category verify="true" type="str" auto="true"><![CDATA[Новости]]></category>
  <title verify="true" type="str" auto="true"><![CDATA[Обманутым дольщикам из красноярских Черёмушек назвали новые сроки решения проблем]]></title>
  <keywords verify="true" type="list" auto="true">
    <item type="str"><![CDATA[Новости]]></item>
    <item type="str"><![CDATA[Экономика]]></item>
    <item type="str"><![CDATA[Общество]]></item>
    <item type="str"><![CDATA[В Красноярском крае]]></item>
  </keywords>
  <text verify="true" type="str" auto="true"><![CDATA[В администрации Ленинского района Красноярска прошло заседание рабочей группы по вопросам решения проблем участников долевого строительства, пострадавших от действий недобросовестных застройщиков. Речь идет о двух домах жилого комплекса «Нойланд-Черемушки» (ул. Шевченко). Компания «Монтаж-Строй» должна была сдать их еще в 2015 году, но из-за возникших проблем стройку пришлось заморозить. Достраивать дома начали лишь в ноябре 2018 года.
Накануне представитель строительной компании Павел Носовко отчитался о положении дел на стройплощадке жилого комплекса. Сейчас в доме по адресу Шевченко,1 ведется монтаж лестничных клеток, отделочные работы, а также оплачена теплоизоляция, которая в ближайшее время поступит на стройплощадку. «По словам застройщика, за лето планируется подготовить дом № 1 к отопительному сезону, чтобы продолжить отделочные работы для ввода в эксплуатацию до конца 2020 года. В доме № 2 во второй половине июля будет готова проектно-сметная документация, и лишь тогда можно будет приступить к строительно-монтажным работам», — рассказали в краевом минстрое.
Застройщику напомнили, что он должен предоставлять дольщикам все запрашиваемые документы, а также подробно объяснять причины несоблюдения графика работ и предъявлять доказательства того, за счет чего отставание будет ликвидировано.
В свою очередь, представитель арбитражного управляющего сообщил, что в настоящее время нет никаких оснований утверждать, что у застройщика есть критичное отставание по срокам. «Это позволяет надеяться, что процедура финансового оздоровления, введенная в отношении застройщика, будет продлена на ближайшем собрании кредиторов. Кроме того, „Монтаж-Строй“ сообщил, что после вмешательства администрации города был решен вопрос с техприсоединениям „Нойланд-Черемушек“ к инженерным сетям», — добавили в минстрое.]]></text>
</doc>
