<?xml version='1.0' encoding='UTF-8'?>
<doc>
  <source><![CDATA[https://newslab.ru/news/905329]]></source>
  <category verify="true" type="str" auto="true"><![CDATA[Новости]]></category>
  <title verify="true" type="str" auto="true"><![CDATA[Суд незаконно смягчил опасному преступнику наказание: в дело вмешалась прокуратура и добилась справедливости]]></title>
  <keywords verify="true" type="list" auto="true">
    <item type="str"><![CDATA[Новости]]></item>
    <item type="str"><![CDATA[Происшествия]]></item>
    <item type="str"><![CDATA[В Красноярском крае]]></item>
  </keywords>
  <text verify="true" type="str" auto="true"><![CDATA[Красноярский краевой суд отменил незаконное постановление Богучанского районного суда о замене осужденному за совершение особо тяжких преступлений неотбытой части наказания более мягким его видом.
В местах лишения свободы оказался 36-летний мужчина, который совершил сразу несколько особо тяжких преступлений, получив за это 17 лет колонии. Отбыв часть срока, он подал ходатайство заменить оставшуюся часть наказания в виде 8 лет и 19 дней лишения свободы на более мягкий вид наказания. 18 марта 2019 года районный суд постановил заменить ему оставшийся срок лишения свободы принудительными работами — на тот же срок. Но это решение оспорила сторона обвинения.
«Краевой суд согласился с мнением прокурора о незаконности решения суда первой инстанции. При принятии решения не было учтено, что осужденный отбывал наказание в виде 17 лет лишения свободы за совершение двух разбойных нападений, причинение тяжких телесных повреждений, повлекших смерть потерпевшего, вовлечение несовершеннолетнего в совершение тяжкого преступления и ряд других преступлений, ущерб пострадавшим не возместил. Отбывая наказание, он подвергался мерам дисциплинарного взыскания за нарушение правил внутреннего трудового распорядка, признавался злостным нарушителем, в связи с чем его переводили в более строгие условия отбывания наказания. С ним неоднократно проводили профилактические беседы, которые не дали положительных результатов. На момент рассмотрения ходатайства о замене срока лишения свободы принудительными работами мужчина имел неснятое взыскание», — рассказали в прокуратуре.
Апелляционная инстанция удовлетворила представление прокурора об отмене решения Богучанского районного суда. Оставшийся срок лишения свободы мужчина проведет в исправительной колонии.]]></text>
</doc>
