<?xml version='1.0' encoding='UTF-8'?>
<doc>
  <source><![CDATA[https://newslab.ru/news/902561]]></source>
  <category verify="true" type="str" auto="true"><![CDATA[Новости]]></category>
  <title verify="true" type="str" auto="true"><![CDATA[13-летний мальчик поехал автостопом из Кемерово в Красноярск и пропал]]></title>
  <keywords verify="true" type="list" auto="true">
    <item type="str"><![CDATA[Новости]]></item>
    <item type="str"><![CDATA[Происшествия]]></item>
    <item type="str"><![CDATA[В Сибири]]></item>
    <item type="str"><![CDATA[В Красноярском крае]]></item>
  </keywords>
  <text verify="true" type="str" auto="true"><![CDATA[Обновлено: Уехавшего к отцу автостопом из Кемерово 13-летнего школьника нашли в Красноярске. Они так и не встретились
Красноярские волонтеры просят жителей региона помочь найти 13-летнего Диму Курбатова из Кемерово. Подросток пропал вечером 28 мая, но ориентировка на него появилась в красноярских социальных сетях лишь спустя неделю.
По данным волонтеров группы «Поиск пропавших детей — Красноярск», вечером позапрошлого вторника мальчик ушел из дома в городе Кемерово.
Кузбасские полицейские установили, в каком кафе ужинал ребенок, а также нашли таксиста, который его туда привез. По факту безвестного исчезновения мальчика уже возбудили уголовное дело.
«Есть данные, что ребенок мог направляться автостопом в Красноярск к отцу (прим ред. расстояние от Кемерово до Красноярска более 500 км, время в пути на авто — около 5 часов). Может представляться другим именем, легко знакомится с людьми. Может находиться на автовокзале, в супермаркетах», — сообщили волонтеры.
Всех, кто видел мальчика в Красноярске, просят срочно позвонить волонтерам по круглосуточному номеру 8-950-996-60-66, либо передать информацию полиции Кемерово по номеру 8 (3842) 39-06-10.
Вы можете помочь распространению информации о пропавшем, нажав кнопку «Поделиться в соцсетях»:]]></text>
</doc>
