<?xml version='1.0' encoding='UTF-8'?>
<doc>
  <source><![CDATA[https://newslab.ru/news/904751]]></source>
  <category verify="true" type="str" auto="true"><![CDATA[Новости]]></category>
  <title verify="true" type="str" auto="true"><![CDATA[Погрузка зерна на красноярской железной дороге за пять месяцев 2019 года увеличилась в 2,7 раза]]></title>
  <keywords verify="true" type="list" auto="true">
    <item type="str"><![CDATA[Новости]]></item>
    <item type="str"><![CDATA[Экономика]]></item>
    <item type="str"><![CDATA[В Красноярском крае]]></item>
  </keywords>
  <text verify="true" type="str" auto="true"><![CDATA[За январь-май 2019 года на Красноярской железной дороге погрузили 515 тысяч тонн зерновых грузов. Это в 2,7 раза больше, чем за аналогичный период 2018 года. Больше всего погрузка увеличилась в сегменте внутренних перевозок.
Объем железнодорожных поставок красноярского зерна на внутренний рынок составил за пять месяцев 413,3 тысяч тонн, с увеличением к аналогичному периоду прошлого года в 6,5 раз.
Основные потребители зерновой продукции Красноярского края — регионы Северо-Западного, Центрального, Южного и Сибирского федеральных округов, где наблюдается высокий спрос на более дешевое зерновое сырье из Сибири.
Доставка зерновых осуществлялась в 34 региона страны, в том числе в Ленинградскую, Псковскую, Новосибирскую, Калининградскую области, в Алтайский край, Москву и Санкт-Петербург.
Рост перевозок в данном сегменте стал и результатом внедрения на Красноярской железной дороге широкого спектра транспортно-логистических услуг для предприятий агропромышленного комплекса.
Так, помимо стандартных вагонов-зерновозов, сельскохозяйственным предприятиям предложены и альтернативные виды перевозки. В частности, это транспортировка зерна в крытых вагонах. Кроме того, предлагается услуга перевозки зерна в универсальных контейнерах с использованием контейнерного вкладыша.
Также КрасЖД предлагает грузоотправителям ряд сопутствующих услуг, в частности, использование инфраструктуры и специальной техники для осуществления погрузки агропромышленных грузов в вагоны.]]></text>
</doc>
