<?xml version='1.0' encoding='UTF-8'?>
<doc>
  <source><![CDATA[https://newslab.ru/news/903692]]></source>
  <category verify="true" type="str" auto="true"><![CDATA[Новости]]></category>
  <title verify="true" type="str" auto="true"><![CDATA[В Красноярске состоялись игры 7-го тура Лиги чемпионов бизнеса]]></title>
  <keywords verify="true" type="list" auto="true">
    <item type="str"><![CDATA[Новости]]></item>
    <item type="str"><![CDATA[Спорт]]></item>
    <item type="str"><![CDATA[В Красноярском крае]]></item>
  </keywords>
  <text verify="true" type="str" auto="true"><![CDATA[В Красноярске на стадионе «Юность» 10 июня состоялись игры Седьмого тура корпоративного футбольного чемпионата «Лига Чемпионов Бизнеса».
Дивизион А
«Ассоциация дорожников Красноярья» одержала победу над командой «Nord Star» со счетом 5:1. ГК «БРИЗ» неожиданно разгромил «РиноСервис» — 9:2. «Красноярский цемент» уступил «Энергии» со счетом 1:4.
Дивизион В
«Красцветмет» уверенно разобрался с командой «Danone», счет игры — 6:2. С небольшим преимуществом «Сборная служащих ОИВ» сыграла с командой «Coca-Cola», итог матча — 3:2. «Красмаш» вырвал победу у команды «РН-КрасноярскНИПИнефть» — 3:2.
Дивизион С
«Холмсервис» сегодня оказался сильнее «ТФОМС». 4:2. Главные конкуренты за лидерство в дивизионе в очередной раз не выявили победителя — «Росбанк» и «СИБИНТЕК» сыграли вничью 2:2.
Максим Клименко («Красцветмет») : «Первый тайм мы начали хорошо. Просто у нас были какие-то недочеты. Кипиш какой-то. Мы начали друг на друга кричать. Во втором тайме мы собрались, начали играть в свою игру и довели дело до победы. Могли забить больше, но немного не повезло».
Андрей Погребной («ТФОМС»): «Соперник равный, но погодные условия не позволили сыграть в полную силу, к тому же во 2 тайме наш игрок получил травму. Во 2 половине матча мы активно атаковали, но нам не хватило времени, чтобы сравнять счет».]]></text>
</doc>
