<?xml version='1.0' encoding='UTF-8'?>
<doc>
  <source><![CDATA[https://newslab.ru/news/904222]]></source>
  <category verify="true" type="str" auto="true"><![CDATA[Новости]]></category>
  <title verify="true" type="str" auto="true"><![CDATA[Военный хотел избежать наказания за пьяную езду и переложил ответственность на брата-подростка]]></title>
  <keywords verify="true" type="list" auto="true">
    <item type="str"><![CDATA[Новости]]></item>
    <item type="str"><![CDATA[Происшествия]]></item>
    <item type="str"><![CDATA[В Красноярском крае]]></item>
  </keywords>
  <text verify="true" type="str" auto="true"><![CDATA[Военнослужащего из Красноярского края привлекли к административной ответственности за отказ от прохождения медицинского освидетельствования на состояние опьянения. Ему назначили штраф в 30 тысяч рублей и на 1 год и 8 месяцев лишили водительских прав.
Случай, за который наказали рядового, произошел в апреле этого года в городе Енисейске. Ночью его на личной машине остановили сотрудники ГИБДД, которые выявили у него признаки опьянения. Мужчине предложили пройти проверку на трезвость, но он отказался.
«При рассмотрении материалов Михальченко виновным себя не признал и пояснил, что в указанном автомобиле он находился в качестве пассажира на заднем сидении, а транспортным средством управлял его несовершеннолетний брат. Однако, исследованными в суде доказательствами было установлено, что после остановки сотрудниками полиции Михальченко перелез на заднее пассажирское сидение, после чего отрицал факт управления автомобилем», — рассказали в пресс-службе краевого гарнизонного суда.]]></text>
</doc>
