<?xml version='1.0' encoding='UTF-8'?>
<doc>
  <source><![CDATA[https://newslab.ru/news/902617]]></source>
  <category verify="true" type="str" auto="true"><![CDATA[Новости]]></category>
  <title verify="true" type="str" auto="true"><![CDATA[На «Летнюю ярмарку» в Красноярск привезут продукты Кубани, Камчатки и Беларуси]]></title>
  <keywords verify="true" type="list" auto="true">
    <item type="str"><![CDATA[Новости]]></item>
    <item type="str"><![CDATA[Общество]]></item>
    <item type="str"><![CDATA[В Красноярском крае]]></item>
  </keywords>
  <text verify="true" type="str" auto="true"><![CDATA[С 7 по 13 июня в Красноярске пройдет «Летняя ярмарка». Горожане смогут купить продукты от производителей Беларуси, Греции, Кубани, Адыгеи, Абхазии, Алтая, Камчатки, Узбекистана.
Посетителям предложат натуральные белорусские колбасы, которые известны своим высоким качеством и натуральным составом. Также будут представлены разнообразные мясные деликатесы домашнего копчения, соусы и ароматные сорта чая из Абхазии. Впервые на ярмарку приедет рыбное подворье с Камчатки, где можно приобрести свежую рыбу и морепродукты Дальнего Востока.
Также посетителей ожидает большой выбор мёда из Абхазии, Алтая, Красноярского края. Будут представлены различные сорта мёда: цветочный, липовый, гречишный, каштановый, эвкалиптовый, мёд с полезными добавками — пыльцой, прополисом, пергой, орехами, маточным молочком. Всего предложат более 30 видов полезного лакомства. Помимо меда на ярмарке также можно купить натуральные южные сладости, сухофрукты и орехи, восточные специи, соусы, алтайские травы, узбекскую керамику.
Ярмарка будет работать одновременно с выставкой «Сибирь православная» в МВДЦ «Сибирь» (ул. Авиаторов, 19). Вход свободный.
Вы можете рассказать о ярмарке и позвать на нее своих друзей и знакомых, нажав кнопку «Поделиться в соцсети»:]]></text>
</doc>
