<?xml version='1.0' encoding='UTF-8'?>
<doc>
  <source><![CDATA[https://newslab.ru/news/905322]]></source>
  <category verify="true" type="str" auto="true"><![CDATA[Новости]]></category>
  <title verify="true" type="str" auto="true"><![CDATA[Красноярские полицейские на велосипедах меняют дислокацию: проследят за горожанами в популярном парке]]></title>
  <keywords verify="true" type="list" auto="true">
    <item type="str"><![CDATA[Новости]]></item>
    <item type="str"><![CDATA[Происшествия]]></item>
    <item type="str"><![CDATA[Общество]]></item>
    <item type="str"><![CDATA[В Красноярском крае]]></item>
  </keywords>
  <text verify="true" type="str" auto="true"><![CDATA[В ближайшее время велопатруль красноярской полиции намерен расширить зону контроля: если раньше стражи порядка на велосипедах ежедневно объезжали левобережную набережную и остров Татышева, то теперь планируют работать в парке «Гремячая грива».
Накануне смотр велопатрулей провел глава городской полиции Геннадий Березин. Он акцентировал внимание подчиненных на возложенных на них задачах, среди которых и помощь в розыске потерявшихся детей. После этого он и представители агентства по туризму края осмотрели технику, в том числе поступившую недавно на вооружение в полицию. «Было принято решение о том, что в ближайшее время новые велосипеды будут оборудованы всем необходимым, и патруль выйдет на свое первое дежурство в эко-парке „Гремячая грива“», — рассказали в пресс-службе полиции. Первый рейд состоится в эту субботу, 22 июня.
Напомним, велопатруль начал работать в Красноярске летом 2017 года. Необычный взвод состоит из сотрудников полка патрульно-постовой службы городской полиции. 10 наиболее подготовленных стражей порядка посменно выходят на службу по обеспечению безопасности красноярцев. Сейчас в распоряжении полицейских уже 6 велосипедов. Основная задача велопатруля не отличается от задач остальных полицейских — следить за соблюдением правопорядка и пресекать нарушения закона. Но с помощью велосипедов они будут мобильнее. Такой транспорт позволяет патрулировать пешеходные зоны, где неэффективно ходить пешком и нельзя проехать на машине.
Предыстория: Красноярскую набережную начали охранять полицейские на велосипедах]]></text>
</doc>
