<?xml version='1.0' encoding='UTF-8'?>
<doc>
  <source><![CDATA[https://newslab.ru/news/904936]]></source>
  <category verify="true" type="str" auto="true"><![CDATA[Новости]]></category>
  <title verify="true" type="str" auto="true"><![CDATA[Богучанец хотел купить трактор и попался на стандартную уловку мошенника]]></title>
  <keywords verify="true" type="list" auto="true">
    <item type="str"><![CDATA[Новости]]></item>
    <item type="str"><![CDATA[Происшествия]]></item>
    <item type="str"><![CDATA[В Красноярском крае]]></item>
  </keywords>
  <text verify="true" type="str" auto="true"><![CDATA[В Красноярском крае мужчина лишился 130 тысяч рублей из-за объявления о продаже несуществующего трактора, рассказали в краевой полиции.
60-летний житель Богучанского района решил приобрести трактор для своего хозяйства через популярный сайт объявлений. Определившись с выбором, мужчина позвонил на номер автора объявления, чтобы договориться о покупке и доставке трактора. Продавец предложил перечислить ему 130 тысяч рублей в качестве предоплаты, а затем удалил объявление и перестал отвечать на телефонные звонки.
В полиции сообщили, что возбудили по данному факту уголовное дело по ч. 2 ст. 159 УК РФ за мошенничество. Злоумышленнику может грозить до 5 лет лишения свободы.
В полиции отметили, что уловка мошенника была стандартной и попросили граждан быть бдительными. Не стоит переводить деньги неизвестным людям, а также сообщать кому-либо персональные данные и данные банковских карт.
«Соблюдение элементарных правил безопасности оградит от совершения в отношении вас преступных деяний: пользуйтесь только проверенными интернет-ресурсами, внимательно читайте условия, проверяйте достоверность сведений. Проведите беседы со своими пожилыми родственниками и объясните им, как действовать в подобных ситуациях», — напомнили в пресс-службе.
Вы можете напомнить о методах мошенников своим друзьям и знакомым, нажав кнопку «Поделиться в соцсети»:]]></text>
</doc>
