<?xml version='1.0' encoding='UTF-8'?>
<doc>
  <source><![CDATA[https://newslab.ru/news/903704]]></source>
  <category verify="true" type="str" auto="true"><![CDATA[Новости]]></category>
  <title verify="true" type="str" auto="true"><![CDATA[В июне красноярский Поезд здоровья посетит три сибирских региона]]></title>
  <keywords verify="true" type="list" auto="true">
    <item type="str"><![CDATA[Новости]]></item>
    <item type="str"><![CDATA[Общество]]></item>
    <item type="str"><![CDATA[В Красноярском крае]]></item>
  </keywords>
  <text verify="true" type="str" auto="true"><![CDATA[В июне Поезд здоровья посетит сразу три сибирских региона. Передвижной консультативно-диагностический центр «Доктор Войно -Ясенецкий (Святитель Лука)» посетит Кемеровскую область, Красноярский край и Хакасию. Летняя командировка начнется в Кемеровской области, сообщили в пресс-службе КрасЖД.
13 июня врачи медицинского поезда проведут прием пациентов на станции Кия-Шалтырь, 14 июня на станции Полуторник. Затем передвижная поликлиника оправится на юг Красноярского края. Получить консультации специалистов смогут жители Инголя (15 июня), Дубинино (16-17 июня) и Шарыпово (18, 19 и 20 июня).
Далее передвижная поликлиника продолжит работу в Хакасии, где посетит 5 населенных пунктов. Медицинская бригада Поезда здоровья примет пациентов на станциях Ербинская (21 июня), Сон (22 июня), Шира (23 и 24 июня), Июс (25 июня) и Копьево (26 июня).
Все желающие смогут пройти обследование на высокотехнологичном медицинском оборудовании и получить консультации терапевта, педиатра, невролога, отоларинголога, хирурга, офтальмолога, эндокринолога и других узких специалистов. Медицинская помощь в Поезде здоровья предоставляется бесплатно. При себе необходимо иметь паспорт, свидетельство о рождении (для ребёнка), полис ОМС, выписки из амбулаторной карты, а также результаты ранее пройденных обследований (при наличии). Регистрация пациентов осуществляется с 7:30 до 17:00. Прием специалистов — с 8:00 до 18:00. Перерыв с 13:00 до 14:00.
Уточнить график работы Поезда здоровья, а также получить всю дополнительную информацию можно на сайте Красноярской железной дороги, где открыт специальный раздел для пациентов Передвижного консультативно-диагностического центра «Доктор Войно-Ясенецкий (Святитель Лука)».
Передвижной консультативно-диагностический центр «Доктор Войно-Ясенецкий (Святитель Лука)» — совместный социальный проект ОАО «РЖД» и правительства Красноярского края. С момента запуска в 2007 году Поезд здоровья Красноярской железной дороги совершил более 120 рабочих командировок. Консультации и обследования прошли порядка 200 тысяч пациентов.]]></text>
</doc>
