<?xml version='1.0' encoding='UTF-8'?>
<doc>
  <source><![CDATA[https://newslab.ru/news/902574]]></source>
  <category verify="true" type="str" auto="true"><![CDATA[Новости]]></category>
  <title verify="true" type="str" auto="true"><![CDATA[«Оркестр на траве» впервые пройдет сразу в трех городах Красноярского края]]></title>
  <keywords verify="true" type="list" auto="true">
    <item type="str"><![CDATA[Новости]]></item>
    <item type="str"><![CDATA[Культура]]></item>
    <item type="str"><![CDATA[В Красноярском крае]]></item>
  </keywords>
  <text verify="true" type="str" auto="true"><![CDATA[В июне и августе этого года Красноярская краевая филармония вместе с Сибирским государственным институтом искусств имени Дмитрия Хворостовского проведет VI летний фестиваль симфонической музыки «Оркестр на траве». Посещение всех выступлений будет бесплатным.
Благодаря генеральной поддержке Фонда Михаила Прохорова проект «Оркестр на траве» в этом году расширяет свои границы: концерты фестивального симфонического оркестра под управлением заслуженного деятеля искусств республики Тыва Петра Казимира пройдут в Ачинске, Красноярске и Енисейске. В прежние годы помимо краевого центра только его город-спутник Дивногорск был включён в орбиту музыкального фестиваля под открытым небом.
Ближайшие концерты «Оркестра на траве» состоятся 27 июня в 19:00 в Красноярске на острове Татышеве и 28 июня в 19:00 в парке Троицкий г. Ачинска. Здесь выступит исключительно молодежный состав оркестра, представленный группой стажеров Красноярского академического симфонического оркестра краевой филармонии (художественный руководитель и главный дирижер Владимир Ланде) и музыкантами Симфонического оркестра СГИИ имени Дмитрия Хворостовского под руководством Петра Казимира.
Позже фестиваль переместится на север края и 25 августа в 15:00 на Детском стадионе в г. Енисейске дадут концерт музыканты Красноярского академического симфонического оркестра (дирижирует маэстро Пётр Казимир).
«Во всех городах, где пройдет фестиваль, прозвучит программа „Музыкальные столицы мира“, состоящая из ярких произведений русских и зарубежных композиторов и современных аранжировок классической музыки. Десять столиц и фейерверк музыкальных шедевров! Например, слушая одно из наиболее популярных произведений Моцарта — Симфонию № 40 можно мысленно перенестись в Австрию, а увертюра к опере „Кармен“ Бизе позволит прикоснуться к музыкальной культуре Франции и т. д.», — рассказали организаторы фестиваля.
Напомним, первый фестиваль «Оркестр на траве» Красноярская краевая филармония провела в июле 2011 года. Его концерты посетили более двух с половиной тысяч красноярцев и жителей Дивногорска.]]></text>
</doc>
