<?xml version='1.0' encoding='UTF-8'?>
<doc>
  <source><![CDATA[https://newslab.ru/news/904261]]></source>
  <category verify="true" type="str" auto="true"><![CDATA[Новости]]></category>
  <title verify="true" type="str" auto="true"><![CDATA[Красноярцев спрашивают про отношение к кальянщикам на набережной]]></title>
  <keywords verify="true" type="list" auto="true">
    <item type="str"><![CDATA[Новости]]></item>
    <item type="str"><![CDATA[Общество]]></item>
    <item type="str"><![CDATA[В Красноярском крае]]></item>
  </keywords>
  <text verify="true" type="str" auto="true"><![CDATA[Красноярская мэрия проводит опрос среди горожан о том, как они относятся к курению кальянов на набережной.
Соответствующий пост появился в паблике администрации во «Вконтакте». Красноярцам предлагают выбрать один из двух вариантов:
«Кальянщики расположились в любимом месте отдыха красноярцев — на набережной. Это возмущает многих. От кальянщиков остается большое количество мусора, а в ночное время громкая музыка мешает спать местным жителям. Горожане неоднократно обращались с просьбой повлиять на ситуацию», — добавляет администрация.
Как отмечают в мэрии, служба городовых, администрация Центрального района и полиция продолжат привлекать к административной ответственности продавцов кальянов. При этом с 7 июня статистика по наказаниям почему-то не изменилась — в мэрии по-прежнему приводят цифры: «изъято 4 кальяна, составлено 2 протокола».
Обновлено: Городовые рассказали о первых оштрафованных кальянщиках с красноярской набережной
«Не знаю, как высыпаться»: жительница Дубровинского пожаловалась на сборище кальянщиков под окнами (видео)
Власти Красноярска попросили помощи в борьбе с кальянщиками на набережной Енисея]]></text>
</doc>
