<?xml version='1.0' encoding='UTF-8'?>
<doc>
  <source><![CDATA[https://newslab.ru/news/904103]]></source>
  <category verify="true" type="str" auto="true"><![CDATA[Новости]]></category>
  <title verify="true" type="str" auto="true"><![CDATA[Красноярские следователи и волонтеры тренировались искать «тело пропавшей девочки»]]></title>
  <keywords verify="true" type="list" auto="true">
    <item type="str"><![CDATA[Новости]]></item>
    <item type="str"><![CDATA[Происшествия]]></item>
    <item type="str"><![CDATA[Общество]]></item>
    <item type="str"><![CDATA[В Красноярском крае]]></item>
  </keywords>
  <text verify="true" type="str" auto="true"><![CDATA[Под Красноярском прошли учения по отработке приемов взаимодействия следователей и волонтеров по поиску пропавших без вести несовершеннолетних. В мероприятии участвовали 30 человек: следователи-криминалисты управления криминалистики, следователи отделов города и близлежащих районных отделов, а также волонтеры организации «Поиск пропавших детей — Красноярск» и представители поискового отряда «Лиза Алерт».
11 июня по заранее разработанному сценарию они прибыли на территорию Березовского района к дачным участкам, где предположительно могла находиться «похищенная несовершеннолетняя девочка» или ее «тело». Тренировка прошла на участке пересеченной местности, включающей в себя лесной массив и расположенный рядом водоем.
Учениям предшествовала тщательная подготовительная работа по инсценировке мест происшествия, сокрытию «тела несовершеннолетней», следов и орудий преступления, которые предстояло обнаружить. В учениях задействовали беспилотник и разнообразные современные технико-криминалистические средства для поиска «трупа, следов и орудий преступления».
«Для обустройства штаба поисковых мероприятий следователи-криминалисты развернули пневмомодуль и установили световую башню. Участникам озвучили сценарии учения, провели учебное занятие по методике и тактике проведения поисковых мероприятий применительно к розыску несовершеннолетних, а также инструктаж об алгоритме действий сотрудников и волонтеров, мерах предосторожности при обнаружении и изъятии объектов, относящихся к преступлению. Следователям и волонтерам продемонстрировали приемы работы с GPS-навигаторами в ходе поиска и нанесение полученных координат на карту. Представители волонтерских организаций поделились своим опытом проведения поисковых мероприятий при оказании содействия правоохранительным органам», — рассказали в ГСУ.
«Организованные совместные учения позволили проверить подготовленность участников к планомерной и результативной работе, в том числе с использованием современных поисковых средств на практике; наладить должное взаимодействие в осуществлении поисковых мероприятий в приближенных к реальной действительности условиях. По мнению представителей всех ведомств, проведенные практические занятия оказались полезными и продуктивными», — подытожили в управлении.]]></text>
</doc>
