<?xml version='1.0' encoding='UTF-8'?>
<doc>
  <source><![CDATA[https://newslab.ru/news/904584]]></source>
  <category verify="true" type="str" auto="true"><![CDATA[Новости]]></category>
  <title verify="true" type="str" auto="true"><![CDATA[Над Красноярском начинает скапливаться грязный воздух]]></title>
  <keywords verify="true" type="list" auto="true">
    <item type="str"><![CDATA[Новости]]></item>
    <item type="str"><![CDATA[Общество]]></item>
    <item type="str"><![CDATA[В Красноярском крае]]></item>
  </keywords>
  <text verify="true" type="str" auto="true"><![CDATA[Воздух над Красноярском постепенно становится грязным. Пока уровень загрязнения небольшой, во всех районах города датчики, установленные экологическими общественниками, фиксируют от 15 до 28 мкг/м3, что соответствует желтой зоне.
Загрязнение может быть спровоцировано жаркой безветренной погодой, до этого в городе несколько дней был ветер, и воздух оставался чистым.
В ближайшее время загрязнение может усилиться. Синоптики Среднесибирского УГМС прогнозируют в городе жаркую погоду, температура воздуха составит около 30 °C, при этом ветра почти не будет — 2-7 м/с. Жара и безветрие могут способствовать накоплению грязных веществ в воздухе.
При этом синоптики сообщили о высокой пожарной опасности на территории края. Лесные пожары также могут ухудшить показатели по загрязненности воздуха.
О нарушениях природоохранного законодательства и грязном воздухе жители могут сообщить по круглосуточному телефону горячей линии минэкологии +7 (391) 21-21-706.]]></text>
</doc>
