<?xml version='1.0' encoding='UTF-8'?>
<doc>
  <source><![CDATA[https://newslab.ru/news/902568]]></source>
  <category verify="true" type="str" auto="true"><![CDATA[Новости]]></category>
  <title verify="true" type="str" auto="true"><![CDATA[На поддержку красноярских фермеров и развитие сельской кооперации в крае потратят почти 130 млн рублей]]></title>
  <keywords verify="true" type="list" auto="true">
    <item type="str"><![CDATA[Новости]]></item>
    <item type="str"><![CDATA[Экономика]]></item>
    <item type="str"><![CDATA[В Красноярском крае]]></item>
  </keywords>
  <text verify="true" type="str" auto="true"><![CDATA[С 2019 по 2021 годы на поддержку фермеров и на развитие сельской кооперации в Красноярском крае из федерального и краевого бюджетов направят 129,5 млн рублей. Из низ 123 млн — федеральные деньги, 6,5 млн — краевые, сообщили в пресс-службе министерства сельского хозяйства и торговли региона.
Средства предусмотрены в рамках региональной программы федерального проекта «Создание системы поддержки фермеров и развитие сельской кооперации». Он входит в состав национального проекта «Малое и среднее предпринимательство и поддержка индивидуальной предпринимательской инициативы». Реализуя региональный проект, министерство сельского хозяйства и торговли края примет участие во всех мероприятиях федерального проекта.
К концу 2019 году в Красноярском крае планируют достичь определенных показателей. Так, количество вовлеченных в малое и среднее предпринимательство составит 54 человека. Из них 11 человек — представители сельскохозяйственных потребительских кооперативов, 28 человек — трудоустроенные на новые постоянные рабочие места в сельской местности. Еще 14 человек — главы крестьянских (фермерских) хозяйств, получившие грант «Агростартап» в размере до 4 млн рублей на создание КФХ. Также средства господдержки получит один кооператив.
По словам заместителя министра сельского хозяйства и торговли края Оксаны Дивногорцевой, участие региона в мероприятиях федерального проекта способствует увеличению объема производства сельхозпродукции, повышению уровня занятости сельского населения, росту его доходов, привлечению на село молодежи, увеличению налоговых отчислений в бюджеты разных уровней.
Замминистра также отметила, что главы КФХ рано или поздно сталкиваются с проблемой реализации произведенной сельхозпродукции. «Развитие сельскохозяйственной потребительской кооперации обеспечит представителям малых форм хозяйствования гарантированный сбыт их продукции, за счет чего увеличится ее конкурентоспособность на рынке края и за его пределами», — подчеркнула Оксана Дивногорцева.]]></text>
</doc>
