<?xml version='1.0' encoding='UTF-8'?>
<doc>
  <source><![CDATA[https://newslab.ru/news/903548]]></source>
  <category verify="true" type="str" auto="true"><![CDATA[Новости]]></category>
  <title verify="true" type="str" auto="true"><![CDATA[Впервые за долгое время синоптики порадовали красноярцев прогнозом очищения воздуха]]></title>
  <keywords verify="true" type="list" auto="true">
    <item type="str"><![CDATA[Новости]]></item>
    <item type="str"><![CDATA[Общество]]></item>
    <item type="str"><![CDATA[В Красноярском крае]]></item>
  </keywords>
  <text verify="true" type="str" auto="true"><![CDATA[В ближайшие сутки впервые за долгое время в воздухе Красноярска не будут скапливаться вредные примеси. Об этом сообщили специалисты Среднесибирского УГМС.
«В соответствии с прогнозируемыми метеорологическими условиями и синоптической ситуацией, ожидаются условия, способствующие рассеиванию загрязняющих веществ в атмосферном воздухе», — говорится в сообщении УГМС.
11 июня в краевой столице ожидается переменная облачность и небольшой дождь. Западный ветер будет дуть со скоростью 3-8 м/с, возможны порывы до 14 м/с. Температура воздуха ночью составит 12, 14 °C, днем — 21, 23 °C.
Напомним, ежедневно с начала июня в Красноярске складывались неблагоприятные для рассеивания вредных примесей метеоусловия. Хуже всего экологическая ситуация была в конце прошлой недели. Так, с 7 по 9 июня в Свердловском, Кировском и Ленинском районах зафиксировали слишком много формальдегида, в центре города — взвешенных веществ, а в Октябрьском районе — гидрофторида.]]></text>
</doc>
