<?xml version='1.0' encoding='UTF-8'?>
<doc>
  <source><![CDATA[https://newslab.ru/news/902609]]></source>
  <category verify="true" type="str" auto="true"><![CDATA[Новости]]></category>
  <title verify="true" type="str" auto="true"><![CDATA[Красноярская полиция агитирует за установку решеток на первых этажах жилых домов]]></title>
  <keywords verify="true" type="list" auto="true">
    <item type="str"><![CDATA[Новости]]></item>
    <item type="str"><![CDATA[Происшествия]]></item>
    <item type="str"><![CDATA[В Красноярском крае]]></item>
  </keywords>
  <text verify="true" type="str" auto="true"><![CDATA[Красноярские полицейские перед сезоном летних отпусков решили напомнить красноярцам о том, как обезопасить квартиры на время своего отсутствия в городе.
По мнению специалистов краевой полиции, квартирные кражи чаще всего происходят в будние дни в дневное время, когда в домах очень мало людей. Летом количество краж увеличивается, так как многие красноярцы на время жары покидают город. Полицейские считают, что избежать проникновения чужих людей в дом можно, если соблюдать несколько правил.
Вы можете напомнить об этих правилах друзьям, нажав кнопку «Поделиться в соцсети»:]]></text>
</doc>
