<?xml version='1.0' encoding='UTF-8'?>
<doc>
  <source><![CDATA[https://newslab.ru/news/904433]]></source>
  <category verify="true" type="str" auto="true"><![CDATA[Новости]]></category>
  <title verify="true" type="str" auto="true"><![CDATA[В центре Красноярска из-за лужи водитель протаранил дом и 3 машины]]></title>
  <keywords verify="true" type="list" auto="true">
    <item type="str"><![CDATA[Новости]]></item>
    <item type="str"><![CDATA[Происшествия]]></item>
    <item type="str"><![CDATA[В Красноярском крае]]></item>
  </keywords>
  <text verify="true" type="str" auto="true"><![CDATA[Обновлено: Появилось видео ДТП, при котором водитель заехал в лужу, врезался в дом и разбил еще 3 машины
На улице Ленина в Красноярске произошло ДТП с участием четырех иномарок. Все случилось днем 15 июня возле дома № 143 (район остановки «Агропром»).
Аварию спровоцировал водитель автомобиля Subaru. С его слов, он заехал в лужу, которую видел, и «поймал аквапланирование» — полная или частичная потеря сцепления колес с дорогой, при которой автомобиль становится практически неуправляемым. После иномарка врезалась в дом и отлетела в еще три стоящих авто: Toyota, Skoda и Daewoo.
Ленина 143 субару поймал аквапланирование, врезается в дом и отлетает в тойоту, тойота в Шкоду, шкода в дэо. Застрахована только тойота.
Публикация от ЧП Красноярск (@kras.chp) 15 Июн 2019 в 1:39 PDT
В ГИБДД Newslab рассказали, что люди в этом ДТП не пострадали.]]></text>
</doc>
