<?xml version='1.0' encoding='UTF-8'?>
<doc>
  <source><![CDATA[https://newslab.ru/news/903653]]></source>
  <category verify="true" type="str" auto="true"><![CDATA[Новости]]></category>
  <title verify="true" type="str" auto="true"><![CDATA[Спортсмен Вик Уайлд может вернуться в США из-за конфликта с медиками]]></title>
  <keywords verify="true" type="list" auto="true">
    <item type="str"><![CDATA[Новости]]></item>
    <item type="str"><![CDATA[Спорт]]></item>
    <item type="str"><![CDATA[В России]]></item>
    <item type="str"><![CDATA[В Красноярском крае]]></item>
  </keywords>
  <text verify="true" type="str" auto="true"><![CDATA[Российский спортсмен американского происхождения, представитель сборной Красноярского края по сноуборду Вик Уайлд рассказал о возможном возвращении в США. Об этом он написал на своей странице в инстаграме.
Причиной стало отсутствие допуска от ФМБА.
«Безумная мысль о том, что если я и министерство спорта не придем к решению, то эта неделя станет моей последней в качестве российского атлета. Чтобы быть ясным: ФМБА считает меня непригодным для спорта. Пока мой австрийский врач заявляет, что я здоров и могу заниматься спортом. Что будет дальше — я не уверен, но я не готов расстаться со сноубордом и у меня все еще есть паспорт США. Я больше не позволю этим бессильным дуракам из ФМБА иметь право голоса в моей карьере», — пишет Вик Уайлд.
Crazy to think that if myself and the Ministry of Sport cannot come to a resolution, this week will be my last as a Russian athlete. I will be clear, the ФМБА (Federal Medical and Biological Agency) has deemed me unfit for sport. While my Austrian doctors claim that I am healthy and cleared for sport. What’s next I’m not sure but I am not ready to give up snowboarding and I still have a US passport. 🤔 I won’t allow these impotent fools at FMBA to have a say in my career any longer ✊🏼
Публикация от Vic Wild (@vicwild) 10 Июн 2019 в 4:47 PDT
Как сообщает ТАСС, у Уайлда есть временный допуск, с ним он сможет поехать на сборы.
«Мы находимся на связи с Виком. ФМБА выдало ему временный допуск, он может принять участие в ближайшем сборе. При этом ему необходимо решить свои проблемы со здоровьем. Знаю, что он прошел обследование в Австрии, здесь нет никаких проблем, просто необходимо все состыковать», — цитирует ТАСС президента Федерации сноуборда России (ФСР) Дениса Тихомирова.
Напомним, до сезона 2010-2011 Вик Уайлд выступал за США. После этого он женился на российской спортсмене Алёне Заварзиной и получил российское гражданство. На Олимпиаде в Сочи в 2014 году Уайлд завоевал две золотых медали и стал первым в истории представителем России, завоевавших золотую медаль в сноуборде.]]></text>
</doc>
