<?xml version='1.0' encoding='UTF-8'?>
<doc>
  <source><![CDATA[https://newslab.ru/news/904720]]></source>
  <category verify="true" type="str" auto="true"><![CDATA[Новости]]></category>
  <title verify="true" type="str" auto="true"><![CDATA[Красноярским паломникам напомнили о прививках и об опасности общения с верблюдами]]></title>
  <keywords verify="true" type="list" auto="true">
    <item type="str"><![CDATA[Новости]]></item>
    <item type="str"><![CDATA[Общество]]></item>
    <item type="str"><![CDATA[В Красноярском крае]]></item>
  </keywords>
  <text verify="true" type="str" auto="true"><![CDATA[Красноярским паломникам напомнили о правилах безопасности в Саудовской Аравии во время хаджа. Информацию разместили на официальном сайте управления Роспотребнадзора по Красноярскому краю.
В 2019 году выезд паломников на хадж в Королевство Саудовская Аравия запланирован на вторую половину июля. Сколько мусульман планируют поездку в этом году, неизвестно, но в прошлом году хадж совершили 42 жителя Красноярского края. Тем людям, которые хотят принять в нем участие, уже сейчас нужно позаботиться о получении необходимых прививок.
«С учетом требований министерства здравоохранения Саудовской Аравии все прибывающие на хадж паломники должны иметь действующие международные сертификаты о вакцинации с отметкой о проведении иммунизации против менингококковой инфекции четырехкомпонентной вакциной. Вакцинация должна быть проведена в сроки не менее чем за 10 дней и не более чем за 3 года до прибытия с указанием даты иммунизации и серии вакцины», — пояснили в Роспотребнадзоре.
В Красноярске сделать такую прививку можно в краевом центре по профилактике и борьбе со СПИДом (ул. Карла Маркса, 47). Уточнить наличие вакцины и график работы центра можно по телефону (391) 226-84-10.
Также в Роспотребнадзоре напомнили о правилах личной профилактики заболеваний. Паломникам советуют:]]></text>
</doc>
