<?xml version='1.0' encoding='UTF-8'?>
<doc>
  <source><![CDATA[https://newslab.ru/news/904397]]></source>
  <category verify="true" type="str" auto="true"><![CDATA[Новости]]></category>
  <title verify="true" type="str" auto="true"><![CDATA[В Красноярском крае злостного водителя-пьяницу наконец лишили свободы. Суд назначил строгий режим заключения]]></title>
  <keywords verify="true" type="list" auto="true">
    <item type="str"><![CDATA[Новости]]></item>
    <item type="str"><![CDATA[Происшествия]]></item>
    <item type="str"><![CDATA[В Красноярском крае]]></item>
  </keywords>
  <text verify="true" type="str" auto="true"><![CDATA[Жителя Большемуртинского района Красноярского края, которого ранее несколько раз лишали прав за пьяную езду, отправили колонию на 8 месяцев. По данным прокуратуры, такое наказание он получил после того, как в четвертый раз попался пьяным за рулем.
Первый раз его привлекли к ответственности в апреле 2014 года. Тогда его подвергли административному наказанию по ч. 1 ст. 12.26 КоАП РФ и назначили штраф в 30 тысяч рублей и на 1,5 года лишили прав. В июне того же года мужчину еще дважды наказали за пьяное вождение (еще 60 тысяч штрафа и лишение прав на тот же срок). Но его это не остановило.
«В феврале 2019 года в поселке Большая Мурта он вновь сел за руль в алкогольном опьянении, за что его и задержали сотрудники полиции. Большемуртинский районный суд признал безответственного водителя виновным и назначил наказание в виде лишения свободы сроком на 8 месяцев с отбыванием в исправительной колонии строгого режима. В качестве дополнительного наказания суд лишил его прав еще на 2 года и 6 месяцев», — говорится в сообщении надзорного ведомства.]]></text>
</doc>
