<?xml version='1.0' encoding='UTF-8'?>
<doc>
  <source><![CDATA[https://newslab.ru/news/903005]]></source>
  <category verify="true" type="str" auto="true"><![CDATA[Новости]]></category>
  <title verify="true" type="str" auto="true"><![CDATA[Автобусы до аэропорта Красноярска начали ходить по новому расписанию]]></title>
  <keywords verify="true" type="list" auto="true">
    <item type="str"><![CDATA[Новости]]></item>
    <item type="str"><![CDATA[Общество]]></item>
    <item type="str"><![CDATA[В Красноярском крае]]></item>
  </keywords>
  <text verify="true" type="str" auto="true"><![CDATA[Круглосуточные автобусные маршруты до аэропорта Красноярска поменяли интервалы хода. Речь идёт о прямых автобусах пригородного направления № 202 и № 203.
Ранее в пресс-службе аэропорта сообщали, что маршрутки будут двигаться каждый час как со стороны междугороднего автовокзала Красноярска к аэропорту, так и в обратном направлении. Сегодня, 7 июня, компания опубликовала актуальное расписание с интервалами отправления автобусов от одного до трёх часов. Стоимость проезда в автобуса не изменилась.
Билет в автобус № 202 стоит 88,60 рублей, проезд в автобусе № 203 обойдётся в 82,30 рублей. Провоз багажа в обоих маршрутках стоит 25 рублей.
Ранее оба автобуса возили пассажиров только до 9 часов вечера, в конце марта перевозки перевели на круглосуточный режим.
Расписание движения автобусов по маршрутам можно узнать по телефону справочно-информационной службы министерства транспорта края 8-800-775-75-24, на сайте.
Предыстория: Автобусы до красноярского аэропорта решили сделать круглосуточными
Вы можете рассказать об этом друзьям и близким, нажав кнопку «Поделиться в соцсетях»:]]></text>
</doc>
