<?xml version='1.0' encoding='UTF-8'?>
<doc>
  <source><![CDATA[https://newslab.ru/news/902956]]></source>
  <category verify="true" type="str" auto="true"><![CDATA[Новости]]></category>
  <title verify="true" type="str" auto="true"><![CDATA[В Красноярске на глазах у полицейских по пешеходному мосту проехал Lexus (видео)]]></title>
  <keywords verify="true" type="list" auto="true">
    <item type="str"><![CDATA[Новости]]></item>
    <item type="str"><![CDATA[Происшествия]]></item>
    <item type="str"><![CDATA[В Красноярском крае]]></item>
  </keywords>
  <text verify="true" type="str" auto="true"><![CDATA[Обновлено: Запрет велосипедов на мосту до Татышева разозлил красноярцев: создали петицию
Красноярцы возмутились бездействием полицейских, которые «не заметили» выехавший на пешеходный вантовый мост автомобиль Lexus. Видеороликом они поделились в социальных сетях.
На записи видно, что черный автомобиль Lexus медленно выезжает на вантовый мост в Красноярске с включенной аварийной сигнализацией. Прямо перед переправой находятся двое полицейских, но они не препятствуют нарушителю, а уступают ему дорогу.
В пресс-службе ГИБДД сообщили, что факт нарушения они зафиксировали. Сейчас полицейские ищут водителя иномарки, чтобы получить его объяснения. Ему может грозить наказание по ч. 2 ст. 12.15 КоАП РФ (движение по пешеходным или велосипедным дорожкам). Максимальный штраф по ней составляет 2 тысячи рублей.
После окончания проверки в отношении водителя, в полиции дадут оценку действиям коллег.
Напомним, накануне в мэрии Красноярска сообщили, что вантовый мост стал полностью пешеходной зоной. Велосипедистам теперь нужно спешиваться перед переправой и идти пешком до острова Татышев.
Продолжение: Полицейские оштрафовали молодого водителя Lexus за катание по вантовому мосту
Предыстория: На красноярском вантовом мосту появились новые знаки и разметка. Теперь по нему нельзя ездить на велосипеде]]></text>
</doc>
