<?xml version='1.0' encoding='UTF-8'?>
<doc>
  <source><![CDATA[https://newslab.ru/news/904020]]></source>
  <category verify="true" type="str" auto="true"><![CDATA[Новости]]></category>
  <title verify="true" type="str" auto="true"><![CDATA[На Воронова на ходу сгорела иномарка (видео)]]></title>
  <keywords verify="true" type="list" auto="true">
    <item type="str"><![CDATA[Новости]]></item>
    <item type="str"><![CDATA[Происшествия]]></item>
    <item type="str"><![CDATA[В Красноярском крае]]></item>
  </keywords>
  <text verify="true" type="str" auto="true"><![CDATA[В Красноярске на улице Воронова во время движения загорелся легковой автомобиль. Все произошло накануне, 12 июня.
Видео с место происшествия появилось в соцсетях. Судя по нему, автомобиль загорелся очень быстро, потушить самостоятельно его не удалось. Во время пожара в иномарке находились несколько человек. по предварительным данным, никто из них не пострадал.
По словам очевидцев, пожарные приехали в течение 5 минут, однако иномарка повреждена очень сильно. Восстановить ее вряд ли получится. Причины возгорания пока неизвестны.
В соцсетях пользователи поспорили о том, нужно ли помогать в таких случаях. Некоторые горожане уверены, что нужно останавливаться и пытаться тушить пожар самостоятельно, а не снимать все на видео. Другие выразили мнение, что возгорание такой силы могут потушить только пожарные.
«Смысл уже, когда все разгорелось? Где столько огнетушителей взять? Почти все машины просто так стояли и смотрели. У водителя был огнетушитель, не помог. Я своим тоже мало что сделал. Ребята на микроавтобусе потом помогали», — писали очевидцы.]]></text>
</doc>
