<?xml version='1.0' encoding='UTF-8'?>
<doc>
  <source><![CDATA[https://newslab.ru/news/904297]]></source>
  <category verify="true" type="str" auto="true"><![CDATA[Новости]]></category>
  <title verify="true" type="str" auto="true"><![CDATA[Красноярский край оказался в тройке лидеров по доступности биометрии для клиентов банков]]></title>
  <keywords verify="true" type="list" auto="true">
    <item type="str"><![CDATA[Новости]]></item>
    <item type="str"><![CDATA[Экономика]]></item>
    <item type="str"><![CDATA[В России]]></item>
    <item type="str"><![CDATA[В Сибири]]></item>
  </keywords>
  <text verify="true" type="str" auto="true"><![CDATA[Красноярский край оказался на третьем месте в Сибири по количеству банков, где клиенты могут пройти первичную биометрическую идентификацию, сообщили в Сибирском управлении Банка России. Это позволяет обычным людям открывать вклады, брать кредиты и переводить деньги удаленно. Всего в Сибири к системе присоединился уже 151 банк.
В Красноярском крае действует 94 банковских офиса, где можно зарегистрировать изображение лица и запись голоса в Единой биометрической системе, чтобы в дальнейшем получать услуги дистанционно в любом банке. Среди других сибирских регионов обогнали Красноярский край только Алтайский край со 120 офисами и Новосибирская область. Там подобную услугу предлагают 96 банковских офисов.
«Часть отношений с клиентами кредитные организации переведут в виртуальную сферу. Что это означает для жителей края? Единожды пройдя процедуру идентификации, оставив свои биометрические данные — изображение лица, звучание голоса — люди смогут стать клиентами российских банков, входящих в систему, и получать такие услуги как открытие вкладов, переводы денег, получение кредитов дистанционно. Для Красноярского края с его огромной территорией и населенными пунктами, расположенными зачастую за сотни и тысячи километров от крупных городов, такая возможность банковского обслуживания решит многие вопросы доступности финансовых услуг. Очевидно, что проще таким образом станет общаться с банками людям с ограниченными возможностями и пожилым, для которых каждый поход в учреждение сервиса требует дополнительных усилий. При этом никто не собирается отменять очное персональное обслуживание в банковских офисах. Открыть счет или взять кредит с помощью удаленной идентификации можно будет исключительно по добровольному желанию и бесплатно. Уверен, нововведение наверняка оценят не только жители удаленных регионов, пенсионеры, но и молодежь, любители технологических новинок, активные пользователи интернета», — прокомментировал заместитель управляющего Красноярского отделения Банка России Игорь Ефанов.
В дальнейшем механизм удаленной идентификации будет распространен на иные банковские и финансовые услуги, а также на госуслуги, медицину и другие.]]></text>
</doc>
