<?xml version='1.0' encoding='UTF-8'?>
<doc>
  <source><![CDATA[https://newslab.ru/news/903462]]></source>
  <category verify="true" type="str" auto="true"><![CDATA[Новости]]></category>
  <title verify="true" type="str" auto="true"><![CDATA[Турист сломал ногу на одной из самых опасных скал красноярских «Столбов»]]></title>
  <keywords verify="true" type="list" auto="true">
    <item type="str"><![CDATA[Новости]]></item>
    <item type="str"><![CDATA[Происшествия]]></item>
    <item type="str"><![CDATA[В Красноярском крае]]></item>
  </keywords>
  <text verify="true" type="str" auto="true"><![CDATA[В воскресенье на «Столбах» спасатели дважды оказывали помощь туристам с травмами ноги. Одного из отдыхающих пришлось спускать на носилках с одной из самых опасных скал заповедника. Информация об этом появилась в ежедневной сводке краевого учреждения «Спасатель».
Днем на постоянный пост спасателей поступило сообщение, что на Втором столбе находится турист с травмой ноги. Самостоятельно спуститься он не мог, поэтому его товарищи решили попросить помощи. Мужчину пришлось уложить на носилки и при помощи альпинистского снаряжения спустить вниз. Затем спасатели донесли туриста до машины и отвезли его к врачам скорой помощи, которые ждали при въезде в заповедник.
Второй случай травмирования был не очень серьезным. Мужчина сам сумел добраться до поста спасателей и попросить, чтобы они вызвали врачей. Его также на машине спасателей доставили до улицы Свердловская и отправили на «скорой» в травмпункт.]]></text>
</doc>
