<?xml version='1.0' encoding='UTF-8'?>
<doc>
  <source><![CDATA[https://newslab.ru/news/902757]]></source>
  <category verify="true" type="str" auto="true"><![CDATA[Новости]]></category>
  <title verify="true" type="str" auto="true"><![CDATA[В Удачном подсветили Успенский монастырь]]></title>
  <keywords verify="true" type="list" auto="true">
    <item type="str"><![CDATA[Новости]]></item>
    <item type="str"><![CDATA[Общество]]></item>
    <item type="str"><![CDATA[В Красноярском крае]]></item>
  </keywords>
  <text verify="true" type="str" auto="true"><![CDATA[Красноярский Успенский мужской монастырь в Удачном украсили подсветкой. Об этом сообщили в епархии.
Декоративную подсветку установили по стенам монастыря и вдоль забора. Гореть она будет ежедневно вечером и ночью.
«Как сообщил пресс-службе наместник красноярского Успенского мужского монастыря игумен Иннокентий (Нилов), подсветка установлена благодаря поддержке меценатов и благотворителей святой обители», — прокомментировали в епархии.
В ближайшее время набережную перед монастырем ждет обновление. В начале года объявлялся конкурс на создание архитектурных проектов — по планам здесь появится сцена, причал, новые беседки и газоны. Сейчас на территории ведутся работы. Кроме того, отреставрируют летнюю резиденцию архиерея (Красноярск, улица Лесников, 51). До конца года подрядчик приведет в порядок сам дом внутри и снаружи, а также благоустроит территорию.
Предыстория: В Красноярске продлили конкурс проектов по благоустройству набережной на Удачном]]></text>
</doc>
