<?xml version='1.0' encoding='UTF-8'?>
<doc>
  <source><![CDATA[https://newslab.ru/news/904064]]></source>
  <category verify="true" type="str" auto="true"><![CDATA[Новости]]></category>
  <title verify="true" type="str" auto="true"><![CDATA[Бизнесмен из КНР предложил минусинскому фсбшнику 1,5 млн взятки и пойдет под суд (видео)]]></title>
  <keywords verify="true" type="list" auto="true">
    <item type="str"><![CDATA[Новости]]></item>
    <item type="str"><![CDATA[Происшествия]]></item>
    <item type="str"><![CDATA[В Красноярском крае]]></item>
  </keywords>
  <text verify="true" type="str" auto="true"><![CDATA[В Минусинске Красноярского края будут судить гражданина КНР по обвинению в попытке подкупить сотрудника ФСБ.
Все произошло год назад. Силовики остановили незаконное привлечение мигрантов к работе на предприятии по лесозаготовке и дальнейшей переработке древесины. Владельцами этой компании были три выходца из Восточной Азии. Чтобы не лишиться работников, которые незаконно находились на территории России, предприниматели несколько раз пытались подкупить представителей правоохранительных органов. Когда об этом стало известно сотрудникам ФСБ, они взяли ситуацию на контроль. Один из совладельцев компании встретился с сотрудником ФСБ на парковке торгового комплекса в Минусинске и предложил силовику не проводить мероприятия по выявлению нелегальных мигрантов, работающих на лесоперерабатывающих предприятиях. А в качестве благодарности пообещал ему 1,5 млн рублей.
«О данном факте сотрудник ФСБ сообщил рапортом начальнику УФСБ России по Красноярскому краю. В дальнейшем обвиняемый путем передачи банковских карт и перечисления на них денег в период с июня по август передал сотруднику ФСБ взятку в размере 300 тыс. рублей, после чего уроженец КНР был задержан. В настоящее время уголовное дело с утвержденным обвинительным заключением направлено в Минусинский городской суд для рассмотрения по существу», — рассказали 13 июня в ГСУ СК по краю.
По ч. 5 ст. 291 УК РФ (дача взятки в особо крупном размере) мужчине может грозить штраф в размере от 2 до 4 млн рублей, либо лишение свободы на срок от 8 до 15 лет. Других фигурантов этого дела наказали материально.
Предыстория: Азиатские бизнесмены отделались штрафом вместо лишения свободы за подкуп силовиков в Красноярском крае]]></text>
</doc>
