<?xml version='1.0' encoding='UTF-8'?>
<doc>
  <source><![CDATA[https://newslab.ru/news/904429]]></source>
  <category verify="true" type="str" auto="true"><![CDATA[Новости]]></category>
  <title verify="true" type="str" auto="true"><![CDATA[Красноярцам рассказали, что есть и пить в жару]]></title>
  <keywords verify="true" type="list" auto="true">
    <item type="str"><![CDATA[Новости]]></item>
    <item type="str"><![CDATA[Общество]]></item>
    <item type="str"><![CDATA[В Красноярском крае]]></item>
  </keywords>
  <text verify="true" type="str" auto="true"><![CDATA[В связи с установившейся в городе 30-градусной жарой региональное Управление Роспотребнадзора решило напомнить жителям о правилах профилактики перегрева организма.
Специалисты напомнили, что жаркая погода оказывает негативное влияние на состояние здоровья людей всех возрастов. Но особенно страдают люди с хроническими заболеваниями сердечно-сосудистой системы, пожилые и дети. Летом люди чаще обращаются за медицинской помощью, увеличивается количество больных с повышенным артериальным давлением, острым нарушением мозгового кровообращения и инфарктом миокарда.
Чтобы защититься от жары и избежать неблагоприятных последствий, жителям рекомендуют соблюдать ряд простых правил:]]></text>
</doc>
