<?xml version='1.0' encoding='UTF-8'?>
<doc>
  <source><![CDATA[https://newslab.ru/news/904293]]></source>
  <category verify="true" type="str" auto="true"><![CDATA[Новости]]></category>
  <title verify="true" type="str" auto="true"><![CDATA[В Ужурском районе «корова-героиня» родила троих здоровых телят]]></title>
  <keywords verify="true" type="list" auto="true">
    <item type="str"><![CDATA[Новости]]></item>
    <item type="str"><![CDATA[Общество]]></item>
    <item type="str"><![CDATA[В Красноярском крае]]></item>
  </keywords>
  <text verify="true" type="str" auto="true"><![CDATA[В Ужурском районе Красноярского края на сельхозпредприятии «Солгон» четырехлетняя корова по кличке Солдатка принесла тройню: бычка весом 27 килограммов и двух телочек по 23 килограмма каждая. Для коров рождение тройни — редкость, сообщили в пресс-службе министерства сельского хозяйства и торговли Красноярского края.
«Малыши и буренка чувствуют себя хорошо, — сообщил главный зоотехник-селекционер „Солгона“ Андрей Пеллинен, — Для получения потомства мы использовали семя быка-производителя красно-пестрой голштинской породы, приобретенного в ОАО „Красноярскагроплем“».
По словам начальника отдела развития животноводства и племенных ресурсов министерства сельского хозяйства и торговли края Леонида Богданова, двойни у коров встречаются часто: от 2 до 7 % случаев.
«Тройня же — редкость, особенно если потомство выживает. Такие телята рождаются в 0,03 % случаев. В последний раз „корову-героиню“ на сельхозпредприятии „Солгон“ фиксировали в 2018 году, а в 2013 году местная буренка принесла сразу четырех телят. Однако в обеих ситуациях не все они выжили», — рассказал Леонид Богданов.]]></text>
</doc>
