<?xml version='1.0' encoding='UTF-8'?>
<doc>
  <source><![CDATA[https://newslab.ru/news/903047]]></source>
  <category verify="true" type="str" auto="true"><![CDATA[Новости]]></category>
  <title verify="true" type="str" auto="true"><![CDATA[На берегу красноярской Качи поработал экологический десант]]></title>
  <keywords verify="true" type="list" auto="true">
    <item type="str"><![CDATA[Новости]]></item>
    <item type="str"><![CDATA[Общество]]></item>
    <item type="str"><![CDATA[В Красноярском крае]]></item>
  </keywords>
  <text verify="true" type="str" auto="true"><![CDATA[Сегодня на берегу Качи под Красноярском прошла масштабная уборка. Более 30 добровольцев навели порядок вдоль реки, где больше всего любят отдыхать местные жители.
Речь идёт об участке прибрежной зоны Качи длиной в 450 метров, который находится в Емельяново. Там развернулась настоящая «спасательная операция». Площадь в один квадратный километр полтора часа вычищали сотрудники министерства экологии и рационального природопользования. А технику для вывоза мусора предоставил левобережный региональный оператор.
«Сотрудники министерства обратились к нам, как говорится, не в службу, а в дружбу. Они приняли решение выйти на своеобразную санитарную пятницу, позвонили и попросили помочь с вывозом собранных отходов. Мы, безусловно, поддержали — предоставили мусоровоз, всё собранное отправится на лицензированный полигон, — рассказал исполнительный директор «Красноярской рециклинговой компании» Игорь Ким.
Место под субботник выбрали не случайно. Местные жители часто жаловались в минэкологии края на несанкционированную свалку мусора на берегу реки. Отдыхающие бросают там бутылки, пластик, тряпки, лом. Вся территория была завалена отходами.
«Это как раз тот случай, когда мы здесь не с контрольно-надзорной деятельностью. Территория общая, поэтому вместо того, чтобы искать, кто прав, кто виноват, просто выехали дружно на субботник, чтобы показать личным примером, что нужно беречь природу. И, конечно, призываем всех обязательно вывозить после отдыха за собой свой мусор и выкидывать его в специально отведенные для этого места», — рассказывает Елена Орабинская, заместитель начальника отдела минэкологии Красноярского края.
За полтора часа сотрудники министерства экологии собрали 5 тонн отходов, а левобережный региональный оператор вывез их на лицензированный полигон.]]></text>
</doc>
