<?xml version='1.0' encoding='UTF-8'?>
<doc>
  <source><![CDATA[https://newslab.ru/news/902733]]></source>
  <category verify="true" type="str" auto="true"><![CDATA[Новости]]></category>
  <title verify="true" type="str" auto="true"><![CDATA[Сложный выбор мутантов, вечер Пушкина и зумба: четверг в Красноярске]]></title>
  <keywords verify="true" type="list" auto="true">
    <item type="str"><![CDATA[Новости]]></item>
    <item type="str"><![CDATA[Общество]]></item>
    <item type="str"><![CDATA[В Красноярском крае]]></item>
  </keywords>
  <text verify="true" type="str" auto="true"><![CDATA[В четверг, 6 июня, синоптики обещают солнечную погоду без осадков. С утра столбики уличных термометров остановятся на уровне в +24...27 °C. Ветер будет умеренным восточным до 2,2 м/c.
Newslab подготовил вам подборку мероприятий, которые можно посетить в этот четверг:
В кинотеатрах Красноярска покажут фантастический фильм «Люди Икс: Тёмный феникс». Джин Грей обретает невероятные суперспособности, которые меняют её и превращают в Темного Феникса. Людям Икс придется решить, что важнее для них: жизнь друга и члена команды или всех людей в мире. Билеты в кассах кинотеатров.
В Культурном пространстве «Каменка» проводят мастер-классы по керамической лепке. Для тех, кто давно хотел попробовать что-нибудь новое. На занятие можно прийти одному или группой, предварительно необходимо записаться у мастера.
Расписание:
В 21:00 в The MODS bar (улица Авиаторов, 19) пройдёт певческое соревнование в караоке. Главный приз — 30 000 рублей. Чтобы стать участником, нужно собрать себе команду и связаться с администратором по телефону: 215-30-70.
В 19:00 в Центральном парке (Карла Маркса, 151) соберутся чтецы, чтобы почитать стихи у памятника Пушкину в день рождения поэта. Можно будет прочитать как произведения любимых поэтов, так и свои. Участие бесплатное, но нужно зарегистрироваться.
Как найти место: справа от центральной аллеи, вторая дорожка направо от главного входа в Центральный парк.
В 20:00 в парке «Троя» (улица Баумана, 18) возле главной сцены пройдут бесплатные тренировки под открытым небом. Занятия запланировали на каждый будний день. По понедельникам, средам и пятницам в 9:00 — кардио+силовая. А по вторникам и четвергам в 20:00 — zumba.
Сегодня намечаются жаркие спортивные танцы зумба, одевайтесь поудобнее. Перед посещением тренировки, пожалуйста, позвоните по телефону 290-00-07 и узнайте, будет ли она.
О других интересных событиях можно узнать в афише Красноярска
Расскажите о планах на четверг друзьям, нажав кнопку:]]></text>
</doc>
