<?xml version='1.0' encoding='UTF-8'?>
<doc>
  <source><![CDATA[https://newslab.ru/news/902807]]></source>
  <category verify="true" type="str" auto="true"><![CDATA[Новости]]></category>
  <title verify="true" type="str" auto="true"><![CDATA[В мэрии Красноярска оценили шансы возвращения трамваев на Коммунальный мост]]></title>
  <keywords verify="true" type="list" auto="true">
    <item type="str"><![CDATA[Новости]]></item>
    <item type="str"><![CDATA[Общество]]></item>
    <item type="str"><![CDATA[В Красноярском крае]]></item>
  </keywords>
  <text verify="true" type="str" auto="true"><![CDATA[Первый заместитель главы Красноярска Владислав Логинов прокомментировал возможное возвращение трамвая на Коммунальный мост.
По словам чиновника, сейчас в Красноярске готовится подробный документ, в котором будет описано, каким образом в городе до 2023 года будет развиваться общественный транспорт. Пока власти подготовили только общую стратегию. Именно в ней и появилось предложение вернуть трамваи на Коммунальный и Октябрьский мосты.
Владислав Логинов пояснил, что он не уверен в нужности трамвая на Коммунальном мосту.
«Это исторический объект. Поэтому мне бы не сильно хотелось там размещать трамваи. Он не такой широкий — всего три полосы в каждую сторону для общественного транспорта и личных автомобилей. Наверное, это не позволяет говорить, что там много места, чтобы туда еще трамваи разместились. Поэтому вероятность возвращения этого вида транспорта на мост очень невысокая», — пояснил вице-мэр.
Напомним, трамваи ходили по Коммунальном мосту до 1994 года. Конечной остановкой для них на левобережье был «Театра оперы и балета».
Предыстория: На Октябрьский и Коммунальный мосты Красноярска собираются вернуть трамваи]]></text>
</doc>
