<?xml version='1.0' encoding='UTF-8'?>
<doc>
  <source><![CDATA[https://newslab.ru/news/903148]]></source>
  <category verify="true" type="str" auto="true"><![CDATA[Новости]]></category>
  <title verify="true" type="str" auto="true"><![CDATA[Праздник на Татышеве с утра до ночи, концерты Басты и «Яхонта», салют: выходные в Красноярске]]></title>
  <keywords verify="true" type="list" auto="true">
    <item type="str"><![CDATA[Новости]]></item>
    <item type="str"><![CDATA[Общество]]></item>
    <item type="str"><![CDATA[В Красноярском крае]]></item>
  </keywords>
  <text verify="true" type="str" auto="true"><![CDATA[Красноярск продолжает праздновать День города.
В субботу, 8 июня, температура на улице с утра установится на уровне в +14...+21 °C, днём воздух прогреется до +26 °C. Синоптики обещают ясную погоду и умеренный западный ветер до 3 м/c.
Воскресенье, 9 июня, будет таким же тёплым В светлое время суток температура воздуха составит +22... 26 °C. К вечеру пойдёт небольшой дождь. Ветер подует с умеренной скоростью — до 3 м/c.
На субботу, 8 июня, для горожан приготовили обширную шоу-программу на острове Татышеве. Гости станут частью фестиваля впечатлений «Красноярск — душа и сила Сибири». На территории организуют 250 тематических площадок для всех возрастов. Кинофестиваль под открытым небом, фестиваль еды и напитков «Рестодэй» и многое другое. Сюрпризом станет акробатический номер — над Енисеем пройдет канатоходец.
Программа полна спортивными мероприятиями, мастер-классами, шоу. Красноярцы смогут посетить множество концертов и проявить себя творчески.
Кинофестиваль под открытым небом, фестиваль еды и напитков «Рестодэй» и многое другое. Сюрпризом станет акробатический номер — над Енисеем пройдет канатоходец.
Красноярцы увидят ещё один фейерверк в честь Дня город — подарок горожанам от Почётного гражданина Хазрета Совмена. Салют запустят в 22:45 с вертолетной площадки с восточной стороны острова.
Чтобы не создавать заторы на парковках Татышева организаторы праздника советуют пользоваться общественным транспортом. Добраться до острова можно будет на бесплатных шаттлах. Автобусы будут ходить от торгового центра «Авиатор» на левом берегу и от супермаркета «Окей» на правом берегу Енисея.
Работу общественного транспорта 8 июня продлят, чтобы все горожане смогли добраться до дома после салюта
Велопрокат в этот день будет закрыт на Татышеве, остров станет пешеходным. Всех горожан в субботу просят передвигаться исключительно пешком.
Вся программа празднования Дня города
В 19:00 в «Платинум Арене» (Лесников, 21) пройдёт большой концерт Басты (Василия Вакуленко). Он сыграет «один из главных русскоязычных альбомов года», обеспечив грандиозное шоу из звука, света и мультимедиа. Вместе с новой пластинкой прозвучат и лучшие хиты артиста, собранные за все время в одну программу.
Пластинка «Баста 5», более полугода занимающая верхние строчки чарта iTunes, действительно насыщена хитовыми синглами — это совместная работа «Голос» с наставницей одноименного шоу Полиной Гагариной, трек «Выпускной», ставший этим летом настоящим гимном школьников и студентов, мелодичный фанк «Удивительный мир». Билеты ещё есть в наличии.
В 21:00 в The MODS bar (Авиаторов, 19) пройдёт мероприятие в алых тонах. Всех гостей ждет выступление Полины Запольской, перформанс от арт-балета LAMBRETTA. Для девушек в красном вход бесплатгный.
В 20:00 в Yushin Brothers (Карла Маркса, 102 «а») пройдёт смешной концерт «Чуваки с телика». Выступят самые известные комики проекта Stand up Siberia. В этот вечер ребята расскажут свои лучшие шлягеры, новый материал, который ещё не засвечен. На сцену выйдут: Виктор Снегирь (ТНТ), Алексей Юрьянов (Первый канал) и секретный комик — узнаете на мероприятии. Билет 300 рублей, его можно будет приобрести на месте.
В субботу и в воскресенье с 19:00 до 22:00 в сквере имени Пушкина на проспекте Мира пройдёт танцевальный open-air. Организаторы приглашают всех желающих отдохнуть, познакомиться с новыми людьми и вдоволь поплясать.
В 18:00 на главной сцене левобережной набережной Енисея пройдёт концерт группы «Яхонт». Вместе с известными красноярскими певцами выступят другие вокальные коллективы.
А в 19:00 начнется яркий, полный драйва и хороших песен концерт Рок-клуба СФУ.
В 19:00 от левобережной набережной в районе гостиницы «Огни Енисея» стартует экскурсия для всех желающих, посвящённая празднованию Дня города. Вместе с гидом вы погуляете по историческому центру.
В кинотеатре Красноярска Синема парк (улица Дубровинского, 1А С) покажут фильм-ужасы «Обитель страха». Дикий Запад, конец XIX века. Где-то в бескрайних прериях живёт молодая пара. Муж часто отлучается на заработки в город и оставляет Лиззи одну, поэтому она очень обрадовалась, когда рядом поселилась ещё одна семейная пара. Теперь женщине есть с кем поговорить и провести время. Но забеременев, новая подруга начинает странно себя вести и утверждать, что где-то поблизости бродит нечто потустороннее. Билеты в кассах кинотеатров.
О других интересных событиях можно узнать в афише Красноярска
Расскажите о планах на выходные друзьям, нажав кнопку «Поделиться в соцсети»:]]></text>
</doc>
