<?xml version='1.0' encoding='UTF-8'?>
<doc>
  <source><![CDATA[https://newslab.ru/news/904981]]></source>
  <category verify="true" type="str" auto="true"><![CDATA[Новости]]></category>
  <title verify="true" type="str" auto="true"><![CDATA[В России сократилось количество пропавших детей и подростков]]></title>
  <keywords verify="true" type="list" auto="true">
    <item type="str"><![CDATA[Новости]]></item>
    <item type="str"><![CDATA[Происшествия]]></item>
    <item type="str"><![CDATA[В России]]></item>
  </keywords>
  <text verify="true" type="str" auto="true"><![CDATA[В России стало теряться меньше детей и подростков, сообщает ТАСС со ссылкой на уполномоченного при президенте по правам ребенка Анну Кузнецову. Такое заявление она сделала на II Всероссийском форуме добровольных поисково-спасательных отрядов.
По словам уполномоченной, за последние 5 лет численность разыскиваемых детей снизилась на 30 % — с 9 тысяч человек до 6 тысяч человек. На 15,5 % сократилось количество детей, оставшихся в розыске на конец 2018 года. Но, несмотря на снижение, ежегодно ненайденными остаются более тысячи детей.
Анна Кузнецова также обратила внимание на необходимость усовершенствовать учет разыскиваемых детей. По ее словам, МВД России объявило в розыск 5248 детей, а Следственный комитет проводил в тот же период больше 15 тысяч проверок.
Напомним, в Красноярском крае работают две общественные организации, которые занимаются поиском пропавших людей. Это «Поиск пропавших детей — Красноярск» и поисковый отряд «Лиза Алерт Красноярский край». Сообщить об исчезновении человека волонтерам можно по телефонам: 8 (950) 996-60-66 или 8-800-700-54-52.]]></text>
</doc>
