<?xml version='1.0' encoding='UTF-8'?>
<doc>
  <source><![CDATA[https://newslab.ru/news/903201]]></source>
  <category verify="true" type="str" auto="true"><![CDATA[Новости]]></category>
  <title verify="true" type="str" auto="true"><![CDATA[В Красноярске по подозрению в мошенничестве задержали депутата краевого парламента (видео)]]></title>
  <keywords verify="true" type="list" auto="true">
    <item type="str"><![CDATA[Новости]]></item>
    <item type="str"><![CDATA[Происшествия]]></item>
    <item type="str"><![CDATA[В Красноярском крае]]></item>
  </keywords>
  <text verify="true" type="str" auto="true"><![CDATA[Следователи сообщили о задержании депутата Законодательного Собрания Красноярского края.
По версии следствия, в феврале 2018 года депутат решил обманным путем получить деньги с директора компании, которая занимается обеспечением населения тепловой энергией. Имя задержанного следователи не называют, но известно, что речь идет о Сергее Титове.
«Депутат сообщил директору фирмы о якобы имеющихся у него полномочиях, используя которые, он сможет способствовать принятию органами власти решений о завышении тарифов на тепловую энергию, поставляемую потребителям, для этой коммерческой организации. В дальнейшем это помогло бы получить ей субсидию в большем размере, нежели понесенные затраты. Тем самым он ввел директора в заблуждение относительно таких полномочий, которыми он фактически не обладал», — рассказали в Следственном комитете России.
Директор компании согласился с мая 2018 по июнь 2019 частями передать депутату 4 миллиона рублей. Накануне парламентария задержали.
Отдел по расследованию особо важных дел Западно-Сибирского следственного управления на транспорте СК России по материалам УФСБ России по Красноярскому краю возбудил  против Титова уголовное дело по факту совершения мошенничества в крупном размере (ч. 4 ст. 159 УК РФ).
Сейчас Сергей Титов задержан. В ближайшее время суд рассмотрит просьбу следователя об избрании депутату меру пресечения в виде заключения под стражу.
Депутат Заксобрания Красноярского края Сергей Титов родился в селе Рыбное, получил образование в Томске в Сибирском государственном медицинском университете, занимался предпринимательской деятельностью, а с 2015 года стал депутатом Ирбейского районного Совета депутатов Красноярского края. В сентябре 2016 года он получил место в краевом парламенте. Он входит в комитеты по охране здоровья и социальной политике и по природным ресурсам и экологии.]]></text>
</doc>
