<?xml version='1.0' encoding='UTF-8'?>
<doc>
  <source><![CDATA[https://newslab.ru/news/903467]]></source>
  <category verify="true" type="str" auto="true"><![CDATA[Новости]]></category>
  <title verify="true" type="str" auto="true"><![CDATA[На правобережье Красноярска разрушили созданный год назад сквер (видео)]]></title>
  <keywords verify="true" type="list" auto="true">
    <item type="str"><![CDATA[Новости]]></item>
    <item type="str"><![CDATA[Общество]]></item>
    <item type="str"><![CDATA[В Красноярском крае]]></item>
  </keywords>
  <text verify="true" type="str" auto="true"><![CDATA[В Красноярске высаженный в прошлом году сквер на остановке «Затон» уничтожили из-за опасений за сохранность деревьев. О конфликте, развернувшемся вокруг сквера, рассказала пресс-секретарь департамента городского хозяйства Светлана Трушкова.
Жители дома № 127 на проспекте имени газеты «Красноярский рабочий» много лет вынуждены были смотреть на ряд павильонов, которые стояли на остановке «Затон». В прошлом году ларьки снесли, а на их месте представители городского «Управления зеленого строительства» высадили новый сквер. Жителей дома это решение порадовало, они ухаживали за березами и рябинами и добились, чтобы все крупномеры прижились.
Но в этом году активисты стали замечать, что деревьям кто-то умышленно вредит. Представители районной администрации чуть не каждую неделю вынуждены были выезжать в сквер с проверками. Тогда же выяснилось — земля все еще находится в собственности у частного предпринимателя. Свою вину в повреждении растений он не признавал, но потребовал убрать деревья со своего участка.
В конце прошлой недели деревья пересадили. Часть из них теперь будет расти в сквере у Цирка, а другие растения перенесли на проспект имени газеты «Красноярский рабочий», 131.
В пресс-службе департамента заверили, что появления новых павильонов в этом месте опасаться не стоит. На этом участке может быть только газон.
Это не первый случай, когда созданные муниципалитетом скверы приходится разрушать. В конце мая на улице Свердловская выкопали и перенесли на новое место 80 деревьев. Сделали это ради ремонта канализационных сетей.]]></text>
</doc>
