<?xml version='1.0' encoding='UTF-8'?>
<doc>
  <source><![CDATA[https://newslab.ru/news/905389]]></source>
  <category verify="true" type="str" auto="true"><![CDATA[Новости]]></category>
  <title verify="true" type="str" auto="true"><![CDATA[Амфибрахий на траве, день рождения Цоя и дитя робота: пятница в Красноярске]]></title>
  <keywords verify="true" type="list" auto="true">
    <item type="str"><![CDATA[Новости]]></item>
    <item type="str"><![CDATA[Общество]]></item>
    <item type="str"><![CDATA[В Красноярском крае]]></item>
  </keywords>
  <text verify="true" type="str" auto="true"><![CDATA[В пятницу, 21 июня, синоптики обещают ясную погоду. С утра столбики уличных термометров остановятся на уровне от +12 °C утром и до +26 °C днём. Ветер подует со скоростью 1,5 м/c.
Newslab подготовил вам подборку мероприятий, которые можно посетить в эту пятницу:
В 20:00 на главной сцене левобережной набережной возле Капитанского клуба пройдёт «Амфибрахий на траве». Этот симбиоз музыки и поэзии на протяжении пяти лет собирает в одном месте лучших чтецов, авторов и зрителей города.
В программе также горячий бесплатный чай, атмосферные фотозоны и потрясающая возможность выступить со своим авторским или любимым стихотворным произведением.
В прошлом году «Амфибрахии» со стихами собственного сочинения выступил и мэр города Сергей Ерёмин. Цитаты сочинения главы города ещё долго были крылатыми среди красноярцев.
C 10:00 до 16:00 в сквере имени Пушкина на проспекте Мира будет работать мини-базар «Цветочная симфония». Также всех желающих научат составлять букеты.
С 19:00 до 22:00 здесь же пройдёт танцевальный open-air. Организаторы приглашают всех пуститься в пляс в конце рабочей недели.
В 17:00 в Центральном парке (Карла Маркса, 151) всех приглашают на акустический вечер в честь дня рождения Виктора Цоя. Музыканты исполнят десятки песен артиста, почитаемого миллионами слушателей.
В кинотеатрах Красноярска покажут фильм «Дитя робота». После глобального катаклизма человечество вымирает. В подземном бункере автоматически активизируется аварийная программа, и робот-гуманоид «Мать» выращивает из эмбриона человеческого ребенка. Девушка, воспитанная под присмотром «Матери», никогда не видела других людей. Её мир переворачивается, когда на пороге убежища появляется женщина с просьбой о помощи. Билеты в кассах кинотеатров.
О других интересных событиях можно узнать в афише Красноярска
Расскажите о планах на пятницу друзьям, нажав кнопку:]]></text>
</doc>
