<?xml version='1.0' encoding='UTF-8'?>
<doc>
  <source><![CDATA[https://newslab.ru/news/902420]]></source>
  <category verify="true" type="str" auto="true"><![CDATA[Новости]]></category>
  <title verify="true" type="str" auto="true"><![CDATA[На севере Красноярского края перевернулась лодка с молодыми людьми: двое погибли]]></title>
  <keywords verify="true" type="list" auto="true">
    <item type="str"><![CDATA[Новости]]></item>
    <item type="str"><![CDATA[Происшествия]]></item>
    <item type="str"><![CDATA[В Красноярском крае]]></item>
  </keywords>
  <text verify="true" type="str" auto="true"><![CDATA[На севере Красноярского края на таймырской реке Хета перевернулась лодка с тремя молодыми людьми.
Как сообщили в Следственном комитете, трое парней 17, 20 и 24 лет выехали рано утром на рыбалку. Моторная лодка «Казанка» перевернулась и все они оказались в воде. В результате 20-летний молодой человек не смог выплыть и утонул, его 17-летний товарищ добрался до берега, но через какое-то время умер от обморожения. 24-летний молодой человек выжил.
Сейчас проводится доследственная проверка. Устанавливается, кому принадлежала лодка, опрашиваются очевидцы. По итогам примут процессуальное решение.]]></text>
</doc>
