<?xml version='1.0' encoding='UTF-8'?>
<doc>
  <source><![CDATA[https://newslab.ru/news/903697]]></source>
  <category verify="true" type="str" auto="true"><![CDATA[Новости]]></category>
  <title verify="true" type="str" auto="true"><![CDATA[Восьмичасовой концерт, бесплатные выставки и фестиваль на Татышеве: День России и День города в Красноярске]]></title>
  <keywords verify="true" type="list" auto="true">
    <item type="str"><![CDATA[Новости]]></item>
    <item type="str"><![CDATA[Общество]]></item>
    <item type="str"><![CDATA[В Красноярском крае]]></item>
  </keywords>
  <text verify="true" type="str" auto="true"><![CDATA[Сегодня среда, 12 июня. В Красноярске солнечно и очень тепло, ожидается +15 с утра и до 27 °C во второй половине дня. Юго-западный ветер будет сильным — до 3,8 м/с, а небо — ясным и малооблачным.
В честь финального акцента празднования Дня города и Дня России для горожан приготовили концертную программу. Всё начнётся в 13:00 возле Института искусств (улица Ленина, 22). Там одновременно выступят порядка 300 человек из различных певческих коллективов. Затем, с 14:00 до 22:00, мероприятия пройдут на Театральной площади.
До 23:00 12 июня запретят проезд и парковку авто на двух участках дорог в районе Театральной площади:
В 18:00 на Творческой поляне Арт-берега под Коммунальным мостом пройдет музыкальный перфоманс «Бард-среда». На сцене выступят красноярские исполнители.
Newslab подготовил подборку мероприятий, которые можно посетить в эту среду:
Два красноярских музея организуют бесплатные посещения для своих посетителей.
Свободный вход будет действовать с 10:00 до 18:00 в Красноярском краевом краеведческом музее (Дубровинского, 84).
Музейный центр «Площадь мира» (площадь Мира, 1) с 11:00 до 19:00 сделает бесплатным посещение двух выставок: «Музей революции» (о быте и повседневности советского человека) и «Первомай» (серия городских пейзажей Андрея Поздеева, посвященных демонстрациям). В 12:00, 14:00 и 16:00 там пройдут бесплатные экскурсии (без записи).
На восточной стороне острова Татышев с 12:00 начнётся ежегодный фестиваль разных народов Красноярского края «Содружество на Енисее». На этот раз хозяевами праздника стали узбеки. Гостей острова ждут праздничное шествие, гостеприимные национальные подворья, танцы, песни, кухня и различные фотозоны.
В кинотеатрах Красноярска покажут фильм российского режиссёра Рената Давлетьярова, основанный на реальных событиях «Донбасс. Окраина». Август 2014 года, окраина Донецка. Молодой солдат украинской армии Андрей Соколов направлен в зону военных действий водителем. Спасаясь от обстрела, он попадает в подвал жилого дома, где знакомится с несколькими совершенно разными людьми. Они пришли с разных сторон, у них разные судьбы и мировоззрение, но сейчас они объединены одной целью — выжить. Билеты в кассах кинотеатров.
В 21:00 на пространстве Yushin Brothers (ул. Карла Маркса, 102) пройдёт открытый микрофон «Живая музыка». Ребята Юшина предоставят инструменты и создадут крутую атмосферу, а ведущий объявит вас, если пожелаете выступить. Заранее сообщите об этом организаторам, кодовая фраза «Хочу выступить». Вход бесплатный.
В Центральном парке Красноярск пройдёт рок-фестиваль в честь Дня России Russia Day Rock Fest. На главной сцене с 16:00 до 22:00 выступят коллективы и исполнители Красноярска и края. Среди них: «Мистер Гро...», «Страйк», «План Дельта», «500 Копеек», «Пророк» и другие.
О других интересных событиях можно узнать в афише Красноярска
Расскажите о планах на среду друзьям, нажав кнопку:]]></text>
</doc>
