<?xml version='1.0' encoding='UTF-8'?>
<doc>
  <source><![CDATA[https://newslab.ru/news/903457]]></source>
  <category verify="true" type="str" auto="true"><![CDATA[Новости]]></category>
  <title verify="true" type="str" auto="true"><![CDATA[Красноярцев ждет дополнительный выходной посреди недели]]></title>
  <keywords verify="true" type="list" auto="true">
    <item type="str"><![CDATA[Новости]]></item>
    <item type="str"><![CDATA[Общество]]></item>
    <item type="str"><![CDATA[В России]]></item>
    <item type="str"><![CDATA[В Красноярском крае]]></item>
  </keywords>
  <text verify="true" type="str" auto="true"><![CDATA[Начавшаяся рабочая неделя будет праздничной и поэтому короткой. Помимо субботы и воскресенья красноярцы, как и остальные россияне, смогут отдохнуть еще и в среду. Сокращенной неделя будет только для тех, кто трудится в стандартную пятидневку по 8 часов в день.
Выходной связан с празднованием 12 июня Дня России, который в этом году выпадает на среду.
Помимо этого, рабочий день во вторник, 11 июня, будет сокращен на один час, так как является предпраздничным.
Следующие праздничные выходные наступят только осенью. На День народного единства — 3 дня — со 2 по 4 ноября (с субботы по понедельник).
Вы можете напомнить друзьям и близким о дополнительном выходном, нажав кнопку «Поделиться в соцсетях»:]]></text>
</doc>
