<?xml version='1.0' encoding='UTF-8'?>
<doc>
  <source><![CDATA[https://newslab.ru/news/905093]]></source>
  <category verify="true" type="str" auto="true"><![CDATA[Новости]]></category>
  <title verify="true" type="str" auto="true"><![CDATA[«Справедливо повысить ответственность»: красноярская полиция предложила ужесточить наказание для водителей-пьяниц]]></title>
  <keywords verify="true" type="list" auto="true">
    <item type="str"><![CDATA[Новости]]></item>
    <item type="str"><![CDATA[Происшествия]]></item>
    <item type="str"><![CDATA[В Красноярском крае]]></item>
  </keywords>
  <text verify="true" type="str" auto="true"><![CDATA[На заседании комитета по безопасности и защите прав граждан Заксобрания Красноярского края обсудили инициативу ГУ МВД региона об ужесточении уголовной ответственности для водителей, которых повторно поймали пьяными за рулем. Изменения предлагают внести в статью 264.1 УК РФ.
Сейчас повторная пьяная езда наказывается штрафом в размере от 200 тысяч до 300 тысяч рублей, либо обязательными работами на срок до 480 часов, принудительными работами на срок до 2 лет, либо лишением свободы на срок до 2 лет с лишением прав на срок до 3 лет.
«Заместитель начальника правового управления ГУ МВД Илья Потомов сказал, что эти граждане несут повышенную социальную опасность, поэтому для них была бы справедливой и повышенная ответственность. Например, штраф может составлять от 200 тысяч до 400 тысяч рублей, соответствующая градация предусмотрена и относительно сроков лишения свободы, принудительных работ, лишения права занимать определенные должности», — пояснили в ЗС.
Комитет инициативу поддержал. В ближайшее время документ направят на предварительную экспертизу в Совет законодателей при Федеральном Собрании РФ и в правовое управление Госдумы.]]></text>
</doc>
