<?xml version='1.0' encoding='UTF-8'?>
<doc>
  <source><![CDATA[https://newslab.ru/news/904979]]></source>
  <category verify="true" type="str" auto="true"><![CDATA[Новости]]></category>
  <title verify="true" type="str" auto="true"><![CDATA[Красноярца осудили к 21 году колонии за похищение человека, убийство, разбой и аферы с дорогими квартирами]]></title>
  <keywords verify="true" type="list" auto="true">
    <item type="str"><![CDATA[Новости]]></item>
    <item type="str"><![CDATA[Происшествия]]></item>
    <item type="str"><![CDATA[В Красноярском крае]]></item>
    <item type="str"><![CDATA[Хакасия]]></item>
  </keywords>
  <text verify="true" type="str" auto="true"><![CDATA[За несколько тяжких и особо тяжких преступлений в Красноярске осудили 43-летнего организатора преступной группы. Накануне суд признал его виновным сразу по четырем статьям УК РФ: речь идет об убийстве, сопряженном с похищением человека, разбое с применением насилия и особо крупном мошенничестве с жильем. Преступления были совершены на территориях Красноярского края и республики Хакасия.
По данным Генпрокуратуры, члены возглавляемой им банды заключали договоры аренды дорогих квартир с жителями Красноярска, и, используя изготовленные от имени собственников жилья поддельные документы, осуществляли регистрацию перехода права собственности на себя. Так они похитили 3 квартиры и едва не завладели четвертой. Одну из квартир злоумышленники заложили в ломбард, похитив так деньги коммерческой организации.
Их главаря также признали виновным в организации похищения и убийстве соучастника одного из преступлений, а также случайного свидетеля. По совокупности преступлений суд назначил мужчине 21 год исправительной колонии строгого режима. После освобождения он еще 1,5 года будет ограничен в свободе
Восемь других членов ОПГ ранее были осуждены к колониям общего и строгого режимов. Суды назначили им от 6,5 лет до 17, 9 лет лишения свободы.
Предыстория: В Красноярске будут судить предводителя квартирных аферистов. Его товарищи получили по 17 лет колонии]]></text>
</doc>
