<?xml version='1.0' encoding='UTF-8'?>
<doc>
  <source><![CDATA[https://newslab.ru/news/905507]]></source>
  <category verify="true" type="str" auto="true"><![CDATA[Новости]]></category>
  <title verify="true" type="str" auto="true"><![CDATA[Найдены родственники разбившегося под Красноярском на американском истребителе советского летчика]]></title>
  <keywords verify="true" type="list" auto="true">
    <item type="str"><![CDATA[Новости]]></item>
    <item type="str"><![CDATA[Происшествия]]></item>
    <item type="str"><![CDATA[В Красноярском крае]]></item>
  </keywords>
  <text verify="true" type="str" auto="true"><![CDATA[Член Русского географического общества, известный красноярский путешественник Владимир Черников нашёл родственников пилота «Аэрокобры», погибшего под Красноярском в годы войны.
В начале июня в Емельяновском районе Красноярского края экспедиция Черникова нашла место крушения поставленного по ленд-лизу истребителя P-39Q «Аэрокобра», большое количество фрагментов самолёта и останки советского военного лётчика — лейтенанта 9-го перегоночного полка ВВС Аркадия Дмитриевича Кольцова. Самолёт разбился 27 июля 1943 года в ходе предфронтового перелёта по маршруту «Красноярск—Омск» в чрезвычайно сложных метеоусловиях (сплошная облачность до земли). Организованной тогда воздушной разведкой и наземными поисками, в том числе с участием НКВД, место катастрофы обнаружить не удалось. Потому в архивах Министерства обороны пилот «Аэрокобры» значился пропавшим без вести.
По словам поисковиков, найти родственников пилота было задачей не менее важной, чем обнаружить место катастрофы. «В одном из литературных журналов я наткнулся на очерк 10-летней давности о родном брате нашего лётчика, Владимире Кольцове (он тоже был перегонщиком ленд-лизовских самолётов и погиб через полгода после брата), — рассказывает Черников. — Мне удалось найти автора статьи Ирину Филатову, она отыскала телефон родной племянницы Кольцова, с которой когда-то переписывалась. Звоню по этому номеру. Трубку взяла Татьяна Александровна Кедрова, в девичестве Кольцова. Первое, что я услышал, было: „Какая радость. Мы только что прочитали публикацию Русского географического общества об этом — и вот вы звоните. Спасибо за ваш труд. Сердечный поклон вам до земли!“ Оказывается, о судьбе Аркадия все эти годы родственники практически ничего не знали, кроме информации из похоронки: мол, погиб „где-то в Сибири“. После я и мои товарищи ещё не раз созванивались с Татьяной и её сестрой Натальей, общались в мессенджерах и по электронной почте: обменивались документами, фотографиями и видео».
Со слов родственников лётчика, у его родителей, коренных ярославцев, было пятеро детей: старший — Владимир, Аркадий, Александр, Нина и Борис. «Мы общались с детьми Александра, а через них вышли на дочь Бориса, Тимощук (Кольцову) Ирину. И снова удача. У неё оказались ранее неизвестные фотографии нашего лётчика — курсанта Балашовской школы пилотов (1941 г.). Вот недолгая биография молодого человека: школа-семилетка, аэроклуб, лётное училище и Великая Отечественная война. Ему жить бы да жить, детей растить, внуков воспитывать. Но безжалостной войной парню был отпущен только 21 год», — уточнил Черников.
Подробную информацию о гибели Аркадия Кольцова поисковики вскоре направят в Министерство обороны РФ. Останки лётчика в июле 2019 года с воинскими и духовными почестями планируют захоронить на Троицком кладбище Красноярска. По разным причинам не все родственники смогут приехать в Красноярск и принять участие в мемориальных мероприятиях. Их будет представлять старшая племянница лётчика Коршунова (Кольцова) Наталья Александровна. Она примет участие в установке памятного знака в районе места катастрофы, а также в церемонии погребения останков Аркадия в братской могиле военных лётчиков Алсиба. На родину лётчика родственники увезут фрагменты самолёта, личные вещи погибшего и горсть земли с места авиакатастрофы, которую развеют на могилах родителей Аркадия Кольцова.
Предыстория: Под Красноярском нашли части разбившегося американского истребителя «Аэрокобра»]]></text>
</doc>
