<?xml version='1.0' encoding='UTF-8'?>
<doc>
  <source><![CDATA[https://newslab.ru/news/905464]]></source>
  <category verify="true" type="str" auto="true"><![CDATA[Новости]]></category>
  <title verify="true" type="str" auto="true"><![CDATA[На красноярской трассе иномарка врезалась в грузовик на встречке: трое погибших (видео)]]></title>
  <keywords verify="true" type="list" auto="true">
    <item type="str"><![CDATA[Новости]]></item>
    <item type="str"><![CDATA[Происшествия]]></item>
    <item type="str"><![CDATA[В Красноярском крае]]></item>
  </keywords>
  <text verify="true" type="str" auto="true"><![CDATA[В Красноярском крае произошло ДТП с тремя погибшими.
Как рассказали в ГИБДД, все случилось на 977 км трассы Р-255 «Сибирь». Водитель автомобиля Toyota ехал из Канска в Красноярск. Он выехал на встречную полосу, где столкнулся в грузовиком Mitsubishi Fuso.
В результате происшествия 66-летний водитель легкового авто и 2 пассажира 66 и 67 лет погибли на месте. В настоящее время их личности и обстоятельства произошедшего устанавливаются. Водитель получил травмы, его экспедитор за медпомощью не обращался.
Кроме того, из-за ДТП перекрыта одна полоса, на месте организовано реверсивное движение, его регулируют сотрудники полка ДПС.]]></text>
</doc>
