<?xml version='1.0' encoding='UTF-8'?>
<doc>
  <source><![CDATA[https://newslab.ru/news/904216]]></source>
  <category verify="true" type="str" auto="true"><![CDATA[Новости]]></category>
  <title verify="true" type="str" auto="true"><![CDATA[Красноярцев позвали посмотреть на гонки гаишников]]></title>
  <keywords verify="true" type="list" auto="true">
    <item type="str"><![CDATA[Новости]]></item>
    <item type="str"><![CDATA[Общество]]></item>
    <item type="str"><![CDATA[В Сибири]]></item>
    <item type="str"><![CDATA[В Красноярском крае]]></item>
    <item type="str"><![CDATA[Хакасия]]></item>
    <item type="str"><![CDATA[Тува]]></item>
  </keywords>
  <text verify="true" type="str" auto="true"><![CDATA[Автоинспекторы пригласили жителей и гостей Красноярска на открытый чемпионам по автогонкам среди экипажей ДПС. Финал первенства по кольцевым автогонкам среди экипажей дорожной полиции пройдет 29 июня на гоночной трассе «Красное кольцо». Соревнования посвящены 83-й годовщине образования службы ГАИ-ГИБДД.
В гонках примут участие дорожные полицейские из Красноярского края и соседних регионов: Иркутской, Томской, Новосибирской, Омской и Кемеровской областей, Тувы и Хакасии. Участники продемонстрируют навыки водительского мастерства и экстремального управления служебным автомобилем.
«В программе запланированы совместные показательные выступления спецслужб. Также на „Красном кольце“ будут работать несколько развлекательных и познавательных детских площадок. Среди зрителей разыграют много призов от Госавтоинспекции. Вход на мероприятие свободный. Чемпионат стартует в 12:00 часов», — рассказали в ГИБДД.
Предыстория: 2018 год: Красноярские инспекторы ДПС победили в гонке на патрульных машинах
Вы можете рассказать о мероприятии другим любителям быстрой езды, нажав кнопку «Поделиться в соцсетях»:]]></text>
</doc>
