<?xml version='1.0' encoding='UTF-8'?>
<doc>
  <source><![CDATA[https://newslab.ru/news/902949]]></source>
  <category verify="true" type="str" auto="true"><![CDATA[Новости]]></category>
  <title verify="true" type="str" auto="true"><![CDATA[Красноярцам обещают грозу и тёплые выходные]]></title>
  <keywords verify="true" type="list" auto="true">
    <item type="str"><![CDATA[Новости]]></item>
    <item type="str"><![CDATA[Общество]]></item>
    <item type="str"><![CDATA[В Красноярском крае]]></item>
  </keywords>
  <text verify="true" type="str" auto="true"><![CDATA[В предстоящий уик-энд погода порадует жителей Красноярска: в городе будет малооблачно, безветренно и умеренно тепло, как днем, так и по ночам.
В пятницу, 7 июня, синоптики прогнозируют в столице края переменную облачность, максимальная температура составит 28, 30 °C. Днем обойдется без осадков, а вечером пройдет небольшой дождь, который собьет зной, а также прогремит гроза. Ветер южной четверти будет дуть со скорость 3-8 м/с, при грозе порывы усилятся до 14 м/с. Такие метеоусловия будут способствовать кратковременному накоплению загрязняющих веществ в атмосфере.
Вторые сутки сохраняется загрязнение воздуха #nebolive #красноярск
Публикация от @ nebo.community 6 Июн 2019 в 8:21 PDT
В субботу и воскресенье температура будет на пару градусов ниже: днем воздух прогреется до 25... 26 °C, также возможен небольшой кратковременный дождь. В темное время суток уличные термометры будут показывать 14... 15 °C.
Согласно предварительным данным, на следующей неделе в городе сохранится теплая погода: в первые два рабочих дня синоптики прогнозируют до 22 °C, в следующие — от 25 до 27 °C. Во вторую неделю лета красноярцам также обещают усиление ветра.]]></text>
</doc>
