<?xml version='1.0' encoding='UTF-8'?>
<doc>
  <source><![CDATA[https://newslab.ru/news/904299]]></source>
  <category verify="true" type="str" auto="true"><![CDATA[Новости]]></category>
  <title verify="true" type="str" auto="true"><![CDATA[В Красноярске команды СУЭК и минздрава сразились в шахфутбол]]></title>
  <keywords verify="true" type="list" auto="true">
    <item type="str"><![CDATA[Новости]]></item>
    <item type="str"><![CDATA[Спорт]]></item>
    <item type="str"><![CDATA[В Красноярском крае]]></item>
  </keywords>
  <text verify="true" type="str" auto="true"><![CDATA[Сегодня, 14 июня, в Красноярске на Центральном стадионе (ул. Остров Отдыха, 15а) прошел матч по шахфутболу между командами СУЭК и министерства здравоохранения Красноярского края. Уникальный вид спорт сочетает в себе сразу две дисциплины — шахматы и футбол.
Впервые такие соревнования прошли в Красноярске в 2016 году; тогда на футбольном поле и за шахматной доской впервые встретились медики и горняки. С тех пор такие состязания проходят ежегодно. Нынешний матч по шахфутболу проходил одновременно с I всероссийским Чемпионатом по мини-футболу среди работников топливно-энергетического комплекса, организованным компанией СУЭК.
Два круга соревнования, в каждом из которых 20-минутный шахматный турнир на пяти досках и 30-минутный тайм мини-футбола, длились около двух часов, а борьба была крайне напряженной. В итоге победу — за счет преимущества в шахматном поединке, одержала команда министерства здравоохранения Красноярского края.
«Футбол, как и шахматы, требуют острого ума и аналитических способностей, поэтому эти два вида спорта отлично сочетаются. Этот вид спорта мы придумали первыми в мире, но патент пока что не получили. Нынешний матч по традиции проходит накануне всероссийского Дня медика (16 июня) и мы вместе с горняками с удовольствием в нем участвуем: одновременно и получаем разрядку — отдыхаем от работы, и набираемся энергии для предстоящих трудовых будней», — подытожил главный врач Краевого онкологического диспансера Андрей Модестов.]]></text>
</doc>
