<?xml version='1.0' encoding='UTF-8'?>
<doc>
  <source><![CDATA[https://newslab.ru/news/902562]]></source>
  <category verify="true" type="str" auto="true"><![CDATA[Новости]]></category>
  <title verify="true" type="str" auto="true"><![CDATA[На юге Красноярского края сфотографировали редкую хищную птицу: с заботой охраняла гнездо]]></title>
  <keywords verify="true" type="list" auto="true">
    <item type="str"><![CDATA[Новости]]></item>
    <item type="str"><![CDATA[Общество]]></item>
    <item type="str"><![CDATA[В Красноярском крае]]></item>
  </keywords>
  <text verify="true" type="str" auto="true"><![CDATA[На юге Красноярского края, в национальном парке «Шушенский бор», сфотографировали редкую для этой территории птицу — пустельгу, охраняющую свое гнездо. Как рассказали в пресс-службе парка, эта небольшая хищная птица из соколообразных считается распространенной по земному шару, но редкой для Перовского лесничества «Шушенского бора».
«Сотрудница парка Элинор Пэйт сделала интересные снимки, свидетельствующие о разумном поведении этих соколов и разделении обязанностей в семействе. Когда самец отправился на охоту, самка осталась „на дозоре“ охранять гнездо от любителей полакомиться чужим потомством, среди которых почетное место в „Шушенском боре“ занимают вороны и коршуны. Поскольку пустельга гнездится довольно высоко над землей, с ветки, на которой она сидит, открывается прекрасный вид на окрестности, и опасность заботливая мать заметит издалека: ведь зрение у пустельги отменное и превосходит самый зоркий человеческий глаз в два с половиной раза», — рассказала в пресс-службе.
По подсчетам орнитологов, пустельга отправляется на охоту до 30 раз в день, чтобы прокормить птенцов. Основной пищей ей служат мелкие грызуны (полевки, крысы и пр.), насекомые и ящерицы, то есть животные, которые считаются вредными для ведения сельского хозяйства. Тем самым она приносит пользу фермерам.]]></text>
</doc>
