<?xml version='1.0' encoding='UTF-8'?>
<doc>
  <source><![CDATA[https://newslab.ru/news/903045]]></source>
  <category verify="true" type="str" auto="true"><![CDATA[Новости]]></category>
  <title verify="true" type="str" auto="true"><![CDATA[Полицейские оштрафовали молодого водителя Lexus за катание по вантовому мосту]]></title>
  <keywords verify="true" type="list" auto="true">
    <item type="str"><![CDATA[Новости]]></item>
    <item type="str"><![CDATA[Происшествия]]></item>
    <item type="str"><![CDATA[В Красноярском крае]]></item>
  </keywords>
  <text verify="true" type="str" auto="true"><![CDATA[Дорожные полицейские Красноярска установили личность водителя, проехавшего на машине по вантовому мосту, и оштрафовали его.
По данным ГИБДД, нарушителем оказался 24-летний красноярец. В полиции не сообщили, с какой целью молодой человек выехал на пешеходную зону и не уточнили, допускал ли он раньше подобные нарушения.
Его привлекли к административной ответственности по ч. 2 ст. 12.15 КоАП РФ «Движение по велосипедным или пешеходным дорожкам в нарушение правил дорожного движения». Оштрафовали красноярца на 2000 рублей.
Напомним, нарушение произошло на глазах у полицейских. Они не попытались остановить водителя иномарки. В ГИБДД поясняли, что после окончания проверки по нарушению, будет дана оценка действиям сотрудников полиции.
Предыстория: В Красноярске на глазах у полицейских по пешеходному мосту проехал Lexus (видео)]]></text>
</doc>
