<?xml version='1.0' encoding='UTF-8'?>
<doc>
  <source><![CDATA[https://newslab.ru/news/903547]]></source>
  <category verify="true" type="str" auto="true"><![CDATA[Новости]]></category>
  <title verify="true" type="str" auto="true"><![CDATA[Мэрия Красноярска отчиталась о ремонте дорог и рассказала о грядущих перекрытиях]]></title>
  <keywords verify="true" type="list" auto="true">
    <item type="str"><![CDATA[Новости]]></item>
    <item type="str"><![CDATA[Общество]]></item>
    <item type="str"><![CDATA[В Красноярском крае]]></item>
  </keywords>
  <text verify="true" type="str" auto="true"><![CDATA[Красноярская мэрия поделилась первыми результатами ремонта дорог в этом году. Сейчас работы ведут одновременно на 14 участках в разных районах города.
В рамках проекта «Безопасные и качественные автомобильные дороги» на девяти улицах сейчас идёт ремонт, а еще на пяти — работы по оптимизации дорожного движения и снижению мест концентрации ДТП. Подрядчики выполняют всё по графику, отмечают в мэрии.
«Сейчас идут работы на Парашютной, подрядчик выполнил 35 % от запланированного объёма. Идет замена бордюров, укладка асфальта. На этой неделе дорожники приступят к работам по улице Кутузова», — рассказал заместитель руководителя по производству Управления дорог и благоустройства Красноярска Сергей Печерин.
Активные работы по демонтажу и монтажу бордюров идут на улицах Новосибирская, Курчатова, Чкалова, Пушкина, Спандаряна, Глинки и Мичурина. В ближайшее время ремонтные работы начнутся на улице Революции, Карбышева, Урванцева, Краснодарская и ул. 3 Августа.
На всех объектах ремонта 2019 года для новых бордюров подрядным организациям рекомендовали применять только природный или вибропрессованный камень. Бордюры из таких материалов хорошо «пережили» зиму 2018 года, сохранили прочность и качество гораздо лучше, чем вибролитые, которые применялись ранее.
Еще в этом году в Красноярске будут применять щебеночно-мастичный асфальтобетон. Его уложат на Мичурина и Глинки. Такой материал имеет высокую устойчивость к разрушениям под воздействием транспортного потока и климатических условий. Обычно его используют на загородных магистралях.
Работы не требуют серьезных перекрытий на дорогах Красноярска, отмечают в администрации города. Ближайшие изменения схем движения произойдут из-за ремонтов подземных коммуникаций. Сейчас в Красноярске закрыт для движения один участок: Вавилова от перекрестка переулка Якорного до улицы Затонской — там ремонтируют теплотрассу. На этой неделе, 14 июня, закроют сквозное движение на Бограда — на участке от Робеспьера до Профсоюзов. Коммунальщики планируют закончить ремонт теплотрассы здесь до 10 июля.
В 2019 году в Красноярске отремонтируют 29 улиц и участков дорог на 565 миллионов рублей. На некоторых объектах проведут работы по снижению аварийности. В настоящий момент ремонт уже идёт на девяти улицах.
Вы можете предупредить знакомых водителей, нажав кнопку «Поделиться в соцсетях»:]]></text>
</doc>
