<?xml version='1.0' encoding='UTF-8'?>
<doc>
  <source><![CDATA[https://newslab.ru/news/904056]]></source>
  <category verify="true" type="str" auto="true"><![CDATA[Новости]]></category>
  <title verify="true" type="str" auto="true"><![CDATA[Пожилой красноярец сбил школьника и уехал. Суд лишил прав]]></title>
  <keywords verify="true" type="list" auto="true">
    <item type="str"><![CDATA[Новости]]></item>
    <item type="str"><![CDATA[Происшествия]]></item>
    <item type="str"><![CDATA[В Красноярском крае]]></item>
  </keywords>
  <text verify="true" type="str" auto="true"><![CDATA[Красноярский водитель лишился прав на 1 год, уехав с места ДТП с участием 9-летнего мальчика. Все случилось 9 июня во дворе дома по адресу ул. Высотная, 7 стр.1.
Водитель автомобиля Ford наехал на 9-летнего школьника и уехал с места происшествия. Ребенок получил травмы.
«С помощью показаний свидетелей удалось оперативно установить автомобилиста, им оказался мужчина 62-лет. За уезд с места ДТП суд Октябрьского района принял решение о лишении водителя права управления транспортными средствами сроком на 1 год», — рассказали в пресс-службе полка ДПС.
«Дорожные полицейские предупреждают водителей, что, скрываясь с места, участники происшествия лишь усугубляют свое правовое положение. С начала года более чем в 86 % случаев водителей удалось установить и привлечь к ответственности», — добавили в полиции.
По закону, за уезд с места ДТП автомобилисту грозит лишение водительского удостоверения на срок до 1,5 лет или арест до 15 суток.]]></text>
</doc>
