<?xml version='1.0' encoding='UTF-8'?>
<doc>
  <source><![CDATA[https://newslab.ru/news/903867]]></source>
  <category verify="true" type="str" auto="true"><![CDATA[Новости]]></category>
  <title verify="true" type="str" auto="true"><![CDATA[«Официантов тут нет»: сотрудники «Гремячей гривы» пожаловались на мусорящих туристов (видео)]]></title>
  <keywords verify="true" type="list" auto="true">
    <item type="str"><![CDATA[Новости]]></item>
    <item type="str"><![CDATA[Общество]]></item>
    <item type="str"><![CDATA[В Красноярском крае]]></item>
  </keywords>
  <text verify="true" type="str" auto="true"><![CDATA[Сотрудники красноярского парка «Гремячая грива» пожаловались на туристов, которые оставляют после себя мусор. Видео, на котором запечатлены оставленные отходы на столе, опубликовано в официальном аккаунте парка в инстаграме.
«Увидев издалека мусор, сначала подумали: кто-то ночью здесь отдохнул и всё оставил, но каким же было удивлением найти на столе детское питание, скорее всего, это молодые родители! Мы хотим всем посетителям напомнить, что в парке нет официантов, но есть урны и туалеты! А если вдруг вы случайно пролили что-то, то можно обратиться в визит-центр к администратору — вам всегда помогут», — прокомментировали видео сотрудники.
Увидев издалека мусор, сначала подумали кто-то ночью здесь отдохнул и всё оставил❌ но каким же было удивлением найти на столе детское питание, скоре всего это молодые родители! Мы хотим всем посетителям напомнить, что в парке нет официантов, но есть урны и туалеты! А если вдруг вы случайно пролили что-то, то можно обратиться в визит-центр к администратору — вам всегда помогут🙌 #гремячаягрива
Публикация от Гремячая Грива (@grivapark) 11 Июн 2019 в 10:02 PDT
Дорожки парка оборудованы скамейками и урнами на всей протяженности. Также в «Гремячей гриве» есть две зоны, где можно перекусить — там стоят столики и лавочки. Возле них также есть мусорки.
В комментариях красноярцы поддержали негодование сотрудников парка.
«Вот же свиньи!!! Тут без мата сложно комментировать...», «Фу! Стыдоба!», — писали пользователи.
Напомним, парк «Гремячая грива» открылся в октябре прошлого года на месте леса возле Сопки и Сибирского федерального университета. Там проложили пешеходные и спортивные дорожки, поставили два визит-центр, провели освещение и т.д. В этом году зеленую зону ожидает вторая очередь благоустройства.]]></text>
</doc>
