<?xml version='1.0' encoding='UTF-8'?>
<doc>
  <source><![CDATA[https://newslab.ru/news/905096]]></source>
  <category verify="true" type="str" auto="true"><![CDATA[Новости]]></category>
  <title verify="true" type="str" auto="true"><![CDATA[Красноярская велосипедистка отсудила 300 тысяч за аварию с автобусом]]></title>
  <keywords verify="true" type="list" auto="true">
    <item type="str"><![CDATA[Новости]]></item>
    <item type="str"><![CDATA[Происшествия]]></item>
    <item type="str"><![CDATA[В Красноярском крае]]></item>
  </keywords>
  <text verify="true" type="str" auto="true"><![CDATA[Красноярка добилась крупной денежной компенсации за то, что оказалась под колёсами городского автобуса. Взыскать с перевозчика сумму в 300 тысяч рублей ей удалось только после вмешательства судебных приставов.
Жительница краевого центра ехала на велосипеде по проезжей части, соблюдая Правила дорожного движения. Один из маршрутных автобусов, поравнявшийся с велосипедисткой, совершил на нее наезд.
Женщина получила серьезные травмы и попала в больницу, где ей сделали операцию. Позже она решила обратиться в суд с требованием к перевозчику о взыскании компенсации морального вреда. Даже после вступления решения суда в законную силу перевозчик не спешил с выплатами.
Руководство автотранспортного предприятия незамедлительно перечислило пострадавшей велосипедистке всю сумму после предупреждения о мерах принудительного взыскания от судебного пристава. Женщина получила назначенную компенсацию в полном объёме.]]></text>
</doc>
