<?xml version='1.0' encoding='UTF-8'?>
<doc>
  <source><![CDATA[https://newslab.ru/news/903000]]></source>
  <category verify="true" type="str" auto="true"><![CDATA[Новости]]></category>
  <title verify="true" type="str" auto="true"><![CDATA[«Будет всегда пустовать»: красноярцы обсуждают новую площадку для спорта и отдыха на окраине города]]></title>
  <keywords verify="true" type="list" auto="true">
    <item type="str"><![CDATA[Новости]]></item>
    <item type="str"><![CDATA[Спорт]]></item>
    <item type="str"><![CDATA[Общество]]></item>
    <item type="str"><![CDATA[В Красноярском крае]]></item>
  </keywords>
  <text verify="true" type="str" auto="true"><![CDATA[В Свердловском районе Красноярска появилась новая площадка для спорта и отдыха. Она расположена в низине у реки Базаиха возле фанпарка «Бобровый лог».
Там можно поиграть в волейбол, баскетбол или мини-футбол. Рядом можно заняться силовой тренировкой на турниках, кольцах, также есть детский городок. Все площадки соединены сетью дорожек, вдоль которых стоят деревянные домики-веранды со столами и скамьями.
«Попасть в городок можно со стороны фанпарка „Бобровый лог“ через специально построенный мост. Для всех желающих вход в спортивно-развлекательную зону бесплатный», — рассказали в пресс-службе районной администрации.
Жители города уже оценили новую площадку, но их мнения разделились.
«Прям мечта, здорово, много растительности, нет высоток рядом», — написал один из красноярцев в паблике мэрии в соцстеях. Другие предположили, что площадка будет постоянно пустовать из-за своей удаленности от жилых районов.]]></text>
</doc>
