<?xml version='1.0' encoding='UTF-8'?>
<doc>
  <source><![CDATA[https://newslab.ru/news/904249]]></source>
  <category verify="true" type="str" auto="true"><![CDATA[Новости]]></category>
  <title verify="true" type="str" auto="true"><![CDATA[Красноярский офицер МЧС хотел получить взятку от предпринимателя. Проведет годы в колонии строгого режима (видео)]]></title>
  <keywords verify="true" type="list" auto="true">
    <item type="str"><![CDATA[Новости]]></item>
    <item type="str"><![CDATA[Происшествия]]></item>
    <item type="str"><![CDATA[В Красноярском крае]]></item>
  </keywords>
  <text verify="true" type="str" auto="true"><![CDATA[Красноярский гарнизонный суд отправил в колонию строгого режима бывшего подполковника МЧС России, который вымогал взятку от предпринимателя, сообщается на сайте суда.
Владимир Асанов работал начальником одного из подразделений Красноярского авиационно-спасательного центра МЧС России. В апреле-мае 2018 году он начал переговоры о возможной поставке продуктов для нужд центра с коммерческим директором торговой компании, название которой в суде не называют. Контракт подполковник обещал заключить в обмен на взятку в размере 5 миллионов рублей. В июне 2018 года директор компании передал Владимиру Асанову 1,3 миллиона рублей, после чего взяточника задержали сотрудники ФСБ России.
Красноярский гарнизонный суд признал Владимира Асанова виновным в получении взятки в особо крупном размере (ч.6 ст. 290 УК РФ). Ему назначили наказание в виде 8 лет лишения свободы с отбыванием в колонии строгого режима. Бывшего сотрудника МЧС России лишили воинского звания, а также наложили ряд ограничений по дальнейшей работе.]]></text>
</doc>
