<?xml version='1.0' encoding='UTF-8'?>
<doc>
  <source><![CDATA[https://newslab.ru/news/904558]]></source>
  <category verify="true" type="str" auto="true"><![CDATA[Новости]]></category>
  <title verify="true" type="str" auto="true"><![CDATA[В енисейской больнице обворовали пожилого пациента]]></title>
  <keywords verify="true" type="list" auto="true">
    <item type="str"><![CDATA[Новости]]></item>
    <item type="str"><![CDATA[Происшествия]]></item>
    <item type="str"><![CDATA[В Красноярском крае]]></item>
  </keywords>
  <text verify="true" type="str" auto="true"><![CDATA[В Енисейске Красноярского края обворовали пожилого пациента, рассказали в пресс-службе полиции.
По данным ГУ МВД, в дежурную часть поступило сообщение о том, что у 65-летнего пациента терапевтического отделения пропали деньги. Как Newslab рассказали в пресс-службе полиции, похищенная сумма составила 12 тысяч рублей.
На место выехали сотрудники полиции, они опросили возможных очевидцев и оперативно установили возможного подозреваемого. Им оказался житель Енисейского района, который недавно выписался из этой же больницы.
«В течение нескольких часов сотрудники уголовного розыска задержали злоумышленника. Похищенные денежные средства изъяли и вернули законному владельцу», — рассказали в ведомстве. Сумму удалось вернуть не полностью, 500 рублей задержанный успел потратить.
В отношении злоумышленника возбудили уголовное дело по статье «Кража», максимальное наказание — 5 лет лишения свободы. В полиции добавили, что ранее он не был судим. Пенсионер поблагодарил полицию за оперативную помощь.]]></text>
</doc>
