<?xml version='1.0' encoding='UTF-8'?>
<doc>
  <source><![CDATA[https://newslab.ru/news/904719]]></source>
  <category verify="true" type="str" auto="true"><![CDATA[Новости]]></category>
  <title verify="true" type="str" auto="true"><![CDATA[Норильчане встретили у дороги исхудавшего белого медведя (видео)]]></title>
  <keywords verify="true" type="list" auto="true">
    <item type="str"><![CDATA[Новости]]></item>
    <item type="str"><![CDATA[Общество]]></item>
    <item type="str"><![CDATA[В Красноярском крае]]></item>
  </keywords>
  <text verify="true" type="str" auto="true"><![CDATA[Обновлено 20 июня: «Не кормите и не приближайтесь»: белого медведя в Норильске готовят к перевозке 
В окрестностях Норильска Красноярского края местные жители встретили на обочине дороги белого медведя. Фото и видео животного опубликовали в соцсетях. На нем видно, что исхудавший медведь что-то ест.
«По информации полиции утром белого медведя усыпят и далее переправят в зоопарк Красноярска. Информация от МЧС... Я очень рад, что всё так хорошо заканчивается! Красивый мишка, но очень опасен в данной ситуации», — подписал свое видео автор. Пока данные о том, что белого медведя привезут в красноярский зоопарк не подтвердились.
Вот последние фото белого медведя! Это довольно крупный зверь! Только что его нашла группа МЧС и полиции, которым я сообщил о нём..
Публикация от Олег Крашевский (@olegkrashevskii) 16 Июн 2019 в 11:59 PDT
Как пояснили специалисты парка флоры и фауны «Роев ручей», судьбу белого медведя в данном случае будет решать министерство экологии края. Не раньше, чем через 2 недели, будет понятно, какое будущее у животного. По словам зоологов, всю зиму белые медведи живут во льдах, на самом севере края. Шанс, что белый медведь добрался от Таймыра до пригорода Норильска (расстояние составляет не менее 1,5 тысяч км), очень мал. Однако в поисках пищи животное могло преодолеть такое расстояние.
С министерством природных ресурсов и экологии края пока связаться не удалось.]]></text>
</doc>
