<?xml version='1.0' encoding='UTF-8'?>
<doc>
  <source><![CDATA[https://newslab.ru/news/903866]]></source>
  <category verify="true" type="str" auto="true"><![CDATA[Новости]]></category>
  <title verify="true" type="str" auto="true"><![CDATA[Бывшего директора «Реставрации» требуют признать банкротом]]></title>
  <keywords verify="true" type="list" auto="true">
    <item type="str"><![CDATA[Новости]]></item>
    <item type="str"><![CDATA[Происшествия]]></item>
    <item type="str"><![CDATA[В Красноярском крае]]></item>
  </keywords>
  <text verify="true" type="str" auto="true"><![CDATA[Бывшего директора ООО «Реставрация» Николая Коваленко, обманувшего красноярских дольщиков, требуют признать банкротом. Заявление поступило в Арбитражный суд края 3 июня.
Истцом выступает банк «ТААТТА» в лице конкурсного управляющего — государственной корпорации «Агентство по страхованию вкладов».
Кредитор требует включить в реестр требований более 66 миллионов рублей — такую сумму в общей сложности Коваленко получил по трем кредитным договорам. Деньги он брал под залог, который обеспечивался трехэтажным коттеджем площадью почти 340 квадратов, участком в «Торгашино», а также помещение в 109 кв.м на Свердловской, 51 А (ЖК «Аврора», построенный также «Реставрацией»).
Кредитор просит о реструктуризации долгов Коваленко. Иск принят к производству, рассмотрение назначено на 4 июля 2019 года.
Напомним, экс-директора «Реставрации» задержали в Италии в конце мая. Там же его поместили под домашний арест. Предприниматель обвиняется в мошенничество на сумму в 2 миллиарда рублей. Компания «Реставрация», которая признана банкротом, не достроила 10 домов — шесть в Солнечном и четыре в Октябрьском районе. Без жилья остались более 1300 человек.
Предыстория: Сбежавшего из Красноярска экс-директора «Реставрации» задержали в Италии
«Я не скрываюсь, я лечусь»: экс-директора «Реставрации» нашли в Италии (видео)]]></text>
</doc>
