<?xml version='1.0' encoding='UTF-8'?>
<doc>
  <source><![CDATA[https://newslab.ru/news/904980]]></source>
  <category verify="true" type="str" auto="true"><![CDATA[Новости]]></category>
  <title verify="true" type="str" auto="true"><![CDATA[Самое интересное в Красноярске за 18 июня: мэр-байкер, новый мостик и странные похищения]]></title>
  <keywords verify="true" type="list" auto="true">
    <item type="str"><![CDATA[Новости]]></item>
    <item type="str"><![CDATA[Общество]]></item>
    <item type="str"><![CDATA[В Красноярском крае]]></item>
  </keywords>
  <text verify="true" type="str" auto="true"><![CDATA[Через Николаевский проспект построят еще один надземный переход. Он обойдётся Красноярску в 113 млн, но значительно сократит путь жителей Студгородка до ближайшей школы. А ещё красноярцам не придётся отбиваться от стай бродячих собак.
На рекламные щиты в Красноярске добавят особые коды (этим летом), а воздух сделают в два раза чище (через 11 лет).
В красноярском парке неизвестные вандалы испортили несколько памятников — отломали скульптурам пальцы. А у депутатов Горсовета похитили ростовую фигуру Жириновского.
Сергей Ерёмин переоделся в «косуху» и прокатился городу с байкерами. Легендарные мотоциклисты заглянули в Красноярск по пути в Севастополь.
Мошенники научились подделывать телефонные номера банков и пытаются воровать деньги у красноярцев. Читайте, как не стать жертвой негодяев.]]></text>
</doc>
