<?xml version='1.0' encoding='UTF-8'?>
<doc>
  <source><![CDATA[https://newslab.ru/news/904794]]></source>
  <category verify="true" type="str" auto="true"><![CDATA[Новости]]></category>
  <title verify="true" type="str" auto="true"><![CDATA[Красноярская сеть «Мясничий» открыла 33-й магазин (видео)]]></title>
  <keywords verify="true" type="list" auto="true">
    <item type="str"><![CDATA[Новости]]></item>
    <item type="str"><![CDATA[Экономика]]></item>
    <item type="str"><![CDATA[В Сибири]]></item>
    <item type="str"><![CDATA[В Красноярском крае]]></item>
  </keywords>
  <text verify="true" type="str" auto="true"><![CDATA[14 июня в Иркутской области открылся новый магазин красноярской сети «Мясничий». Это уже будет второй отдел шоп-ин-шоп в Ангарске. На этот раз он располагается в гипермаркете «Аллея».
В фирменном отделе «Мясничего» всегда будет свежее мясо, собственная продукция ручной лепки, открытая рубочная и опытные продавцы, всегда готовые посоветовать клиенту нужный отруб, маринад и специи для приготовления мясных блюд.
«Первый „Мясничий“ в Ангарске открылся под Новый год, и вот уже полгода горожане с удовольствием пользуются качественным сервисом и возможностью делать покупки с комфортом. Удобство клиентов — одна из главных целей Торгового дома. Именно для этого был разработан формат шоп-ин-шоп. Отправляясь в супермаркет за стандартным продуктовым набором, покупатели могут сразу приобрести и свежее мясо. Идти за качеством в другое место не нужно — „Мясничий“ уже здесь», — рассказали на предприятии.
Напомним, за четыре года торговый дом зарекомендовал себя в семи городах: Красноярске, Сосновоборске, Железногорске, Ачинске, Назарово, Иркутске, Ангарске и зашел в несколько крупных торговых сетей: «Командор», «Аллея», иркутская «Слата». Недавно этот список дополнился красноярской сетью «ЯрМарка».
Собственная продукция «Мясничего» давно заслужила доверие покупателей и неоднократно была отмечена почетными наградами престижных форумов и конкурсов. Золотыми медалями была отмечена продукция на Международном форуме «ПродЭкспо» 2019, дипломом Всероссийского конкурса «Товарный знак года», а недавно красноярскую сеть «Мясничий» официально признали лучшим магазином страны.]]></text>
</doc>
