<?xml version='1.0' encoding='UTF-8'?>
<doc>
  <source><![CDATA[https://newslab.ru/news/904935]]></source>
  <category verify="true" type="str" auto="true"><![CDATA[Новости]]></category>
  <title verify="true" type="str" auto="true"><![CDATA[У красноярских депутатов похитили ростовую фигуру Жириновского]]></title>
  <keywords verify="true" type="list" auto="true">
    <item type="str"><![CDATA[Новости]]></item>
    <item type="str"><![CDATA[Политика]]></item>
    <item type="str"><![CDATA[Происшествия]]></item>
    <item type="str"><![CDATA[В Красноярском крае]]></item>
  </keywords>
  <text verify="true" type="str" auto="true"><![CDATA[Из кабинета депутатов Горсовета Красноярска пропала ростовая фигура с изображением Владимира Жириновского. Её исчезновение представители партии ЛДПР заметили сегодня, 18 июня.
О странном происшествии на очередной сессии депутатов Горсовета рассказал Роман Крастелев.
«Это возмутительная ситуация. Ростовая фигура Владимира Вольфовича стояла в депутатском кабинете с момента начала работы нынешнего состава Горсовета, сегодня мы обнаружили, что она пропала. Либо это сделали какие-то третьи лица, тогда поступок можно расценивать как преступление по статье 158 УК РФ („Кража“). Тогда речь идёт о плохой работе охраны здания. Либо это сотрудники администрации города, которые хотели воспрепятствовать нашей деятельности, что тоже весьма странно. Стоимость фигуры 5-10 тысяч рублей, но здесь вопрос не материальный, а скорее принципиальный. Так завтра начнёт из портфелей пропадать служебная документация?» — рассказал депутат.
С заявлением о случившемся представители партии планируют обратиться в городскую полицию.]]></text>
</doc>
