<?xml version='1.0' encoding='UTF-8'?>
<doc>
  <source><![CDATA[https://newslab.ru/news/902764]]></source>
  <category verify="true" type="str" auto="true"><![CDATA[Новости]]></category>
  <title verify="true" type="str" auto="true"><![CDATA[В Красноярске будут искать все портящие воздух автобусы]]></title>
  <keywords verify="true" type="list" auto="true">
    <item type="str"><![CDATA[Новости]]></item>
    <item type="str"><![CDATA[Общество]]></item>
    <item type="str"><![CDATA[В Красноярском крае]]></item>
  </keywords>
  <text verify="true" type="str" auto="true"><![CDATA[В Красноярске стартовали рейды по выявлению чадящих маршруток. Проверки экологи совместно с дорожной полицией проведут даже среди новых автобусов.
Плановое мероприятие организует министерство экологии Красноярского края четвертый год подряд. Сотрудники ГИБДД, прокуратуры края, специалисты передвижных экологических лабораторий ведомства делают замеры выбросов от пассажирского автотранспорта. Нарушителей выявляют при помощи переносных газоанализаторов и дымомеров.
В 2018 году надзорные мероприятия проводили на 35-ти конечных остановках и проверили 202 автобуса. Превышения загрязняющих веществ в отработанных газах зафиксировали от 29 маршруток.
В планах на 2019 год — проверка не только старого, но и нового городского транспорта. С начала года в Красноярске обновили автопарк общественного транспорта почти на 120 машин. В мае этого года на маршруты вышли 68 дополнительных автобусов среднего и большого классов.
Рейды будут проводить до первых заморозков, ориентировочно — до октября.]]></text>
</doc>
