<?xml version='1.0' encoding='UTF-8'?>
<doc>
  <source><![CDATA[https://newslab.ru/news/902459]]></source>
  <category verify="true" type="str" auto="true"><![CDATA[Новости]]></category>
  <title verify="true" type="str" auto="true"><![CDATA[СФУ стабильно входит в топ-20 российских вузов]]></title>
  <keywords verify="true" type="list" auto="true">
    <item type="str"><![CDATA[Новости]]></item>
    <item type="str"><![CDATA[Общество]]></item>
    <item type="str"><![CDATA[В Красноярском крае]]></item>
  </keywords>
  <text verify="true" type="str" auto="true"><![CDATA[Международная информационная группа «Интерфакс» опубликовала X ежегодный Национальный рейтинг университетов (НРУ) по итогам 2018-2019 учебного года. Сибирский федеральный университет стабильно демонстрирует устойчивую тенденцию к росту в НРУ и на протяжении 9 лет не выходит из топ-20 лучших российских университетов. В этом году вуз подтвердил свои позиции и занял 15 строчку среди всех российских вузов и 3 — среди федеральных.
Национальный рейтинг университетов «Интерфакса» публикуется с 2010 года и анализирует деятельность университетов, составляющих элиту российского образования. В этом году рейтинг расширил состав участников: в рамках проекта проведена оценка деятельности 327 ведущих университетов России.
Деятельность университетов оценивалась по шести параметрам: бренд, образовательная деятельность, научно-исследовательская деятельность, социальная среда, интернационализация, инновации и технологическое предпринимательство. Лучшие позиции СФУ продемонстрировал по показателям «Социализация» и «Бренд», заняв 3 и 12 места соответственно.
Оценка проводилась по результатам обработки данных анкет, заполненных администрациями университетов, доступных публичных данных, размещаемых университетами на своих сайтах, публичных данных информационных ресурсов Министерства высшего образования и науки РФ, а также данных из информационно-аналитической системы СПАРК и системы анализа медиасреды СКАН.]]></text>
</doc>
