<?xml version='1.0' encoding='UTF-8'?>
<doc>
  <source><![CDATA[https://newslab.ru/news/903306]]></source>
  <category verify="true" type="str" auto="true"><![CDATA[Новости]]></category>
  <title verify="true" type="str" auto="true"><![CDATA[Труп женщины достали из Енисея у Речного вокзала Красноярска]]></title>
  <keywords verify="true" type="list" auto="true">
    <item type="str"><![CDATA[Новости]]></item>
    <item type="str"><![CDATA[Происшествия]]></item>
    <item type="str"><![CDATA[В Красноярском крае]]></item>
  </keywords>
  <text verify="true" type="str" auto="true"><![CDATA[Течением Енисея на набережную в центре Красноярска принесло труп женщины. Как сообщает КГКУ «Спасатель», тело было обнаружено 8 июня рядом с теплоходом, который стоял у причала.
Очевидцы вызвали спасателей на место происшествия. Спасатели достали тело из воды, констатировали ее смерть, после чего передали труп сотрудникам правоохранительных органов. Назначена судебно-медицинская экспертиза, по результатам которой будет установлена причина смерти.]]></text>
</doc>
