<?xml version='1.0' encoding='UTF-8'?>
<doc>
  <source><![CDATA[https://newslab.ru/news/905324]]></source>
  <category verify="true" type="str" auto="true"><![CDATA[Новости]]></category>
  <title verify="true" type="str" auto="true"><![CDATA[«Сибагропромстрой» подарит кладовую комнату при покупке квартиры]]></title>
  <keywords verify="true" type="list" auto="true">
    <item type="str"><![CDATA[Новости]]></item>
    <item type="str"><![CDATA[Общество]]></item>
    <item type="str"><![CDATA[В Красноярском крае]]></item>
  </keywords>
  <text verify="true" type="str" auto="true"><![CDATA[В честь ввода в эксплуатацию ЖК «Слобода Весны» АО «Сибагропромстрой» дарит всем новым покупателям квартир кладовые комнаты. Кладовая комната — это очень выгодный и удобный способ освободить пространство в своей квартире. Спортивный инвентарь, детские коляски, сезонные вещи и многое другое больше не будет занимать место в жилой зоне. Помимо прочего, эти нежилые помещения очень полюбили представители бизнеса, ведь они отлично подходят для складирования и хранения товаров.
Будущие владельцы получат в подарок до 16,5 кв. метров в виде отдельных кладовых комнат. Конкретная площадь зависит от типа приобретаемой квартиры.
«Слобода Весны» — это также удобная подземная парковка, современные входные пространства и функциональная планировка. Хорошо развита и инфраструктура района, рядом — муниципальные и частные детские сады, школа, торговые, развлекательные и спортивные центры.
Все дома построены по цельномонолитной технологии, а это повышенная сейсмостойкость и теплоизоляционные свойства. Первые два этажа домов занимают торгово-офисные площади. Приобрести в собственность или в аренду помещения сможет только социально-ответственная компания, способная ответить на потребности жителей комплекса «Слобода Весны».
С каждой стороны ЖК находятся транспортные остановки, маршрут на городском транспорте до центра занимает не более 10 минут. Двор оборудован детской площадкой и универсальной спортивной коробкой: зимой это хоккейное поле, летом — баскетбольное, футбольное или волейбольное.
Кроме того, застройщик «Сибагропромстрой» проводит выгодную акцию* на покупку квартир в новых домах № 1 и № 4 жилого комплекса «Новая Панорама». Всего в акции участвуют 32 квартиры. На однокомнатные квартиры действует скидка в размере 3 %, на двухкомнатные — 4 %, трехкомнатные квартиры покупатели смогут приобрести по цене, сниженной на 5%.
*Организатор акции АО «Сибагропромстрой». Подробности по телефону 200-200-5. Условия акций и проектная декларация на сайте saps.ru.]]></text>
</doc>
