<?xml version='1.0' encoding='UTF-8'?>
<doc>
  <source><![CDATA[https://newslab.ru/news/902419]]></source>
  <category verify="true" type="str" auto="true"><![CDATA[Новости]]></category>
  <title verify="true" type="str" auto="true"><![CDATA[«Разберут и соберут по винтику»: в Красноярске за 16 млн отремонтируют мост через Бугач]]></title>
  <keywords verify="true" type="list" auto="true">
    <item type="str"><![CDATA[Новости]]></item>
    <item type="str"><![CDATA[Общество]]></item>
    <item type="str"><![CDATA[В Красноярском крае]]></item>
  </keywords>
  <text verify="true" type="str" auto="true"><![CDATA[В Красноярске капитально отремонтируют мост на Маерчака через Бугач. На работы потратят порядка 16 миллионов рублей.
Переправу разберут и соберут по винтику, рассказали в мэрии. Там проведут весь комплекс работ — восстановят до нормативного состояния проезжую часть, укрепят конструктивные элементы самого моста. Место ремонта пока не перекрывают, об этом обещают сообщить дополнительно.
Ремонт организовали в рамках национального проекта «Безопасные и качественные автомобильные дороги». Все работы планируют завершить к осени.
В 2019 году в Красноярске отремонтируют 29 улиц и участков дорог на 565 миллионов рублей. На некоторых объектах проведут работы по снижению аварийности. В настоящий момент ремонт уже идёт на девяти улицах.]]></text>
</doc>
