<?xml version='1.0' encoding='UTF-8'?>
<doc>
  <source><![CDATA[https://newslab.ru/news/905080]]></source>
  <category verify="true" type="str" auto="true"><![CDATA[Новости]]></category>
  <title verify="true" type="str" auto="true"><![CDATA[СМИ: турист из Красноярска умер в Таиланде возле полицейского участка]]></title>
  <keywords verify="true" type="list" auto="true">
    <item type="str"><![CDATA[Новости]]></item>
    <item type="str"><![CDATA[Происшествия]]></item>
    <item type="str"><![CDATA[В Мире]]></item>
    <item type="str"><![CDATA[В Красноярском крае]]></item>
  </keywords>
  <text verify="true" type="str" auto="true"><![CDATA[В Таиланде скончался турист из Красноярска, сообщают «Новости Пхукета». По данным портала, 38-летнего Дениса Тимошенкова доставили в полицию 16 июня — он не хотел выезжать из отеля, хотя должен был сделать это еще 14 июня.
Ни руководство отеля, ни правоохранители не могли понять, что говорит россиянин, так как он был сильно пьян. На место вызвали спасателей, которые помогли доставить туриста в полицию. Здесь ему предложили переночевать в одной из камер, но запирать ее не стали.
Через какое-то время, по словам местного сержанта, Тимошенкова нашли без сознания на земле между участком и полицейским общежитием. Рядом с ним стоял чемодан. На место выехали медики, но спасти мужчину не удалось.
По предварительной версии, россиянин умер от сильной алкогольной интоксикации организма.
Сейчас все подробности устанавливаются, проводятся медицинские экспертизы.
Фото на главной: Kusoldharm Rescue Foundation]]></text>
</doc>
