<?xml version='1.0' encoding='UTF-8'?>
<doc>
  <source><![CDATA[https://newslab.ru/news/902421]]></source>
  <category verify="true" type="str" auto="true"><![CDATA[Новости]]></category>
  <title verify="true" type="str" auto="true"><![CDATA[На прошлой неделе в воздухе Красноярска нашли слишком много пыли]]></title>
  <keywords verify="true" type="list" auto="true">
    <item type="str"><![CDATA[Новости]]></item>
    <item type="str"><![CDATA[Происшествия]]></item>
    <item type="str"><![CDATA[Общество]]></item>
    <item type="str"><![CDATA[В Красноярском крае]]></item>
  </keywords>
  <text verify="true" type="str" auto="true"><![CDATA[Краевое министерство экологии и рационального природопользования подвело итоги мониторинга качества атмосферного воздуха в Красноярске за прошедшую неделю. С 27 мая по 2 июня на телефон горячей линии ведомства поступило 33 звонка. Передвижная эколаборатория выезжала 27 раз и произвела 382 отбора проб воздуха.
В результате проведенных исследований зафиксировано два случая превышений максимальной разовой предельно допустимой концентрации по показателю «взвешенные вещества». Это пыль, зола, сажа, дым и другие твердые частицы, которые можно обнаружить в городском воздухе. Наиболее опасны продукты сгорания, содержащие асбест, мышьяк и соли тяжелых металлов. Но даже «обычная» пыль от почвы способна ухудшать самочувствие людей с заболеваниями дыхательной системы (хроническими бронхитами, астмой и другими). В каком из районов города были превышены показатели по содержанию пыли, в министерстве не уточнили.
Вечером 4 июня и 5 июня в Красноярске ожидаются метеорологические условия, способствующие кратковременному накоплению загрязняющих веществ в атмосфере, прогнозируется «повышенное загрязнение».
О нарушениях природоохранного законодательства жители могут сообщить по круглосуточному телефону горячей линии минэкологии +7(391) 21-21-706.]]></text>
</doc>
