<?xml version='1.0' encoding='UTF-8'?>
<doc>
  <source><![CDATA[https://newslab.ru/news/902813]]></source>
  <category verify="true" type="str" auto="true"><![CDATA[Новости]]></category>
  <title verify="true" type="str" auto="true"><![CDATA[Красноярские следователи раскрыли подробности вооружённого ограбления с погоней]]></title>
  <keywords verify="true" type="list" auto="true">
    <item type="str"><![CDATA[Новости]]></item>
    <item type="str"><![CDATA[Происшествия]]></item>
    <item type="str"><![CDATA[В Красноярском крае]]></item>
  </keywords>
  <text verify="true" type="str" auto="true"><![CDATA[Следователи установили обстоятельства вооружённого ограбления магазина в Минусинске Красноярского края. Двое молодых местных жителей пытались остаться неизвестными, скрывали лица масками и даже устроили гонки с полицией, рассказали в краевом следственном управлении Следственного комитета.
Всё произошло ночью 2 марта 2018. Мужчины зашли в городской магазин в масках. Один из них направил в сторону продавца сигнальный пистолет, похожий на боевое огнестрельное оружие и и потребовал поднять руки вверх, второй мужчина в это время вытащил деньги из кассы. После этого злоумышленники сразу скрылись с места преступления.
Оперативники установили личности подозреваемых в тот же день. Ими оказались двое молодых мужчин 25 и 26 лет, проживающих в Минусинске. В их квартирах обнаружили одежду и оружие, которые использовали при ограблении. Обвиняемые попытались скрыться от полиции на автомобиле в момент их задержания и спровоцировали погоню. Позже они полностью признали свою вину.
Злоумышленникам грозит до семи лет лишения свободы по части 2 статьи 162 УК РФ (разбой). Материалы дела с обвинительным заключением передали в городской суд Минусинска для рассмотрения по существу.]]></text>
</doc>
