<?xml version='1.0' encoding='UTF-8'?>
<doc>
  <source><![CDATA[https://newslab.ru/news/902806]]></source>
  <category verify="true" type="str" auto="true"><![CDATA[Новости]]></category>
  <title verify="true" type="str" auto="true"><![CDATA[Две улицы правобережья Красноярска обещают сделать очень удобными для пешеходов]]></title>
  <keywords verify="true" type="list" auto="true">
    <item type="str"><![CDATA[Новости]]></item>
    <item type="str"><![CDATA[Общество]]></item>
    <item type="str"><![CDATA[В Красноярском крае]]></item>
  </keywords>
  <text verify="true" type="str" auto="true"><![CDATA[Улицы Мичурина и Глинки в Красноярске станут более удобными для маломобильных горожан и обычных пешеходов, пообещали в мэрии. Накануне их коллективно обследовали чиновники от соцзащиты, Управления дорог и благоустройства, а также подрядчики и общественные контролёры.
Летом эти улицы ждет ремонт. Подготовка к нему началась на этой неделе.
«Проблемных с точки зрения пешеходной доступности мест на объектах оказалось немало. Очень много нареканий к существующим пешеходным переходам и остановкам общественного транспорта, где непросто пройти пожилому человеку или маме с коляской, не говоря уже о людях с ограниченными возможностями здоровья. Было принято решение, что на улице Мичурина необходимо обустроить пандусом спуск в районе улицы Волгоградской. Для этого будет устроена площадка с пандусом с соответствующим уклоном. На сегодняшний день на этом месте находится только лестница, что делает данный переход недоступным для многих горожан», — рассказали в мэрии.
Также чиновники решили, что на улицах Глинки и Мичурина «будут делать все, чтобы обеспечить связь между пешеходными переходами и остановочными площадками». Для этого соответствующим образом обустроят тротуары, понизят бортовые камни, а посадочные площадки на остановках поднимут не менее чем на 20 см, чтобы коляски могли заезжать в автобус.]]></text>
</doc>
