<?xml version='1.0' encoding='UTF-8'?>
<doc>
  <source><![CDATA[https://newslab.ru/news/904895]]></source>
  <category verify="true" type="str" auto="true"><![CDATA[Новости]]></category>
  <title verify="true" type="str" auto="true"><![CDATA[Возле «Планеты» водитель сбил 16-летнюю девочку-нарушительницу]]></title>
  <keywords verify="true" type="list" auto="true">
    <item type="str"><![CDATA[Новости]]></item>
    <item type="str"><![CDATA[Происшествия]]></item>
    <item type="str"><![CDATA[В Красноярском крае]]></item>
  </keywords>
  <text verify="true" type="str" auto="true"><![CDATA[Возле самого большого ТРЦ Красноярска — «Планета» на улице 9 Мая — в результате ДТП пострадала 16-летняя девочка. Рядом с парковкой на нее наехал водитель автомобиля Toyota.
Девочка-подросток пересекала проезжую часть в 30 метрах от пешеходного перехода. Школьница отделалась ушибами.
После очередного ДТП с участием несовершеннолетнего пешехода ГИБДД призвала этих участников дорожного движения к особой бдительности:
«Пешеходы должны переходить дорогу по пешеходным переходам, а при их отсутствии — на перекрестках по линии тротуаров или обочин. Не стоит в попытке сэкономить пару минут, перебегать дорогу там, где это делать запрещено. Вы подвергаете серьёзной опасности не только себя, но и остальных участников движения».]]></text>
</doc>
