<?xml version='1.0' encoding='UTF-8'?>
<doc>
  <source><![CDATA[https://newslab.ru/news/904217]]></source>
  <category verify="true" type="str" auto="true"><![CDATA[Новости]]></category>
  <title verify="true" type="str" auto="true"><![CDATA[«Невозможно запретить детям купаться»: красноярец попросил поставить на Татышеве дежурных спасателей]]></title>
  <keywords verify="true" type="list" auto="true">
    <item type="str"><![CDATA[Новости]]></item>
    <item type="str"><![CDATA[Происшествия]]></item>
    <item type="str"><![CDATA[В Красноярском крае]]></item>
  </keywords>
  <text verify="true" type="str" auto="true"><![CDATA[Красноярец показал детей, прыгающих в запрещенный для купания водоем, и попросил поставить около него на дежурство спасателей. Фотографии на своей странице Facebook разместил житель города Захар Енджиевский.
Накануне мужчина прогулялся по Татышеву и по вантовому мосту. В водоеме рядом с мостом он заметил купающихся подростков. Около 10 мальчиков в возрасте около 12-15 лет прыгали в искусственное озеро с бетонной конструкции. Один из них даже решил выполнить сальто и прыгнул в воду спиной вперед. За происходящим с берега наблюдали взрослые и дети. Причем многие из них тоже заходили в воду, чтобы спастись от жары.
«У нас так много говорится о безопасности, но при этом рядом с водоемом нет даже дежурного спасателя. А ведь его наличие могло бы предотвратить всевозможные несчастные случаи, которые могут произойти на воде. Невозможно запретить детям купаться, они все равно полезут в воду. К тому же в такую жару и взрослые пренебрегают правилами безопасности. Не все поедут летом на море, многие останутся в городе и будут купаться даже там, где это запрещено. А у нас как раз и любят запрещать, вместо того чтобы оборудовать безопасные и качественные места для купания и пляжи», — написал красноярец.
Напомним, в этом году в Красноярске, как и в предыдущие годы, будет работать всего два пляжа — на Абаканской протоке и на искусственном водоеме острова Татышев под Октябрьским мостом. Остальными водоемами города никто не занимается.
В пресс-службе управления МЧС России по Красноярскому краю пояснили, что место отдыха должно соответствовать определенным требованиям:]]></text>
</doc>
