<?xml version='1.0' encoding='UTF-8'?>
<doc>
  <source><![CDATA[https://newslab.ru/news/904208]]></source>
  <category verify="true" type="str" auto="true"><![CDATA[Новости]]></category>
  <title verify="true" type="str" auto="true"><![CDATA[В Красноярском крае директора школы поймали на использовании поддельного диплома]]></title>
  <keywords verify="true" type="list" auto="true">
    <item type="str"><![CDATA[Новости]]></item>
    <item type="str"><![CDATA[Происшествия]]></item>
    <item type="str"><![CDATA[В Красноярском крае]]></item>
  </keywords>
  <text verify="true" type="str" auto="true"><![CDATA[В Ермаковском районе Красноярского края директор сельской школы попала под уголовное преследование за поддельный диплом, сообщили в краевой прокуратуре.
При устройстве на работу женщина предоставила диплом о высшем образовании, но во время прокурорской проверки выяснилось, что он поддельный. Представители учебного заведения, которое якобы выдало документ, ответили, что женщина не училась у них и диплом не получала.
По требованию прокурора директора школы уволили, в ее отношении возбудили уголовное дело по ч. 3 ст. 327 УК РФ (использование заведомо ложного документа). Ей грозит арест на 6 месяцев, штраф или исправительные работы на срок до 2 лет.]]></text>
</doc>
