<?xml version='1.0' encoding='UTF-8'?>
<doc>
  <source><![CDATA[https://newslab.ru/news/905121]]></source>
  <category verify="true" type="str" auto="true"><![CDATA[Новости]]></category>
  <title verify="true" type="str" auto="true"><![CDATA[В Красноярском крае браконьер пытался вывезти мешки с мясом убитого медведя и попался полиции]]></title>
  <keywords verify="true" type="list" auto="true">
    <item type="str"><![CDATA[Новости]]></item>
    <item type="str"><![CDATA[Происшествия]]></item>
    <item type="str"><![CDATA[В Красноярском крае]]></item>
  </keywords>
  <text verify="true" type="str" auto="true"><![CDATA[Во время патрулирования инспекторы ДПС на дороге Ужур — Балахта около Тюльково остановили автомобиль Hyundai. Во время осмотра полицейские нашли в машине несколько мешков с мясом и медвежьими лапами.
На место выехала следственно-оперативная группа. Оказалось, что один из пассажиров иномарки — 44-летний мужчина — застрелил в тайге медведя. При этом лицензии на отстрел у него не было.
«Полицейские выяснили, что злоумышленник застрелил животное и разделал его. Туша оказалась очень большой, и он не смог самостоятельно ее вынести. Тогда он попросил знакомых помочь в перевозке мяса. При этом своих спутников подозреваемый ввел в заблуждение, сказав, что медведя он убил вместе с егерем в связи с контролем количества особей», — пояснили в полиции.
У мужчины изъяли мясо, шкуру медведя, ножи, а также охотничье ружье 12 калибра и патроны к нему. Также полицейские нашли место забоя животного и охотничий лабаз — специальный настил на дереве, откуда охотники выслеживают зверя.
В отношении нарушителя возбудили дело по статье «Незаконная охота», максимальное наказание — до 2 лет.]]></text>
</doc>
