<?xml version='1.0' encoding='UTF-8'?>
<doc>
  <source><![CDATA[https://newslab.ru/news/904792]]></source>
  <category verify="true" type="str" auto="true"><![CDATA[Новости]]></category>
  <title verify="true" type="str" auto="true"><![CDATA[В Северном из-под земли бьет огромный фонтан воды (видео)]]></title>
  <keywords verify="true" type="list" auto="true">
    <item type="str"><![CDATA[Новости]]></item>
    <item type="str"><![CDATA[Происшествия]]></item>
    <item type="str"><![CDATA[В Красноярском крае]]></item>
  </keywords>
  <text verify="true" type="str" auto="true"><![CDATA[В Красноярске на улице 9 Мая в районе дома № 14 а из-под земли бьет фонтан воды высотой в несколько метров. Видео с места происшествия выложили очевидцы в соцсетях. На нем видно, что фонтан пробил асфальт на парковке перед ТЦ «Май».
Как Newslab рассказали в пресс-службе СГК, в Советском районе с сегодняшнего дня начали проводить гидравлические испытания. Одна из труб не выдержала давления, из-за этого произошел порыв.
На месте аварии работают коммунальные службы. Воду уже перекрыли. В ближайшее время ее откачают, территорию приведут в порядок. Пострадал ли кто-то в результате порыва, пока неизвестно.
Еще один порыв произошел в «Покровском». Как сообщили в ГИБДД, на Караульной в районе дома № 33 произошёл порыв трубы горячего водоснабжения. В настоящий момент движение со стороны кольцевой развязки «9 Мая — Шахтеров» в сторону ул. 2-я Брянская осуществляется по одной полосе. Объезд данного участка для грузового транспорта организован через ул. Линейная. Учитывайте эту информацию при планировании своего маршрута.
График отключения воды в Красноярске.]]></text>
</doc>
