<?xml version='1.0' encoding='UTF-8'?>
<doc>
  <source><![CDATA[https://newslab.ru/news/904098]]></source>
  <category verify="true" type="str" auto="true"><![CDATA[Новости]]></category>
  <title verify="true" type="str" auto="true"><![CDATA[На Бограда в центре Красноярска на месяц меняют схему движения для ремонта сетей]]></title>
  <keywords verify="true" type="list" auto="true">
    <item type="str"><![CDATA[Новости]]></item>
    <item type="str"><![CDATA[Общество]]></item>
    <item type="str"><![CDATA[В Красноярском крае]]></item>
  </keywords>
  <text verify="true" type="str" auto="true"><![CDATA[С завтрашнего дня, 14 июня, из-за ремонта теплосетей для водителей закроют часть улицы Бограда в центре Красноярска.
На участке от Робеспьера до Профсоюзов коммунальщики проведут ремонт теплотрассы. Работы планируют закончить до 10 июля. Готова схема объезда.
Также до 15 июня автомобилисты не смогут проехать к парковке вдоль восточной стороны гостиницы «Амакс» (улица Александра Матросова, 2) на правом берегу, до 17 июня — вдоль гостиницы «Красноярск» в центре города (от улицы Перенсона до здания Урицкого, 94). На этих участках есть временные дорожные знаки.
Вы можете предупредить знакомых водителей, нажав кнопку «Поделиться в соцсетях»:]]></text>
</doc>
