<?xml version='1.0' encoding='UTF-8'?>
<doc>
  <source><![CDATA[https://newslab.ru/news/902449]]></source>
  <category verify="true" type="str" auto="true"><![CDATA[Новости]]></category>
  <title verify="true" type="str" auto="true"><![CDATA[Завтра в Красноярске заработает первый открытый бассейн]]></title>
  <keywords verify="true" type="list" auto="true">
    <item type="str"><![CDATA[Новости]]></item>
    <item type="str"><![CDATA[Общество]]></item>
    <item type="str"><![CDATA[В Красноярском крае]]></item>
  </keywords>
  <text verify="true" type="str" auto="true"><![CDATA[Завтра, 5 июня, в Красноярске откроется первый в городе открытый бассейн. Пляжный комплекс «Мираж» в фанпарке «Бобровый лог» заработает с 10 утра.
С 5 по 11 июня будет действовать скидка 20 % на стандартные тарифы на полдня и целый день. В день открытия первые 10 посетителей получат прогулочный билет на канатную дорогу.
«Бассейн работает ежедневно с 10:00 до 21:00 при температуре воздуха выше +20 С и без дождя», — рассказали в «Бобровом логу».
Абонемент «Стандарт» со скидкой на целый день будет стоить 720 рублей для взрослого и 520 — для ребенка. После 11 июня, когда скидка перестанет действовать, за целый день в бассейне нужно будет заплатить 900 рублей за взрослого и 650 рублей — за ребенка.
В Красноярске в этом году заработают несколько открытых бассейнов — в парке Гагарина на Свободном, в парке «Прищепка» в Ветлужанке, традиционно открытый бассейн заработает в «Соколе».
Предыстория: В Красноярском крае открылся первый пляж]]></text>
</doc>
