<?xml version='1.0' encoding='UTF-8'?>
<doc>
  <source><![CDATA[https://newslab.ru/news/902997]]></source>
  <category verify="true" type="str" auto="true"><![CDATA[Новости]]></category>
  <title verify="true" type="str" auto="true"><![CDATA[Красноярская школьница создала органайзер для швейных принадлежностей и победила с ним на Всероссийском конкурсе]]></title>
  <keywords verify="true" type="list" auto="true">
    <item type="str"><![CDATA[Новости]]></item>
    <item type="str"><![CDATA[Общество]]></item>
    <item type="str"><![CDATA[В России]]></item>
    <item type="str"><![CDATA[В Красноярском крае]]></item>
  </keywords>
  <text verify="true" type="str" auto="true"><![CDATA[Проект красноярской школьницы, 13-летней Тамары Приходько, занял третье место на Всероссийском конкурсе дизайна среди школьников «Точка внимания-2019». Девочка спроектировала и создала систему хранения, позволяющую компактно и аккуратно разместить всё необходимое для рукоделия так, чтоб нитки были расположены по цветам и не перемешивались.
Тамара два года занимается в Красноярском детском технопарке «Кванториум» по направлению «Промышленный дизайн» и увлекается вышиванием. Проект Тамары также признали одним из лучших на итоговой научно-технической конференции детского технопарка. Оценивали конкурсантов известные российские дизайнеры: Эркен Кагаров, арт-директор студии Артемия Лебедева и преподаватель Высшей академической школы графического дизайна и др.
Годом ранее Тамара вошла в число победителей итоговой конференции «Кванториума» со своей эргономичной полкой для книг. В планах у начинающего дизайнера поработать над эргономичным рабочим местом школьника.]]></text>
</doc>
