<?xml version='1.0' encoding='UTF-8'?>
<doc>
  <source><![CDATA[https://newslab.ru/news/903043]]></source>
  <category verify="true" type="str" auto="true"><![CDATA[Новости]]></category>
  <title verify="true" type="str" auto="true"><![CDATA[Запрет велосипедов на мосту до Татышева разозлил красноярцев: создали петицию]]></title>
  <keywords verify="true" type="list" auto="true">
    <item type="str"><![CDATA[Новости]]></item>
    <item type="str"><![CDATA[Общество]]></item>
    <item type="str"><![CDATA[В Красноярском крае]]></item>
  </keywords>
  <text verify="true" type="str" auto="true"><![CDATA[Обновлено 11 июня: Велосипедистам разрешили ездить по вантовому мосту
Красноярцы отреагировали на запрет езды по вантовому мосту велосипедистов и создали в интернете петицию за отмену ограничений.
Новые правила перемещения по мосту до Татышева ввели вчера, 6 июня. Теперь он стал полностью пешеходным. Двигаясь до острова и обратно, можно перевозить велосипед рядом с собой. Сегодня петиция за отмену ограничений появилась на портале change.org. Её создатель обращается к мэру Красноярска Сергею Ерёмину.
«Уважаемый Сергей Васильевич! Остров Татышев — народная территория, любимое природное место для красноярцев. На остров приходит и стар, и млад, погулять, позагорать, покататься на велосипедах, скейтах и просто отдохнуть. Горожане возмущены тем, что теперь кто-то может ездить по мосту на машинах, а велосипедистам въезд запрещен. Просим вас разобраться в скандальной ситуации, снять запреты на проезд по мосту для велосипедистов», — из текста петиции.
Как объяснили в мэрии, решение приняли из-за многочисленными жалоб горожан на опасные ситуации с велосипедистами. В тот же день, когда появились запрещающие знаки и разметка, красноярцы заметили въезжающий на мост автомобиль Lexus, что ещё больше возмутило горожан.
Уже в эту субботу, 8 июня, на Татышеве пройдёт масштабное празднование Дня города. На острове будут работать более 250 различных площадок для культурного и спортивного отдыха горожан.
Программа Дня города на Татышеве
Предыстория: На красноярском вантовом мосту появились новые знаки и разметка. Теперь по нему нельзя ездить на велосипеде]]></text>
</doc>
