<?xml version='1.0' encoding='UTF-8'?>
<doc>
  <source><![CDATA[https://newslab.ru/news/904070]]></source>
  <category verify="true" type="str" auto="true"><![CDATA[Новости]]></category>
  <title verify="true" type="str" auto="true"><![CDATA[Красноярская учительница вновь подготовила рекордное количество стобалльников по химии]]></title>
  <keywords verify="true" type="list" auto="true">
    <item type="str"><![CDATA[Новости]]></item>
    <item type="str"><![CDATA[Общество]]></item>
    <item type="str"><![CDATA[В Красноярском крае]]></item>
  </keywords>
  <text verify="true" type="str" auto="true"><![CDATA[В Красноярском крае стали известны результаты еще по двум предметам ЕГЭ: химии и истории. В регионе вновь установлен новый рекорд по количеству стобалльников по химии — их 25. В прошлом году этот предмет на высший балл написали 13 ребят, как и двумя годами ранее. Лучший результат был зафиксирован в 2015 году — 17 человек.
Всего в экзамене по химии в 2019 году приняли участие 1631 человек. Свыше 80 баллов за работу получили 215 (13,2%) выпускников. Как и в прошлые годы, «рекордсменом» по подготовке стобалльников стала учительница красноярской школы № 144 Елена Молчанова. В этом году 12 из 25 стобалльников — это выпускники Елены Молчановой. В прошлом году она подготовила 6 стобалльников, а в 2017 — 8. За 6 лет среди ее учеников более 60 ребят получили за работу высший балл. Многие ее выпускники сейчас являются успешными студентами медицинских вузов Санкт-Петербурга, Москвы и Красноярска. Все они были на верхних строчках к зачислению на бюджет.
Несколько лет подряд Елена Молчанова получает премию за успешную работу с одаренными детьми за подготовку призеров и победителей заключительного этапа Всероссийской олимпиады школьников. С ее слов, никакой особой методики преподавания у нее нет, «она идет по пути советской системы образования» — после каждой пройденной темы проводит письменный и устный зачет: «В моих специализированных химико-биологических классах обучаются 52 ребенка. Все они нацелены на поступление в медицинские вузы. Подготовку к ЕГЭ мы практически не ведем, потому как я уверена в том, что „натаскивать“ детей на итоговые экзамены бесполезно. Мы активно участвуем в олимпиадах различного уровня, развиваем мышление, логику, расширяем кругозор. В этом году мои дети по итогам олимпиад получили 98 дипломов и подтвердили право поступления в вузы без конкурса».
Министр образования края Светлана Маковская рассказала, что именно к этому учителю еще за два года до начала обучения в специализированных классах стремятся попасть будущие абитуриенты медицинских вузов.
Также в регион пришли результаты ЕГЭ по истории. Этот предмет на 100 баллов написали 3 выпускника. Свыше 80 баллов за работу получили 116 человек (8,7 %).
На сегодняшний день в Красноярском обнародованы результаты ЕГЭ по 6 предметам. Новые рекорды по количеству стобалльников в этом году установили на ЕГЭ по литературе — 18 человек, химии — 25 человек, профильной математике — 8 человек. Всего по итогам 6 экзаменов в регионе выявлено 56 высших результатов.
Предыстория: В Красноярском крае обнародовали результаты ЕГЭ по трем предметам. Рекордное количество 100-балльников насчитали на экзамене по литературе]]></text>
</doc>
