<?xml version='1.0' encoding='UTF-8'?>
<doc>
  <source><![CDATA[https://newslab.ru/news/902650]]></source>
  <category verify="true" type="str" auto="true"><![CDATA[Новости]]></category>
  <title verify="true" type="str" auto="true"><![CDATA[Красноярский край возглавил пятёрку грязнейших регионов России]]></title>
  <keywords verify="true" type="list" auto="true">
    <item type="str"><![CDATA[Новости]]></item>
    <item type="str"><![CDATA[Общество]]></item>
    <item type="str"><![CDATA[В Красноярском крае]]></item>
  </keywords>
  <text verify="true" type="str" auto="true"><![CDATA[Красноярский край возглавил топ-5 самых загрязнённых регионов страны. Рейтинг составила общественная организация «Зелёный патруль» на основе официальных отчётов властей, жалоб местных жителей и собственных проверок качества атмосферного воздуха.
Список из 85 регионов с оценкой экологического благосостояния организация обнародовала сегодня, 5 июня. Рейтинг готовится раз в квартал, и за последние три месяца Красноярский край спустился в нём с 79 на 80 позицию. По данным общественников, Красноярский край, Оренбургская, Нижегородская, Иркутская, Челябинская и Свердловская области стали самыми «грязными» регионами страны.
Одной из главных проблем эксперты называют долгий запуск мусорной реформы, имитацию сортировки и переработки отходов. Много жалоб населения поступает и по поводу качества атмосферного воздуха.
«Раньше некоторые регионы присылали огромные массивы информации об условно значимых экологических событиях, рассчитывая только за счёт них подняться в рейтинге. Таких мероприятий, например, как проведение конференции или круглого стола, организации выставки детских рисунков или уборки местного двора. Но, при этом, надо понимать, что экология региона зависит не только от таких мероприятий. Очень важно уделять внимание насущным экологическим проблемам: качеству воздуха, водных ресурсов, состоянию промышленной среды, рекультивации полигонов, ликвидации несанкционированных свалок, модернизации предприятий. Про эти события, к сожалению, власти регионов нам не так много информации присылают», — отметил директор «Национального экологического корпуса» Виктор Табачков.
Пятёрка самых чистых регионов этой весной, как и по итогам прошлого года, выглядит так:
Предыстория: Красноярский край оказался в хвосте экологического рейтинга по итогам зимы]]></text>
</doc>
