<?xml version='1.0' encoding='UTF-8'?>
<doc>
  <source><![CDATA[https://newslab.ru/news/903012]]></source>
  <category verify="true" type="str" auto="true"><![CDATA[Новости]]></category>
  <title verify="true" type="str" auto="true"><![CDATA[В День России красноярские электрички поменяют расписание]]></title>
  <keywords verify="true" type="list" auto="true">
    <item type="str"><![CDATA[Новости]]></item>
    <item type="str"><![CDATA[Общество]]></item>
    <item type="str"><![CDATA[В Красноярском крае]]></item>
  </keywords>
  <text verify="true" type="str" auto="true"><![CDATA[12 июня, в День России, пригородные и городские поезда Красноярской железной дороги будут курсировать по расписанию субботы, что позволит всем желающим совершить поездки по удобному графику выходного дня. Кроме того, для удобства пассажиров компания «Краспригород» назначает дополнительные электрички на востребованных пригородных и городских направлениях, — Красноярск — Кемчуг и Красноярск — Красноярск-Северный.
12 июня на маршруты выйдут:
Два электропоезда, которые значатся в традиционном субботнем расписании, в этот день курсировать не будут. Это поезд № 6418/6617 Красноярск — Уяр — Мана, (отправление со станции Красноярск в 9:45, прибытие на станцию Мана в 15:01) и поезд № 6325/6326 Красноярск — Минино — Красноярск (отправление со станции Красноярск в 12:28, прибытие на станцию в Минино в 13:04). Время указано местное.
В Хакасии, а также на участках Ачинск — Лесосибирск и Решоты — Чунояр Красноярского края пригородные поезда в этот день будут курсировать по своему обычному графику.
Уточнить расписание движения электропоездов можно на официальном сайте компании «Краспригород», воспользовавшись мобильными приложениями «Краспригород» и «Яндекс.Электрички», или по бесплатному телефону справочного центра ОАО «РЖД» 8 (800) 775-00-00.
Вы можете рассказать про изменения расписания электричек своим друзьям и знакомым, нажав кнопку «Поделиться в соцсети»:]]></text>
</doc>
