<?xml version='1.0' encoding='UTF-8'?>
<doc>
  <source><![CDATA[https://newslab.ru/news/902573]]></source>
  <category verify="true" type="str" auto="true"><![CDATA[Новости]]></category>
  <title verify="true" type="str" auto="true"><![CDATA[Жительница Сосновоборска потеряла ногу и засудила врачей за неправильное лечение]]></title>
  <keywords verify="true" type="list" auto="true">
    <item type="str"><![CDATA[Новости]]></item>
    <item type="str"><![CDATA[Общество]]></item>
    <item type="str"><![CDATA[В Красноярском крае]]></item>
  </keywords>
  <text verify="true" type="str" auto="true"><![CDATA[В Красноярском крае женщина из-за неправильного лечения лишилась ноги и сумела через суд добиться компенсации.
Как сообщили в краевом управлении службы судебных приставов, женщина обратилась к врачам для того, чтобы вылечить имеющееся у нее заболевание. Медицинская терапия не помогла, состояние здоровья только ухудшилось. Женщина обратилась в другую больницу и там ей вынуждены были ампутировать ногу. Врачи дали заключение, что первое лечение было неправильным.
Женщина обратилась в суд, чтобы получить с больницы компенсацию. Моральный вред судья оценил в 700 тысяч рублей.
Однако расставаться с деньгами врачи не спешили. Убедить их смогли только судебные приставы, которые пообещали возбудить в их отношении уголовное дело по ст. 315 УК РФ (неисполнение приговора суда).]]></text>
</doc>
