<?xml version='1.0' encoding='UTF-8'?>
<doc>
  <source><![CDATA[https://newslab.ru/news/905471]]></source>
  <category verify="true" type="str" auto="true"><![CDATA[Новости]]></category>
  <title verify="true" type="str" auto="true"><![CDATA[Минздрав назвал самые смертоносные виды рака в России]]></title>
  <keywords verify="true" type="list" auto="true">
    <item type="str"><![CDATA[Новости]]></item>
    <item type="str"><![CDATA[Происшествия]]></item>
    <item type="str"><![CDATA[Общество]]></item>
    <item type="str"><![CDATA[В Красноярском крае]]></item>
  </keywords>
  <text verify="true" type="str" auto="true"><![CDATA[Назвали вид рака с самыми высокими показателями летальности в России. Данные приводит издание RT со ссылкой на минздрав страны.
Чаще всего в 2018 году пациенты умирали от злокачественной опухоли поджелудочной железы — 39,9 % от общего числа людей с раковым диагнозом. Уровень летальности при раке печени и внутрипечёночных протоков составил 38,4 %, на третьем месте рак пищевода — 29,9 % смертельных исходов. Высокие показатели смертности при злокачественных новообразованиях в трахее, бронхах и лёгких — 21,9 %, при раке глотки — 17,3 %.
Меньше всего фиксировали смертельные исходы при раке кожи (кроме меланомы) — 0,4 %, щитовидной железы (0,6 %), губы (1 %), тела матки (2,2 %) и молочной железы (3 %). Общий показатель смертности от онкологических заболеваний по стране составил 6 %.
Ранее в минздраве обнародовали данные, что по итогам диспансеризации населения в 2018 году в России частота выявления рака составила 910,3 случая на 100 тысяч человек.]]></text>
</doc>
