<?xml version='1.0' encoding='UTF-8'?>
<doc>
  <source><![CDATA[https://newslab.ru/news/903003]]></source>
  <category verify="true" type="str" auto="true"><![CDATA[Новости]]></category>
  <title verify="true" type="str" auto="true"><![CDATA[На Мичурина поменяют 33-летнюю теплосеть]]></title>
  <keywords verify="true" type="list" auto="true">
    <item type="str"><![CDATA[Новости]]></item>
    <item type="str"><![CDATA[Общество]]></item>
    <item type="str"><![CDATA[В Красноярском крае]]></item>
  </keywords>
  <text verify="true" type="str" auto="true"><![CDATA[Участок теплосети на улице Мичурина в Красноярске, который проложили в 1986 году, уходит на ремонт. Сибирская генерирующая компания заменит здесь около 185 метров труб. Работы начнутся 7 июня и продолжатся, ориентировочно, до 10 июля.
Специалисты Красноярской теплотранспортной компании СГК и сотрудники подрядной организации, проведут работы на магистральных трубах диаметром 500 мм. Уже 8 июня снимут слой асфальта, вскроют лоток теплотрассы и демонтируют старые трубы, которые проработали около 33 лет. Жителей ближайших домов, которые получают тепло по этой тепломагистрали, обеспечат горячей водой по временным трубопроводам.
Работы на этом участке синхронизированы с планами администрации Красноярска по ремонту дороги на улице Мичурина, который пройдет летом этого года.
На время работ проезжая часть на улице Мичурина сузится при движении от улицы Московская в сторону Октябрьского моста. Кроме того, остановку «Мичурина» от дома № 6а временно перенесут к дому № 6. На участке введут ограничение скорости 40 км/ч. Для водителей выставят необходимые знаки и информационные щиты.
Красноярская теплотранспортная компания СГК приносит всем участникам дорожного движения извинения за доставленные неудобства и просит отнестись к ним с пониманием. Своевременная замена тепловых сетей позволит сократить число повреждений трубопроводов в отопительный сезон. В 2019 году Сибирская генерирующая компания отремонтирует в Красноярске около 12 км тепловых сетей. Работы на ключевых участках стартовали после завершения отопительного сезона.]]></text>
</doc>
