<?xml version='1.0' encoding='UTF-8'?>
<doc>
  <source><![CDATA[https://newslab.ru/news/905544]]></source>
  <category verify="true" type="str" auto="true"><![CDATA[Новости]]></category>
  <title verify="true" type="str" auto="true"><![CDATA[До осени в Красноярске разработают концепцию развития туристской зоны «Столбов»]]></title>
  <keywords verify="true" type="list" auto="true">
    <item type="str"><![CDATA[Новости]]></item>
    <item type="str"><![CDATA[Общество]]></item>
    <item type="str"><![CDATA[В Красноярском крае]]></item>
  </keywords>
  <text verify="true" type="str" auto="true"><![CDATA[Агентство по туризму Красноярского края до осени должно разработать комплексную концепцию развития туристской зоны «Столбов». Необходимость такого документа обсуждали сегодня на совместном заседании двух комитетов Законодательного Собрания региона — по государственному устройству, законодательству и местному самоуправлению и по природным ресурсам и экологии.
Первый заместитель председателя Законодательного Собрания Сергей Попов напомнил собравшимся, что последнее обсуждение судьбы туристской зоны заповедника состоялось в марте. Тогда прозвучало предложение передать самую посещаемую зону «Столбов» в состав Красноярска. Это, по мнению авторов проекта, позволило бы решить некоторые бытовые вопросы, а также повысить защищенность территории от пожаров. Однако в ходе обсуждения стало понятно, что решить проблемы таким путем не получится. Изменение административных границ или межмуниципальное соглашение о перераспределении полномочий не сможет решить весь комплекс проблем.
«Мы внимательно изучили эти предложения и пришли к выводу, что к развитию заповедника нужно подойти более системно. Сейчас все вопросы решаются, но точечно. Например, был вопрос оказания первой помощи на „Столбах“. Его решили — есть соответствующая инфраструктура, работают спасатели, которые могут довезти до дороги и передать скорой помощи. Каждая из проблем рано или поздно находит свое решение, но не правильно относится к ним как к отдельным элементам. Такой подход не дает представления о том, какими будут Столбы через пять лет, как облегчить антропогенную нагрузку, как встроить любимое место отдыха красноярцев и гостей города в современные реалии и при этом не навредить экосистеме. Таким образом, комитет пришел к сегодняшнему разговору о комплексной концепции развития заповедника», — отметил Сергей Попов.
Директор «Столбов» Вячеслав Щербаков отметил, что необходимо перераспределять рекреационную нагрузку на заповедник. В 2018 году через «Столбы» прошли 750 тысяч туристов, а в этом году ожидается увеличение еще на 100 тысяч человек. Не хватает сопутствующей инфраструктуры, недостает сил и средств на восстановление, не говоря уже о природном самовосстановлении. Дирекция заповедника видит решение в перераспределении антропогенной нагрузки между соседними объектами — фан-парком «Бобровый Лог», «Роевым ручьем» и садом имени Крутовского. Экопарк «Гремячая Грива», открытый недавно на левом берегу, способен привлечь около ста тысяч посетителей.
Идею создания «южного кластера» поддержал директор парка флоры и фауны «Роев Ручей» Андрей Горбань. Единственная проблема, которая может помешать этому — загруженная трасса «Красноярск — Дивногорск».
«Необходимо учитывать, что уже сегодня трасса Красноярск — Дивногорск перегружена по выходным. Все наши проекты „уткнутся“ в пробку. Только к нам ежегодно приходят 800 тысяч посетителей, в Бобровый Лог — около 400 тысяч. У нас есть собственные идеи и наработки в этом направлении: развитие городской электрички, речных трамваев — готовы обсудить», — пояснил Андрей Горбань.
По итогам совместного заседания в решение комитетов записана рекомендация правительству края о создании рабочей группы по разработке концепции развития заповедника «Столбы». По словам руководителя агентства по туризму края Юлии Верхушиной, концепция будет вынесена на рассмотрение осенью этого года.
Предыстория: Для безопасности туристов часть заповедника «Столбы» предложили передать Красноярску]]></text>
</doc>
