<?xml version='1.0' encoding='UTF-8'?>
<doc>
  <source><![CDATA[https://newslab.ru/news/902799]]></source>
  <category verify="true" type="str" auto="true"><![CDATA[Новости]]></category>
  <title verify="true" type="str" auto="true"><![CDATA[В конце недели в парке имени Гагарина Красноярска заработает новый открытый бассейн]]></title>
  <keywords verify="true" type="list" auto="true">
    <item type="str"><![CDATA[Новости]]></item>
    <item type="str"><![CDATA[Общество]]></item>
    <item type="str"><![CDATA[В Красноярском крае]]></item>
  </keywords>
  <text verify="true" type="str" auto="true"><![CDATA[В воскресенье в красноярском парке имени Гагарина на проспекте Свободный заработают открытые бассейны для взрослых и детей. Об этом рассказал директор парка Петр Иванов.
9 июня в парке пройдет большой спортивный праздник и торжественное открытие бассейнов. Сейчас к работе готов маленький «лягушатник» для детей и большая чаша для взрослых. Она может вместить до 300 человек, ее глубина 1,2 метра. Вода в них будет подогреваться и дезинфицироваться.
Директор парка пояснил, что стоимость посещения комплекса — 500 рублей. За эти деньги человек может целый день загорать на закрытой территории, купаться в открытом бассейне и принимать душ. За безопасностью посетителей будет следить охрана комплекса, а также специально обученные спасатели.
Напомним, в Красноярске уже заработал первый открытый бассейн в фан-парке «Бобровый лог». Позднее обещают открыть для купания водоем в парке «Прищепка» и открытый бассейн «Сокол».
Предыстория: В Гагаринском парке заработают открытый бассейн и новый скейт-парк]]></text>
</doc>
