<?xml version='1.0' encoding='UTF-8'?>
<doc>
  <source><![CDATA[https://newslab.ru/news/903702]]></source>
  <category verify="true" type="str" auto="true"><![CDATA[Новости]]></category>
  <title verify="true" type="str" auto="true"><![CDATA[Роспотребнадзор предложил запретить уничтожение продуктов]]></title>
  <keywords verify="true" type="list" auto="true">
    <item type="str"><![CDATA[Новости]]></item>
    <item type="str"><![CDATA[Общество]]></item>
    <item type="str"><![CDATA[В России]]></item>
  </keywords>
  <text verify="true" type="str" auto="true"><![CDATA[В России предложили не отправлять на мусорные полигоны продукты, которые можно употреблять в пищу. Соответствующее предложение направили Минприроды и Роспотребнадзор в Совет при президенте России по развитию гражданского общества и правам человека.
Что планируется делать с такими продуктами, в документе не сказано. Понятно лишь то, что их запретят уничтожать и вывозить на мусорные полигоны. Отходы пищи и невостребованные продукты Роспотребнадзор предлагает использовать в качестве источников биоэнергетики.
Кроме того, ведомство высказалось за поэтапное сокращение, а затем и полный запрет, на производство одноразовых пластиковых пакетов для розничной торговли. Некоторые виды тары и упаковки могут сделать многоразовыми. Роспотребнадзор также хочет юридически закрепить стимулирование применения многоразовой тары и саморазрушающихся материалов при производстве упаковки.
Уничтожение продуктов, пригодных для употребления, постоянно вызывает возмущение у жителей России. Они считают, что еду можно было бы раздать неимущим. Но представители власти, в том числе президент России Владимир Путин, утверждают, что уничтожение «санкционки» обеспечивает рост экономики. В Красноярском крае чаще всего под бульдозеры отправляют яблоки из Польши. Специалистам Россельхознадзора предприниматели поясняют, что не знают, какие именно яблоки им привезут — они их заказывают в Москве, куда фрукты поступают из Белоруссии.
Предыстория: Владимир Путин объяснил необходимость уничтожения санкционных продуктов]]></text>
</doc>
