<?xml version='1.0' encoding='UTF-8'?>
<doc>
  <source><![CDATA[https://newslab.ru/news/903549]]></source>
  <category verify="true" type="str" auto="true"><![CDATA[Новости]]></category>
  <title verify="true" type="str" auto="true"><![CDATA[Россиянам могут запретить держать слишком много кошек и собак в квартирах]]></title>
  <keywords verify="true" type="list" auto="true">
    <item type="str"><![CDATA[Новости]]></item>
    <item type="str"><![CDATA[Общество]]></item>
    <item type="str"><![CDATA[В России]]></item>
  </keywords>
  <text verify="true" type="str" auto="true"><![CDATA[В России могут появится правила, регламентирующие количество домашних животных, которых содержат в квартирах. Об инициативе комитета Совета Федерации по аграрно-производственной политике и природопользованию сообщила «Парламентская газета».
Число питомцев в доме или квартире предлагают рассчитывать исходя из площади жилья. Комитет также предлагает принять нормы об обязательной идентификации домашних животных и установить штрафы за нарушение ветеринарных правил их регистрации и содержания. Кроме того, необходимо создать и внедрить единую информационную базу данных учёта домашних животных, считают сенаторы.
Ряд поправок должен дополнить и закон об ответственном обращении с животными. Сейчас за жестокое обращение, которое привело к увечью или гибели животного, есть только уголовная ответственность. Люди, которые просто издеваются над кошками или собаками, причиняют им боль, но не травмы, не получают никакого наказания. По мнению сенаторов, им должна грозить административная ответственность.
Еще одна инициатива направлена на создание приютов.
«Министерству стоит предложить регионам предусмотреть финансирование, предоставление земельных участков, проектирование и строительство приютов для животных, в том числе специализированных, в которых можно будет надлежащим образом содержать диких животных, до этого живших в неволе и конфискованных, если возвратить их в среду обитания невозможно. В том числе, это необходимо, так как по новому закону запрещено держать дома диких представителей фауны», — говорится в документе.
В Совете Федерации отметил, что в России существует всего 412 приютов для животных и 219 пунктов передержки. В скором времени планируется создать еще 67 приютов. Причем ситуация по регионам России неоднородна — в Челябинской области 23 приюта и еще 5 в планах, а в четырех регионах нет вообще ни одного.]]></text>
</doc>
