<?xml version='1.0' encoding='UTF-8'?>
<doc>
  <source><![CDATA[https://newslab.ru/news/902569]]></source>
  <category verify="true" type="str" auto="true"><![CDATA[Новости]]></category>
  <title verify="true" type="str" auto="true"><![CDATA[Красноярская автоледи уехала с места незначительного ДТП с участием дедушки-пешехода. Теперь ее ищут (видео)]]></title>
  <keywords verify="true" type="list" auto="true">
    <item type="str"><![CDATA[Новости]]></item>
    <item type="str"><![CDATA[Происшествия]]></item>
    <item type="str"><![CDATA[В Красноярском крае]]></item>
  </keywords>
  <text verify="true" type="str" auto="true"><![CDATA[В Советском районе Красноярска произошло очередное ДТП с участием пешехода и женщины-водителя. Все случилось в 10:40 часов утра 4 июня в районе пересечения улиц Ястынской и Воронова (мкрн Зелёная Роща).
Судя по кадрам с камеры уличного наблюдения, мужчина переходил проезжую часть улицы Воронова по нерегулируемому пешеходному переходу, и его сбила автоледи, которая за несколько секунд до этого тронулась с места. Удар был незначительным, но пешеход все равно упал на дорогу. Водитель вышла из машины, помогла мужчине подняться, они некоторое время поговорили на тротуаре, после чего женщина уехала.
Публикация от ЧП Красноярск (@kras.chp) 4 Июн 2019 в 7:15 PDT
Сегодня в социальных сетях появилась информация, что она скрылась с места ДТП и теперь ее или свидетелей просят связаться с полицией.
В ГИБДД Newslab рассказали, что в ДТП пострадал 80-летний пешеход, а автоледи действительно уехала с места происшествия, нарушив закон. При ДТП с пострадавшим она обязана была принять меры для оказания первой помощи, вызвать скорую и полицию. За невыполнение обязанностей в связи с дорожно-транспортным происшествием автоледи могут лишить прав на срок до 1,5 лет или арестовать на срок до 15 суток.]]></text>
</doc>
