<?xml version='1.0' encoding='UTF-8'?>
<doc>
  <source><![CDATA[https://newslab.ru/news/904722]]></source>
  <category verify="true" type="str" auto="true"><![CDATA[Новости]]></category>
  <title verify="true" type="str" auto="true"><![CDATA[В Красноярском крае девушка напала с ножом на попутчика в поезде и выставила это как защиту от насильника]]></title>
  <keywords verify="true" type="list" auto="true">
    <item type="str"><![CDATA[Новости]]></item>
    <item type="str"><![CDATA[Происшествия]]></item>
    <item type="str"><![CDATA[В Красноярском крае]]></item>
  </keywords>
  <text verify="true" type="str" auto="true"><![CDATA[В Красноярском крае будут судить 27-летнюю жительницу Тюмени, которая напала с ножом на пассажира поезда сообщением «Москва-Владивосток». Хулиганка находилась в состоянии алкогольного опьянения, на фоне которого между ней и 33-летним соседом произошел конфликт. В результате девушка несколько раз ударила мужчину ножом — в грудь и правую руку.
«Работники поездной бригады оказали первую помощь потерпевшему, на ближайшей станции его госпитализировали. Прибывшие на место происшествия сотрудники линейного отдела МВД России на станции Ачинск установили, что подозреваемая ранее привлекалась к уголовной ответственности за присвоение имущества и применение насилия в отношении представителя власти. На этот раз она попыталась представить случившееся как защиту от домогательства, но в ходе предварительного расследования эта версия не подтвердилась», — рассказали в транспортной полиции.
За умышленное причинение средней тяжести вреда здоровью (ч. 2 ст. 112 УК РФ) девушке грозит до 5 лет колонии. В настоящее время уголовное дело направлено в суд для рассмотрения по существу.]]></text>
</doc>
