<?xml version='1.0' encoding='UTF-8'?>
<doc>
  <source><![CDATA[https://newslab.ru/news/902538]]></source>
  <category verify="true" type="str" auto="true"><![CDATA[Новости]]></category>
  <title verify="true" type="str" auto="true"><![CDATA[Прогулки по квадрату в центре, гитарная вечеринка и долгожданный бассейн: среда в Красноярске]]></title>
  <keywords verify="true" type="list" auto="true">
    <item type="str"><![CDATA[Новости]]></item>
    <item type="str"><![CDATA[Общество]]></item>
    <item type="str"><![CDATA[В Красноярском крае]]></item>
  </keywords>
  <text verify="true" type="str" auto="true"><![CDATA[Сегодня среда, 5 июня. В Красноярске солнечно и очень тепло, ожидается +11 с утра и до 27 °C во второй половине дня. Северо-восточный ветер будет сильным — до 2 м/с, а небо — облачным с прояснениями.
В 18:00 на Творческой поляне Арт-берега под Коммунальным мостом пройдет музыкальный перфоманс «Бард-среда». На сцене выступят красноярские исполнители.
Программа Дня города-2019 в Красноярске до 12 июня
Сегодня, 5 июня, в Красноярске открывается первый в городе открытый бассейн в фанпарке «Бобровый лог». Пляжный комплекс «Мираж» начинает работать с 10:00 до 21:00 ежедневно (при температуре воздуха выше +20 °C и без дождя). В день открытия первые десять посетителей получат прогулочный билет на канатную дорогу.
Newslab подготовил подборку мероприятий, которые можно посетить в эту среду:
В 19:00 в Филармонию (площадь Мира, 2Б) всех приглашают на зажигательный концерт народного танца и яркой сценической хореографии. Артисты ансамбля танца Сибири имени Михаила Годенко представят постановки из золотого фонда. Зрители увидят «Танец регулировщиц», шуточный танец «На птичьем дворе», народную игровую пляску «Параня» и другие номера. Билеты ещё есть в наличии.
В 18:30 сотрудники Краевой научной библиотеки приглашают прогуляться по Красноярску и узнать кое-что новое. На экскурсии «Культурный квадрат» расскажут историю площади Революции, Центрального парка, кинотеатра «Луч» и краевой научной библиотеки. Для участия в прогулке нужно зарегистрироваться по телефону: 211-36-42.
Перед днём премьер предлагаем посмотреть забавную комедию с очаровательным актёрским составом «Отпетые мошенницы». Высокие каблуки, яркая помада и главное — утягивающее белье. Будь готова расплакаться в любой момент. Ни один мужчина не устоит перед женскими слезами. Бери все, что «плохо лежит» и хорошо блестит. За каждым миллионом может скрываться миллиард.Что это? Правила, по которым работают настоящие мошенницы. Билеты в кассах кинотеатров.
В 21:00 на пространстве Yushin Brothers (ул. Карла Маркса, 102) пройдёт открытый микрофон «Живая музыка». Ребята Юшина предоставят инструменты и создадут крутую атмосферу, а ведущий объявит вас, если пожелаете выступить. Заранее сообщите об этом организаторам, кодовая фраза «Хочу выступить». Вход бесплатный.
В 19:00 начинающих авторов приглашают провести вечер в творческом клубе «Писательская среда». Его организуют в Молодежной библиотеке (улица Щорса, 46). Ведущие клуба — Марина Матанина (журналист, писатель, блогер, ведущая тренингов и творческих онлайн-марафонов «Пишем книгу вместе с Безумной Музой») и Денис Торн (писатель, блогер, ведущий писательского турнира Free write battle).
Как начать писать, как выбрать тему, где брать новые идеи — на эти и другие вопросы новичкам ответят ведущие мастер-класса. Вход свободный.
О других интересных событиях можно узнать в афише Красноярска
Расскажите о планах на среду друзьям, нажав кнопку:]]></text>
</doc>
