<?xml version='1.0' encoding='UTF-8'?>
<doc>
  <source><![CDATA[https://newslab.ru/news/902951]]></source>
  <category verify="true" type="str" auto="true"><![CDATA[Новости]]></category>
  <title verify="true" type="str" auto="true"><![CDATA[Житель края жестоко избил парня и сбежал. Пострадавший на 8 месяцев потерял память и не мог описать приметы преступника]]></title>
  <keywords verify="true" type="list" auto="true">
    <item type="str"><![CDATA[Новости]]></item>
    <item type="str"><![CDATA[Происшествия]]></item>
    <item type="str"><![CDATA[В Красноярском крае]]></item>
  </keywords>
  <text verify="true" type="str" auto="true"><![CDATA[Транспортные полицейские задержали жителя села Критово Боготольского района Красноярского края по подозрению в совершении жесткого избиения мужчины. Все случилось год назад — в июле 2018 года, но 27-летний пострадавший долгое время не мог вспомнить обстоятельства преступления. Из-за этого злоумышленника поймали спустя почти год — в начале лета 2019 года.
Избитого парня нашли в бессознательном состоянии на перроне железнодорожного вокзала станции Критово. Врачи диагностировали у него черепно-мозговую травму, перелом нижней челюсти, множественные ушибы и рваные раны головы.
«Потерпевший на несколько месяцев (порядка 8) потерял память и только после длительного лечения смог описать приметы преступника. В результате оперативно-розыскных мероприятий сотрудники линейного отдела МВД России на станции Ачинск задержали подозреваемого. Установлено, что 20-летний местный житель в результате внезапно возникшей ссоры нанес потерпевшему несколько ударов по голове кулаками и ногами. В отношении задержанного возбуждено уголовное дело по ч. 1 ст. 112 („Умышленное причинение средней тяжести вреда здоровью“). Максимальное наказание за данное деяние — лишение свободы на срок до 3 лет», — рассказали в пресс-службе транспортной полиции.]]></text>
</doc>
