<?xml version='1.0' encoding='UTF-8'?>
<doc>
  <source><![CDATA[https://newslab.ru/news/904213]]></source>
  <category verify="true" type="str" auto="true"><![CDATA[Новости]]></category>
  <title verify="true" type="str" auto="true"><![CDATA[ВТБ в Красноярском крае увеличил выдачи ипотеки на 22 %]]></title>
  <keywords verify="true" type="list" auto="true">
    <item type="str"><![CDATA[Новости]]></item>
    <item type="str"><![CDATA[Экономика]]></item>
    <item type="str"><![CDATA[В Красноярском крае]]></item>
  </keywords>
  <text verify="true" type="str" auto="true"><![CDATA[ВТБ по итогам первого квартала 2019 года нарастил объем выдачи ипотечных кредитов до 3,4 млрд рублей, что на 22 % превышает результат за аналогичный период прошлого года. Количество выданных кредитов выросло на 12 % и составило почти 1,8 тысяч. В результате ипотечный портфель ВТБ в регионе с начала года увеличился на 9 % и по состоянию на 1 апреля составил 39,7 млрд рублей.
Четверть от общего числа кредитов оформлена на приобретение квартир в новостройках, остальная часть приходится на готовое жилье. Средняя сумма ипотечного кредита в первом квартале 2019 года составила 1,9 млн рублей, что на 100 тысяч рублей больше, чем годом ранее. Клиентам по-прежнему интересно рефинансирование ипотеки. За первый квартал 2019 года 207 ипотечных заемщиков уменьшили ставку по действующему кредиту, общая сумма выдач в рамках программы составила 365 млн рублей.
Также спросом у заемщиков пользуется программа «Больше метров — ниже ставка». За три месяца текущего года ВТБ в Красноярском крае предоставил 73 кредита на покупку квартир площадью более 65 кв. м на общую сумму 183,7 млн рублей. При этом в апреле банк обновил условия по ипотечному кредитованию в рамках этой программы, и на текущий момент минимальная ставка составляет 9,7%.
«ВТБ занимает устойчивые позиции на ипотечном рынке Красноярского края. По итогам работы в первом квартале 2019 года банк увеличил долю на этом рынке на 2 процентных пункта, до 22 %, нарастив этот показатель по сравнению с данными прошлого года на 2 %. Рост обусловлен постоянной работой по совершенствованию ипотечных предложений ВТБ и качества обслуживания. Так, в апреле банк улучшил условия по программам „Больше метров — ниже ставка“ и „Ипотека с господдержкой“. Кроме этого, действует ряд других возможностей для ипотечных заемщиков. В 2019 году мы планируем увеличить количество и ипотечных кредитов и сумму выдач по ним в 1,5 раза», — отметила управляющий ВТБ в Красноярском крае Наталья Табаринцева.
В ВТБ ипотечный кредит можно оформить на срок до 30 лет, максимальная сумма — 60 млн рублей. В настоящее время оформить ипотеку в ВТБ можно по ставке от 9,7 % по программе «Больше метров — ниже ставка», а в рамках госсубсидирования для семей с двумя и более детьми ставка составляет 5 %. Кроме этого, у клиентов, которые являются пользователями дебетовых или кредитных карт ВТБ «Мультикарта» и «Мультикарта Привилегия», подключенных к опции «Заёмщик», есть возможность снизить ставку по ипотечному кредиту в размере до 0,6 процентных пункта.]]></text>
</doc>
