<?xml version='1.0' encoding='UTF-8'?>
<doc>
  <source><![CDATA[https://newslab.ru/news/903175]]></source>
  <category verify="true" type="str" auto="true"><![CDATA[Новости]]></category>
  <title verify="true" type="str" auto="true"><![CDATA[Дорожные полицейские с воздуха следили за нарушителями на красноярских трассах]]></title>
  <keywords verify="true" type="list" auto="true">
    <item type="str"><![CDATA[Новости]]></item>
    <item type="str"><![CDATA[Происшествия]]></item>
    <item type="str"><![CDATA[В Красноярском крае]]></item>
  </keywords>
  <text verify="true" type="str" auto="true"><![CDATA[Дорожные полицейские под Красноярском оштрафовали двух водителей за неосторожный обгон, сообщили в пресс-службе управления ГИБДД по Красноярскому краю.
Накануне на трассе Р-255 «Сибирь» провели второй совместный профилактический рейд сотрудники полиции и авиационный отряд специального назначения Росгвардии. Несколько часов над аварийными участками трассы кружил вертолет спецназа, в котором находился сотрудник ГИБДД. Он фиксировал замеченные нарушения, а затем по телефону передавал информацию своим коллегам, которые патрулировали дорогу на патрульном автомобиле.
«К ответственности были привлечены двое правонарушителей, совершивших выезд на встречную полосу, в местах, где это запрещено», — рассказали в пресс-службе об итогах рейда.
По мнению инспекторов ДПС, этот рейд показал, что нарушителей стало меньше. Большинство водителей, двигались по правилам и не совершали запрещенных маневров. Мероприятия будут проводиться весь летний сезон.]]></text>
</doc>
