<?xml version='1.0' encoding='UTF-8'?>
<doc>
  <source><![CDATA[https://newslab.ru/news/903740]]></source>
  <category verify="true" type="str" auto="true"><![CDATA[Новости]]></category>
  <title verify="true" type="str" auto="true"><![CDATA[Самое интересное в Красноярске за 11 июня: «подземный» сквер, первые стобалльники и новые правила на мосту]]></title>
  <keywords verify="true" type="list" auto="true">
    <item type="str"><![CDATA[Новости]]></item>
    <item type="str"><![CDATA[Общество]]></item>
    <item type="str"><![CDATA[В Красноярском крае]]></item>
  </keywords>
  <text verify="true" type="str" auto="true"><![CDATA[На вантовый мост в Красноярске вернули велосипеды. Запрет действовал всего четыре дня и вызвал больше пересудов, чем результатов.
В Красноярском крае посчитали стобалльников по трём предметам, есть рекорд.
Краевой минстрой ищет проектировщика на ремонт правобережной набережной Красноярска от Торгового центра и до Гладкова. За 13 миллионов нужно решить, как будет выглядеть кафе на воде, «плавучая тропа» и многое другое.
Сквер с милым названием «Добрый» в Красноярске медленно уходит под землю. Ему не исполнилось и года, а брусчатка расползлась.
В Красноярске опросили несколько сотен мужчин, готовы ли они взять в жёны курящую девушку. Многие согласны только дружить с такими, не более.
Полицейские предупредили красноярцев, что на День России устроят слежку на скрытых патрулях.]]></text>
</doc>
