<?xml version='1.0' encoding='UTF-8'?>
<doc>
  <source><![CDATA[https://newslab.ru/news/903510]]></source>
  <category verify="true" type="str" auto="true"><![CDATA[Новости]]></category>
  <title verify="true" type="str" auto="true"><![CDATA[Клиенты банка «Открытие» могут получить до 100 тысяч рублей кешбэка]]></title>
  <keywords verify="true" type="list" auto="true">
    <item type="str"><![CDATA[Новости]]></item>
    <item type="str"><![CDATA[Экономика]]></item>
    <item type="str"><![CDATA[Общество]]></item>
    <item type="str"><![CDATA[В Красноярском крае]]></item>
  </keywords>
  <text verify="true" type="str" auto="true"><![CDATA[С 3 июня по 31 июля банк «Открытие» проводит акцию для действующих и новых клиентов-предпринимателей «Максимальный кешбэк с бизнес-картой Visa». Держатели карт могут получить 10% кешбэка (до 100 тысяч рублей), просто оплачивая покупки бизнес-картой в торговых точках и интернете.
Для участия в акции новым клиентам нужно открыть расчетный счет в банке «Открытие» в составе одного из пакетов услуг по расчетно-кассовому обслуживанию счетов в рублях («Первый шаг», «Быстрый рост», «Своё дело», «Весь мир», «Открытые возможности»). Далее предприниматель оформляет и получает корпоративную карту Visa Business и в период с 3 июня по 31 июля 2019 года совершает максимальное количество операций. К участию в акции допускаются участники, совершившие минимум 5 операций по оплате товаров и услуг на общую сумму не менее 10 тысяч рублей с использованием бизнес-карты.
К участию в акции не принимаются операции по снятию или внесению наличных через банкоматы и платежные терминалы. В случае, если предприниматель уже является действующим клиентом банка «Открытие», ему нужно просто совершить максимальное количество операций.
Также по условиям участия в акции «Максимальный кешбэк с бизнес-картой Visa» в период проведения важно зарегистрироваться в качестве участника, заполнив регистрационную форму на сайте банка. Начисление поощрения в размере 10% кешбэка предприниматели получат с 20 августа по 10 сентября 2019 года на свои бизнес-карты.
Подробности об условиях акции и бизнес-карте Visa]]></text>
</doc>
