<?xml version='1.0' encoding='UTF-8'?>
<doc>
  <source><![CDATA[https://newslab.ru/news/902773]]></source>
  <category verify="true" type="str" auto="true"><![CDATA[Новости]]></category>
  <title verify="true" type="str" auto="true"><![CDATA[В День города в Красноярске не будут выпускать в небо традиционные воздушные шары]]></title>
  <keywords verify="true" type="list" auto="true">
    <item type="str"><![CDATA[Новости]]></item>
    <item type="str"><![CDATA[Общество]]></item>
    <item type="str"><![CDATA[В Красноярском крае]]></item>
  </keywords>
  <text verify="true" type="str" auto="true"><![CDATA[В День города в Красноярске не будут выпускать в небо воздушные шары. Об этом сообщил у себя в инстаграме глава города Сергей Ерёмин. Раньше в день праздника на Караульной горе поднимали флаг города, а после этого в небо отпускали сотни воздушных шаров. В этом году торжественное поднятие флага пройдет 7 июня в 11:50.
«По словам экологов, такая сиюминутная красота со временем становится губительной для природы. Некоторые российские города уже отказались от запуска воздушных шаров на выпускных в детских садах и последних звонках. Сделаем и мы небольшой шаг, думая о будущем. Тем более сделать праздник незабываемым можно и с помощью других не менее ярких, но безопасных эффектов», — прокомментировал решение Сергей Ерёмин.
Принял решение внести небольшую корректировку в церемонию поднятия флага на Караульной горе. Эта многолетняя традиция в честь Дня города всегда сопровождалась запуском нескольких сотен воздушных шаров. По словам экологов, такая сиюминутная красота со временем становится губительной для природы. Некоторые российские города уже отказались от запуска воздушных шаров на выпускных в детских садах и последних звонках. Сделаем и мы небольшой шаг, думая о будущем. Тем более сделать праздник незабываемым можно и с помощью других не менее ярких, но безопасных эффектов. #красноярск #деньгорода #экология
Публикация от Сергей Еремин (@eremin__krsk) 5 Июн 2019 в 9:14 PDT
Большинство пользователей поддержали данное решение. «Наконец-то и мы стали экологичнее думать! Давно пора шары, китайские фонарики запретить массово запускать», «Ура! Здравый смысл победил!». — писали в комментариях.
Напомним, основные события дня города намечены на субботу, 8 июня. В этот день на Татышеве пройдет программа «Красноярск — душа и сила Сибири», где будут различные спортивные, культурные развлекательные мероприятия. Здесь же пройдут турниры по командным играм. А в 20:00 российский канатоходец Геннадий Скрипко пройдёт по натянутому между опорами подсвеченного разноцветными огнями вантового моста канату.
Полная программа Дня города в Красноярске]]></text>
</doc>
