<?xml version='1.0' encoding='UTF-8'?>
<doc>
  <source><![CDATA[https://newslab.ru/news/904975]]></source>
  <category verify="true" type="str" auto="true"><![CDATA[Новости]]></category>
  <title verify="true" type="str" auto="true"><![CDATA[В Красноярске собака с инвалидной коляской ищет хозяев]]></title>
  <keywords verify="true" type="list" auto="true">
    <item type="str"><![CDATA[Новости]]></item>
    <item type="str"><![CDATA[Общество]]></item>
    <item type="str"><![CDATA[В Красноярском крае]]></item>
  </keywords>
  <text verify="true" type="str" auto="true"><![CDATA[В Красноярске ищут хозяина собаке с инвалидной коляской. Пес по кличке Бублик стал жертвой огнестрельного ранения.
Как рассказали волонтеры, собаку нашли в октябре 2018 года.
«Весь в ранах, ссадинах и безумно напуганный, он карабкался на своих двух лапах по пустырю к волонтеру, который как всегда приехал кормить местных собак. Мы не смогли пройти мимо и отказать щенку, который так борется за свою жизнь», — цитирует активистов организации помощи бездомным животным «Мордашки» издание «Комсомольская правда — Красноярск».
Пес Бублик перенес несколько операций — ему вытащили пулю из позвоночника. Потом отправили в московскую клинику на реабилитацию. Сейчас он передвигается при помощи инвалидной коляски.
15 июня собаку выписали из больницы, и сейчас ему ищут хозяина.]]></text>
</doc>
