<?xml version='1.0' encoding='UTF-8'?>
<doc>
  <source><![CDATA[https://newslab.ru/news/905323]]></source>
  <category verify="true" type="str" auto="true"><![CDATA[Новости]]></category>
  <title verify="true" type="str" auto="true"><![CDATA[Городовые назвали позорным дешёвый супермаркет Красноярска]]></title>
  <keywords verify="true" type="list" auto="true">
    <item type="str"><![CDATA[Новости]]></item>
    <item type="str"><![CDATA[Общество]]></item>
    <item type="str"><![CDATA[В Красноярском крае]]></item>
  </keywords>
  <text verify="true" type="str" auto="true"><![CDATA[Служба городовых раскритиковала популярный дискаунтер Красноярска «Батон». Магазин поместили на «доску позора» за то, что его фасад всегда грязный и неухоженный.
Внешний вид супермаркета «Батон» на Академика Павлова, 8 не соответствует требованиям оформления торгового объекта архитектурно-художественного регламента Красноярска. Вход и отмостки заросли травой, частично разрушены, добавляют городовые.
Публикация от Служба городовых в Красноярске (@sluzhba_gorodovyh_krsk) 19 Июн 2019 в 9:18 PDT
Специалист службы городовых выдал собственнику магазина предписание об устранении нарушения. За различные нарушения для юрлиц предусмотрены штрафы в размере до 200 тысяч рублей.]]></text>
</doc>
