<?xml version='1.0' encoding='UTF-8'?>
<doc>
  <source><![CDATA[https://newslab.ru/news/905465]]></source>
  <category verify="true" type="str" auto="true"><![CDATA[Новости]]></category>
  <title verify="true" type="str" auto="true"><![CDATA[Жители красноярского Студгородка пожаловались на вонючие колодцы. Через месяц их начали приводить в порядок]]></title>
  <keywords verify="true" type="list" auto="true">
    <item type="str"><![CDATA[Новости]]></item>
    <item type="str"><![CDATA[Общество]]></item>
    <item type="str"><![CDATA[В Красноярском крае]]></item>
  </keywords>
  <text verify="true" type="str" auto="true"><![CDATA[Канализационные коллекторы в Березовой роще красноярского Студгородка решили привести в порядок. Красноярцы пожаловались на них месяц назад.
За вонючие люки рядом с лыжным стадионом «Динамо», которые жители Октябрьского района придавили колпаками из полиэтилена, взялись коммунальщики. Пакеты сняли, а опасные провалы рядом с коллекторами начали засыпать землёй — из них тоже исходил едкий запах канализации, туда могли провалиться пешеходы.
Предыстория: В Березовой роще Студгородка на «вонючие» канализационные люки надели крышки из полиэтилена]]></text>
</doc>
