<?xml version='1.0' encoding='UTF-8'?>
<doc>
  <source><![CDATA[https://newslab.ru/news/903460]]></source>
  <category verify="true" type="str" auto="true"><![CDATA[Новости]]></category>
  <title verify="true" type="str" auto="true"><![CDATA[Участница красноярского чемпионата по ношению жен разбила голову на полосе препятствий (видео)]]></title>
  <keywords verify="true" type="list" auto="true">
    <item type="str"><![CDATA[Новости]]></item>
    <item type="str"><![CDATA[Происшествия]]></item>
    <item type="str"><![CDATA[В Красноярском крае]]></item>
  </keywords>
  <text verify="true" type="str" auto="true"><![CDATA[В Красноярске в День города прошел традиционный чемпионат по ношению жен. По условиям мужчины должны пронести своих возлюбленных через полосу препятствий ради главного приза — 50 тысяч рублей. Победившей считается пара, в которой женщина не коснулась земли на протяжении всей трассы.
В этом году на празднике произошло сразу два ЧП — две женщины ударились головой о бортик бассейна. Одно из происшествий попало на видео: муж нес жену вверх ногами, и когда пара выходила из бассейна, жена задела головой бортик. Пострадавшую увезли на скорой, чтобы наложить швы на рану. Другой участнице также потребовалась медпомощь.
В мэрии сообщили, что организатором чемпионата выступает «Центр реализации социальных проектов».
Как Newslab рассказали в пресс-службе учреждения, перед прохождением полосы препятствий ее испытывают специалисты.
«До начала мероприятия трассу прошли эксперты, прошли ее нормально — без травм и происшествий. Как всегда, все участники соревнований в касках, чтобы избежать сильных повреждений. Кроме того, до начала состязаний всех предупреждают о возможных травмах, участники подписывают документ о том, что они сами несут за себя ответственность», — рассказали в «Центре реализации социальных проектов.
В этом году бортик бассейна на полосе сделали немного выше, чем в прошлом, так как каждый год трасса изменяется и некоторые элементы усложняют. Как заверили в «ЦРСП», в будущем году произошедшие ЧП учтут и бортик бассейна сделают ниже. О том, насколько серьезны травмы участниц, там затруднились сказать. По данным учреждения, все ограничилось помощью скорой.
Предыстория: Красноярцев позвали на чемпионат по ношению жён]]></text>
</doc>
