<?xml version='1.0' encoding='UTF-8'?>
<doc>
  <source><![CDATA[https://newslab.ru/news/902655]]></source>
  <category verify="true" type="str" auto="true"><![CDATA[Новости]]></category>
  <title verify="true" type="str" auto="true"><![CDATA[Красноярский депутат просит наказать жену экс-губернатора за фейковые новости]]></title>
  <keywords verify="true" type="list" auto="true">
    <item type="str"><![CDATA[Новости]]></item>
    <item type="str"><![CDATA[Общество]]></item>
    <item type="str"><![CDATA[В Красноярском крае]]></item>
  </keywords>
  <text verify="true" type="str" auto="true"><![CDATA[Супругу бывшего губернатора Красноярского края Наталью Толоконскую необходимо проверить по факту распространения опасной фейковой информации в соцсетях. С соответствующим письмом в полицию обратился депутат Законодательного собрания Красноярского края Александр Глисков.
Заслуженный врач России Наталья Толоконская опубликовала пост в соцсетях о том, что укусы клещей не опасны, а даже полезны. Лечить клещевые инфекции заслуженный врач страны предложила при помощи гомеопатии.
«Как показал опрос, большинство из вас панически боится клещевого энцефалита. А здравомыслящие знают, что в Сибири — природном очаге клещевого энцефалита — очень высока устойчивость человека к развитию заболевания в случаях заражения вирусом. Через укусы клеща, чаще незаметно, обеспечивается широкая безболезненная естественная иммунизация ко всем клещевым инфекциям», — написала Толоконская в соцсетях.
Специалисты федеральной службы Роспотребнадзора опровергли достоверность таких высказываний, сославшись на изменчивость возбудителей и серьёзные последствия при отказе от лечения или соблюдения основных правил безопасности: вакцинопрофилактика, индивидуальная защита от присасывания клеща, обработки территорий,
Когда скандальный пост стали широко обсуждать в СМИ, он пропал со страницы Толоконской. Несмотря на это, депутат Заксобрания края Александр Глисков обеспокоен тем, что противоречивая информация, которая может представлять угрозу здоровью населения, широко разошлась, её успели многие прочитать. Он обратился в правоохранительные органы Новосибирска, где сейчас проживает Толоконская, с просьбой организовать проверку.
По мнению депутата, такое поведение медика в соцсетях попадает под новый закон о фейковых новостях: «распространение заведомо недостоверной информации под видом достоверных сообщений, создающих угрозу причинения вреда жизни и здоровью граждан». Депутат ссылается на пункт 1 части 2 статьи 28.3 КоАП РФ, согласно которому Толоконской грозит штраф от 30 до 100 тысяч рублей.
Наталья Толоконская известна своими противоречивыми высказываниями на тему здоровья и окружающей среды. Например, она активно продвигает гомеопатические способы лечения многих болезней и предлагает бороться с плохой экологией «чистыми мыслями».]]></text>
</doc>
