<?xml version='1.0' encoding='UTF-8'?>
<doc>
  <source><![CDATA[https://newslab.ru/news/902848]]></source>
  <category verify="true" type="str" auto="true"><![CDATA[Новости]]></category>
  <title verify="true" type="str" auto="true"><![CDATA[Губернатор Красноярского края Александр Усс работает на Петербургском международном экономическом форуме]]></title>
  <keywords verify="true" type="list" auto="true">
    <item type="str"><![CDATA[Новости]]></item>
    <item type="str"><![CDATA[Общество]]></item>
    <item type="str"><![CDATA[В Красноярском крае]]></item>
  </keywords>
  <text verify="true" type="str" auto="true"><![CDATA[Сегодня губернатор Красноярского края Александр Усс работает в Санкт-Петербурге на международном экономическом форуме, сообщает пресс-служба правительства края.
Губернатор уже подписал ряд соглашений. В частности, компания Tele2 пообещала инвестировать в экономику Красноярского края около миллиарда рублей и расширить свои сети в большей части районов региона. Фонд «Сколково», который также готов работать с Красноярским краем, поможет развиваться молодым бизнесменам.
С республикой Татарстан Александр Усс подписал план мероприятий по реализации соглашения о торгово-экономическом, научно-техническом и культурном сотрудничестве. Дорожная карта рассчитана до 2021 года.
«Татарстан давно стал надежным партнером нашего края в самых разных делах и проектах. Важно, что взаимоотношения Красноярского края и Республики Татарстан не ограничиваются контактами в сфере экономики. Подписание дорожной карты выводит наше партнерство на новый виток. Краю, перед которым сегодня стоят масштабные задачи по наращиванию человеческого, инвестиционного потенциала Сибири, очень важен опыт Татарстана как генератора идей в инфраструктурном развитии агломераций, формировании комфортной городской среды, сохранении культурного, исторического наследия. Убеждён, опыт столицы республики — Казани также поможет созданию нового, современного облика Красноярска, центра Енисейской Сибири», — прокомментировал по итогам подписания Александр Усс.
Также глава региона принял участие в сессии «Энергетическая панель», где главный исполнительный директор и председатель правления ПАО "НК "Роснефть" Игорь Сечин рассказал о перспективах нефтедобычи в Арктике на примере Красноярского края.]]></text>
</doc>
