<?xml version='1.0' encoding='UTF-8'?>
<doc>
  <source><![CDATA[https://newslab.ru/news/903655]]></source>
  <category verify="true" type="str" auto="true"><![CDATA[Новости]]></category>
  <title verify="true" type="str" auto="true"><![CDATA[Сквер «Добрый» в Красноярске уходит под землю после первых дождей]]></title>
  <keywords verify="true" type="list" auto="true">
    <item type="str"><![CDATA[Новости]]></item>
    <item type="str"><![CDATA[Происшествия]]></item>
    <item type="str"><![CDATA[Общество]]></item>
    <item type="str"><![CDATA[В Красноярском крае]]></item>
  </keywords>
  <text verify="true" type="str" auto="true"><![CDATA[Новый сквер «Добрый» в Октябрьском районе не выдержал первых дождей — на его дорожках появились серьёзные провалы.
Брусчатка на новом общественном пространстве рядом с домом № 39 «а» на Новосибирской сильно расползлась, а скамейки едва держатся на ней. Изменения местные жители стали замечать этой весной, когда сошёл снег, после дождей ситуация усугубилась.
Ко всему прочему неподалёку от испорченных дорожек в сквере накануне прорвало трубу с холодной водой. На участке работают коммунальщики, все работы устранят уже сегодня.
«Судя по тому, какие образовались провалы, брусчатку укладывали на недостаточно уплотнённую площадку. Кроме того, как рассказали местные жители, на территории сквера „Добрый“ раньше находились частные погреба. Возможно, талые воды и дожди размыли неустойчивый грунт над ними. Порыв сетей к этому не имеет никакого отношения», — пояснила представитель «КрасКома» Татьяна Лукина.
Сквер «Добрый» появился на месте небольшой рощицы летом прошлого года. Несмотря на то, что жители сами придумали проект и даже помогли с финансированием работ, они долго протестовали из-за варварской вырубки старых деревьев. На территории двора также убрали около 30 гаражей и закопали старые аварийные погреба.
Ремонт сквера курировала администрация Октябрьского района. Будут ли восстанавливать испорченные дорожки в сквере, кто этим займётся, уточнить пока не удалось.
Предыстория: Ради создания сквера «Добрый» в Красноярске срубили небольшую рощу
В новом красноярском сквере установят скульптуру в виде руки]]></text>
</doc>
