<?xml version='1.0' encoding='UTF-8'?>
<doc>
  <source><![CDATA[https://newslab.ru/news/905516]]></source>
  <category verify="true" type="str" auto="true"><![CDATA[Новости]]></category>
  <title verify="true" type="str" auto="true"><![CDATA[В «популярном» дворе Железнодорожного района установили дог-боксы]]></title>
  <keywords verify="true" type="list" auto="true">
    <item type="str"><![CDATA[Новости]]></item>
    <item type="str"><![CDATA[Общество]]></item>
    <item type="str"><![CDATA[В Красноярском крае]]></item>
  </keywords>
  <text verify="true" type="str" auto="true"><![CDATA[Во дворах Железнодорожного района Красноярска решили установить контейнеры для утилизации продуктов жизнедеятельности собак и разбить розарии. Так местные жители готовятся к конкурсу «Самый благоустроенный район Красноярска».
Сегодня подготовку проинспектировал руководитель района Юрий Савчук. Первым делом он посетил «популярный» двор на ул. Северо-Енисейской, 44 «г». Эта придомовая территория уже завоевала несколько наград в конкурсе, но, местные жители продолжают заниматься благоустройством. Недавно там появились два дог-бокса.
«Пару дней назад прошла в доме по всем собачникам, рассказала о дог-боксах, предложила пользоваться ими, — рассказывает директор управляющей компании „Меркурий“ Людмила Колкова. — Сейчас уже вижу: у кого-то в сумочке, у кого-то на поясе, у кого-то в карманах есть пакетики».
Жителям разъяснили, что вывозить и утилизировать содержимое дог-боксов — обязанность управляющей компании. «Мы работаем напрямую с Красноярской рециклинговой компанией. Каждые три дня содержимое дог-боксов вывозится. Данная категория относится к 4-му классу отходов, как, например, стекло или дерево», — пояснил главный инженер управляющей компании «Меркурий» Андрей Девятловский.
В другом дворе района — № 20 по ул. Яковлева — сделали розарий в форме пистолета. Посреди цветника высажено годовалое растение с Дальнего Востока, которому даже имя дали — Алёша.
«Мой сын — инвалид первой группы, он ухаживает за этими розами более десяти лет. Он и душу вкладывает, и деньги. Обидно, конечно, что иногда выкапывают, но стараемся следить и поддерживать наш цветущий уголок», — рассказывает жительница дома Тамара Романенкова.
На сегодняшний день в районную конкурсную комиссию поступило уже 185 заявок от желающих участвовать в конкурсе «Самый благоустроенный район Красноярска».
«Около пятидесяти — от управляющих компаний и ТСЖ, все остальные — от физических лиц. Люди не только хотят принять участие в конкурсе, но и стремятся к благоустройству своих дворов, в том числе, своими руками, а это важно», — похвалил их Савчук.]]></text>
</doc>
