<?xml version='1.0' encoding='UTF-8'?>
<doc>
  <source><![CDATA[https://newslab.ru/news/902802]]></source>
  <category verify="true" type="str" auto="true"><![CDATA[Новости]]></category>
  <title verify="true" type="str" auto="true"><![CDATA[Власти Красноярска попросили помощи в борьбе с кальянщиками на набережной Енисея]]></title>
  <keywords verify="true" type="list" auto="true">
    <item type="str"><![CDATA[Новости]]></item>
    <item type="str"><![CDATA[Общество]]></item>
    <item type="str"><![CDATA[В Красноярском крае]]></item>
  </keywords>
  <text verify="true" type="str" auto="true"><![CDATA[Обновлено: Красноярцев спрашивают про отношение к кальянщикам на набережной
«Не знаю, как высыпаться»: жительница Дубровинского пожаловалась на сборище кальянщиков под окнами (видео)
На левобережной набережной Красноярска с наступлением тепла снова появились кальянщики. Вице-мэр Красноярска Владислав Логинов попросил горожан помочь в борьбе с ними.
Чиновник напомнил, что администрация города почти не имеет рычагов воздействия на незаконных бизнесменов, которые предлагают отдыхающим за деньги покурить кальян на набережной. Доказать факт предпринимательской деятельности достаточно сложно, а наказать людей за курение в общественном месте невозможно — федеральный закон, приравнивающий этот вид курения к курению табака, еще не приняли.
«Пока приходится справляться своими силами. Сейчас их можно привлечь за то, что машину не там припарковали, музыку громко включили, за размещение на велосипедной дорожке. Такие нюансы, которые позволяют нам наказывать их за административные правонарушения», — пояснил Владислав Логинов.
По его словам, решить проблему с кальянщиками на набережной навсегда можно только с помощью горожан. Для этого не надо сообщать о местах их сбора в администрацию, достаточно просто объявить им бойкот.
«Эта услуга не должна быть востребованной. Если не пользоваться ею, они сами уйдут», — отметил вице-мэр.
Напомним, борьбу с кальянщиками на набережной администрация Красноярска начала летом прошлого года. Их выгнали от Коммунального моста, но они переместились на парковку около Речного вокзала.
В этом году мэрия предложила сделать всю набережную зоной, свободной от любых видов курения, включая кальяны. Эту инициативу поддержала большая часть опрошенных людей.]]></text>
</doc>
