<?xml version='1.0' encoding='UTF-8'?>
<doc>
  <source><![CDATA[https://newslab.ru/news/904795]]></source>
  <category verify="true" type="str" auto="true"><![CDATA[Новости]]></category>
  <title verify="true" type="str" auto="true"><![CDATA[Самое интересное в Красноярске за 17 июня: внезапный фонтан, страдания Белых рос и захиревшие ели]]></title>
  <keywords verify="true" type="list" auto="true">
    <item type="str"><![CDATA[Новости]]></item>
    <item type="str"><![CDATA[Общество]]></item>
    <item type="str"><![CDATA[В Красноярском крае]]></item>
  </keywords>
  <text verify="true" type="str" auto="true"><![CDATA[В красноярском Северном неожиданно для всех появился огромный фонтан. Столб воды начал бить из-под земли из-за коммунальной аварии.
Красноярскому футбольному клубу «Енисей» назначили нового тренера.
Руководство Центрального парка хотело повременить со сносом там ларьков, но суд оказался против. Также решилась судьба елей возле краевого Правительства. Ажурность крон пропала — можно и вырубить.
Жутковатые новости. Красноярец прыгнул с Коммунального моста и остался жив. Сбежавшего из психдиспансера мужчину ищут неделю. А жителям Белых Рос не дают покоя шумные вечеринки на берегу.
Норильчане встретили худощавого белого медведя. Пока его судьба решается, возможно животное отправят в «Роев ручей». Тем временем в красноярском зоопарке у посетителей стали отбирать корм для угощения питомцев.
«Чихать на всё это»: полезная памятка аллергикам Сибири. Как распознать, стоит ли обращаться к врачу, можно ли облегчить симптомы.
Фото на главной: Анастасия Волкова]]></text>
</doc>
