<?xml version='1.0' encoding='UTF-8'?>
<doc>
  <source><![CDATA[https://newslab.ru/news/903149]]></source>
  <category verify="true" type="str" auto="true"><![CDATA[Новости]]></category>
  <title verify="true" type="str" auto="true"><![CDATA[Катер с путешественниками сломался в популярном у туристов заливе Красноярского водохранилища]]></title>
  <keywords verify="true" type="list" auto="true">
    <item type="str"><![CDATA[Новости]]></item>
    <item type="str"><![CDATA[Происшествия]]></item>
    <item type="str"><![CDATA[В Красноярском крае]]></item>
  </keywords>
  <text verify="true" type="str" auto="true"><![CDATA[Спасателям пришлось эвакуировать из популярного у туристов и фотографов залива на Красноярском водохранилище четырех пассажиров лодки. Информация об этом появилась в официальной сводке краевого учреждения «Спасатель».
Туристы на катере отдыхали в Бирюсинском заливе водохранилища, но вынуждены были обратиться за помощью в эвакуации. Спасателям они сообщили по телефону, что двигатель катера перестал заводиться и они не могут вернуться без посторонней помощи.
Спасатели добрались до залива на своем катере, забрали четырех пассажиров и доставили их в залив Шумиха. Что случилось с лодкой, спасатели не сообщили.]]></text>
</doc>
