<?xml version='1.0' encoding='UTF-8'?>
<doc>
  <source><![CDATA[https://newslab.ru/news/904300]]></source>
  <category verify="true" type="str" auto="true"><![CDATA[Новости]]></category>
  <title verify="true" type="str" auto="true"><![CDATA[Самое интересное в Красноярске за 14 июня: опасные купания, мост «сомнений», зажиточные врачи в стране бедняков]]></title>
  <keywords verify="true" type="list" auto="true">
    <item type="str"><![CDATA[Новости]]></item>
    <item type="str"><![CDATA[Общество]]></item>
    <item type="str"><![CDATA[В Красноярском крае]]></item>
  </keywords>
  <text verify="true" type="str" auto="true"><![CDATA[Красноярцев беспокоят опасные купания подростков в водоёме на Татышеве. Просят спасателей установить пункт наблюдения. Но пока это невозможно. Зато на мосту до острова возможно всё — в третий раз за последнюю неделю там меняют правила передвижения.
Стали известны даты выпускных в Красноярском крае. А на волне торжества во время прокурорской проверки в одной из школ нашли директора с липовым дипломом об образовании.
Статистики подсчитали зарплаты красноярских врачей. Оказывается, они получают гораздо больше, чем многие горожане. А половина семей в стране и регионе находится за порогом бедности.
Красноярцев спрашивают про отношение к кальянщикам на набережной. От этого почти ничего не меняется, штрафуют нарушителей в редких случаях.
Впереди аномально жаркие выходные. Мы собрали для вас топ открытых бассейнов в Красноярске и его окрестностях.]]></text>
</doc>
