<?xml version='1.0' encoding='UTF-8'?>
<doc>
  <source><![CDATA[https://newslab.ru/news/905466]]></source>
  <category verify="true" type="str" auto="true"><![CDATA[Новости]]></category>
  <title verify="true" type="str" auto="true"><![CDATA[В центре Красноярска пенсионер на кроссовере сбил пешехода, который медленно переходил дорогу (видео)]]></title>
  <keywords verify="true" type="list" auto="true">
    <item type="str"><![CDATA[Новости]]></item>
    <item type="str"><![CDATA[Происшествия]]></item>
    <item type="str"><![CDATA[В Красноярском крае]]></item>
  </keywords>
  <text verify="true" type="str" auto="true"><![CDATA[В девятом часу утра 21 июня в центре Красноярска автомобилист на Suzuki Grand Vitara сбил пешехода. Судя по камерам уличного наблюдения, все случилось на пересечении улиц Бограда и Декабристов.
На записи видно, что машина стояла на светофоре, а когда повернула налево (с Бограда в направлении Карла Маркса), то сбила мужчину, который не спеша переходил проезжую часть по регулируемому пешеходному переходу. От удара он подлетел в воздухе и упал на асфальт. По предварительным данным, оба участника ДТП двигались на зеленый сигнал светофора.
Публикация от ЧП Красноярск (@kras.chp) 20 Июн 2019 в 6:38 PDT
Как рассказали Newslab в ГИБДД, кроссовером управлял 76-летний мужчина. Со слов автомобилиста, он не увидел пешехода. Последнему 37 лет, с травмами его отвезли в больницу.
ГИБДД в очередной раз призвала водителей и пешеходов быть предельно внимательными на проезжей части.]]></text>
</doc>
