<?xml version='1.0' encoding='UTF-8'?>
<doc>
  <source><![CDATA[https://newslab.ru/news/904612]]></source>
  <category verify="true" type="str" auto="true"><![CDATA[Новости]]></category>
  <title verify="true" type="str" auto="true"><![CDATA[Красноярцы встали в пробку на въезде в город (видео)]]></title>
  <keywords verify="true" type="list" auto="true">
    <item type="str"><![CDATA[Новости]]></item>
    <item type="str"><![CDATA[Общество]]></item>
    <item type="str"><![CDATA[В Красноярском крае]]></item>
  </keywords>
  <text verify="true" type="str" auto="true"><![CDATA[Красноярские автомобилисты встали в пробку на въезде в город со стороны Свердловской.
Несмотря на то, что сервис «Яндекс.Пробки» показывает заторы всего в два балла, улица Свердловская от подъезда к парку «Роев ручей» и до остановки «Почта» отмечена на карте красным, это значит, что скорость движения там не превышает 15 км/ч. После «Почты» транспорт по Свердловской движется чуть быстрее. Однако на въезде на Николаевский мост образовалась еще одна пробка.
Причиной сильных заторов стали жаркие выходные — многие красноярцы уехали за город, а теперь возвращаются обратно. Также очевидцы сообщили об аварии на Свердловской. По предварительным данным, там столкнулись сразу пять машин. В аварии никто не пострадал, машины врезались «паровозиком», но движение на участке серьезно осложнено.
На Свердловской - большая пробка. Кто едет с Дивногорска, наберитесь терпения. Причина - паровозик из пяти автомобилей. Заканчивается пробка в районе магазина "Лента". #пробка #дорога #лето #отдых #красноярск #дивногорск
Публикация от Телекомпания "АФОНТОВО" (@afontovo) 16 Июн 2019 в 3:11 PDT
В остальном серьезных заторов на дорогах нет. Даже в местах, где есть аварии или идет дорожный ремонт, водители быстро преодолевают проблемные участки.]]></text>
</doc>
