<?xml version='1.0' encoding='UTF-8'?>
<doc>
  <source><![CDATA[https://newslab.ru/news/903009]]></source>
  <category verify="true" type="str" auto="true"><![CDATA[Новости]]></category>
  <title verify="true" type="str" auto="true"><![CDATA[У редких крохотных обезьянок из красноярского зоопарка появилось потомство]]></title>
  <keywords verify="true" type="list" auto="true">
    <item type="str"><![CDATA[Новости]]></item>
    <item type="str"><![CDATA[Общество]]></item>
    <item type="str"><![CDATA[В Красноярском крае]]></item>
  </keywords>
  <text verify="true" type="str" auto="true"><![CDATA[У пары обезьянок уистити, живущих в красноярском парке флоры и фауны «Роев ручей», появились двое малышей. Этих обезьян также называют мармозетки или игрунки обыкновенные, они занесены в Международную Красную книгу и считаются одними из самых маленьких приматов.
«Малышей, а их родилось двое, в первый месяц жизни было трудно увидеть. Они крепко держались за спины родителей, а те старались спрятать потомство, спускаясь с верхних веток своего вольера только чтобы взять пищу. Сейчас малыши подросли и перемещаются самостоятельно. Они ловко лазают по веткам, канатам и лесенкам, пробуют пищу взрослых, забирая самые вкусные кусочки у родителей, и много играют. Увидеть семью игрунок можно в экспозиции „Экзотические животные“», — рассказывают зоологи.
Средняя длина тела взрослых обезьянок уистити — 18,5 см, длина хвоста — 30 см, обитают в лесах северо-восточной и центральной Бразилии. Весят взрослые особи 230-320 гр, а детёныши всего 25 гр. Обычно самка приносит 2, реже 3 или 1 детёныша. Новорожденные малыши крепко держатся за живот мамы, через несколько дней детёнышей забирает самец, давая самке возможность восстановить силы и окрепнуть. Малыши путешествуют на спине самца, перебираясь к самке лишь для того, чтобы попить молока. К 2-3 месяцам детёныши учатся добывать себе корм сами. Питаются они преимущественно соками деревьев: делают резцами лунки в коре, из которых слизывают выделяющиеся камедь, сок и смолу. Также они любят есть семена, цветы, насекомых, яйца птиц, мелких позвоночных или их детёнышей. В «Роевом ручье» обезьянкам дают фрукты, зелень, перепелиные яйца, насекомых, камедь, детские каши, творог, ягоды, мёд, орехи и сироп шиповника.]]></text>
</doc>
