<?xml version='1.0' encoding='UTF-8'?>
<doc>
  <source><![CDATA[https://newslab.ru/news/902460]]></source>
  <category verify="true" type="str" auto="true"><![CDATA[Новости]]></category>
  <title verify="true" type="str" auto="true"><![CDATA[СГК продолжает строительство теплосетей до Николаевского моста]]></title>
  <keywords verify="true" type="list" auto="true">
    <item type="str"><![CDATA[Новости]]></item>
    <item type="str"><![CDATA[Экономика]]></item>
    <item type="str"><![CDATA[Общество]]></item>
    <item type="str"><![CDATA[В Красноярском крае]]></item>
  </keywords>
  <text verify="true" type="str" auto="true"><![CDATA[Сибирская генерирующая компания продолжает строительство в Красноярске тепловых сетей до Николаевского моста. По новым трубам тепло пойдет от Красноярской ТЭЦ-2 в активно развивающиеся районы города.
Теплосеть строят на улице Саянской, на съезде с Николаевского моста на правом берегу. Строительство идет сразу на нескольких участках: там уже проведены земельные работы — разрыты котлованы, завезены необходимые материалы: железобетонные лотки и стальные трубопроводы. Каждая труба, перед тем как будет уложена в бетонный канал, покрывается антикоррозийной защитой, затем — слоем теплоизоляции. Стыки лотков делают герметичными — заполняют их специальным раствором, который не пропускает воду, чтобы грунтовые воды не попадали в канал теплосети.
В планах Сибирской генерирующей компании на этот год построить 1 660 метров магистральных труб, диаметром 1 000 мм. По ним тепло и горячая вода пойдут в застраивающийся микрорайон «Тихие Зори», возле «Арены Платинум», а также, через теплосеть в Николаевском мосту, к централизованному теплоснабжению станет возможным подключить строящиеся дома на левобережье — в Николаевке, Студгородоке, Академгородке и Ветлужанке. А всего за последние несколько лет, с 2013 по 2018 годы, построено 47 км.
Финансирование строительства теплосетей на этом участке в 2019 году составит 500 млн рублей. Работы ведут несколько подрядных организаций, которые отобраны по итогам конкурса: АО «СибЭР» и «Тренд Консалтинг».
Тепломагистраль в теле Николаевского моста построена в октябре 2015 года, работы шли параллельно с его строительством. В 2018 году специалисты и подрядные организации Красноярской теплотранспортной компании СГК соединили трубы в Николаевском мосту с ближайшей насосной станцией в Николаевке, проложили трубы над федеральной автодорогой и железнодорожными путями. При монтаже коммуникаций использованы трубы повышенной надежности: их толщина стенки составляет 14 мм, вместо стандартных 10. Планируется, что такие трубы прослужат не менее полувека.]]></text>
</doc>
