<?xml version='1.0' encoding='UTF-8'?>
<doc>
  <source><![CDATA[https://newslab.ru/news/905326]]></source>
  <category verify="true" type="str" auto="true"><![CDATA[Новости]]></category>
  <title verify="true" type="str" auto="true"><![CDATA[Сбитая лесосибирским мотоциклистом 10-летняя девочка скончалась в больнице]]></title>
  <keywords verify="true" type="list" auto="true">
    <item type="str"><![CDATA[Новости]]></item>
    <item type="str"><![CDATA[Происшествия]]></item>
    <item type="str"><![CDATA[В Красноярском крае]]></item>
  </keywords>
  <text verify="true" type="str" auto="true"><![CDATA[Родственники 10-летней девочки, которую 15 июня в Лесосибирске сбил мотоциклист, сообщили о ее смерти. Происшествие случилось в 5 часов вечера на улице Абалаковская, в районе дома № 38.
Школьница решила перейти дорогу по нерегулируемому пешеходному переходу. Убедившись, что ее пропускает автобус, девочка начала движение на противоположную сторону дороги. В этот момент автобус решил обогнать по встречной полосе водитель на мотоцикле Kawasaki, но он не успел среагировать на появление ребенка на пешеходном переходе. В результате ДТП школьница получил тяжкий вред здоровью и попала в реанимацию.
Сегодня в социальных сетях ее родственники сообщили, что девочка не выжила — она скончалась в больнице.]]></text>
</doc>
