<?xml version='1.0' encoding='UTF-8'?>
<doc>
  <source><![CDATA[https://newslab.ru/news/902458]]></source>
  <category verify="true" type="str" auto="true"><![CDATA[Новости]]></category>
  <title verify="true" type="str" auto="true"><![CDATA[Богучанская ГЭС увеличивает расходы через гидроагрегаты]]></title>
  <keywords verify="true" type="list" auto="true">
    <item type="str"><![CDATA[Новости]]></item>
    <item type="str"><![CDATA[Экономика]]></item>
    <item type="str"><![CDATA[В Красноярском крае]]></item>
  </keywords>
  <text verify="true" type="str" auto="true"><![CDATA[С 31 мая на Богучанской ГЭС изменили режим работы. Такое решение приняли в Енисейском бассейновом водном управлении в соответствии с решением Межведомственной рабочей группы по регулированию режимов работы водохранилищ Ангаро-Енисейского каскада и Северных ГЭС.
Теперь расходы через гидроагрегаты увеличены до 2700 кубометров в секунду. Решение принято единогласно, исходя из условий обеспечения судоходных уровней в нижнем течении Ангары по водопостам «Богучаны» и «Татарка», а также поддержания уровня Богучанского водохранилища в диапазоне 207,5-208 м. Установленный режим будет действовать до 4 июля и может быть пересмотрен на очередном заседании МРГ, которое состоится 2 июля.
По состоянию на 3 июня, уровень водохранилища составлял 207,78 м (в 2018 году на ту же дату — 207,61 м); уровень Ангары в нижнем бьефе — 138,19 м. Суммарная приточность к створу ГЭС составляет около 2350 кубометров в секунду, расходы через гидроагрегаты — 2710 кубометров. Использование водосбросов и существенное изменение расходов не планируются.
Режимы наполнения и сработки водохранилищ, пропуск паводков на ГЭС устанавливает Федеральное агентство водных ресурсов (Росводресурсы) с учетом рекомендаций Межведомственной рабочей группы, в состав которой входят представители МЧС России, Минсельхоза России, Росрыболовства, Росморречфлота, АО «СО ЕЭС», органов исполнительной власти субъектов Федерации и другие.
По данным Енисейского речного пароходства, в навигацию 2019 года планируют перевезти около 3,5 млн тонн грузов, в доставке грузов будут задействованы около 430 единиц судов пароходства различного назначения.]]></text>
</doc>
