<?xml version='1.0' encoding='UTF-8'?>
<doc>
  <source><![CDATA[https://newslab.ru/news/903497]]></source>
  <category verify="true" type="str" auto="true"><![CDATA[Новости]]></category>
  <title verify="true" type="str" auto="true"><![CDATA[Полицейские наказали красноярского маршрутчика за перегороженную дорогу и драку с коллегой]]></title>
  <keywords verify="true" type="list" auto="true">
    <item type="str"><![CDATA[Новости]]></item>
    <item type="str"><![CDATA[Происшествия]]></item>
    <item type="str"><![CDATA[В Красноярском крае]]></item>
  </keywords>
  <text verify="true" type="str" auto="true"><![CDATA[В Красноярске полицейские выписали штраф водителю маршрутки после драки с коллегой, сообщили в пресс-службе городского полка ДПС.
Водителя автобуса № 63 признали виновным в нарушении правил остановки на проезжей части и создание препятствия для другого транспорта. Он заплатит 2 тысячи рублей.
Напомним, 4 июня на улице Карла Маркса устроили драку два водителя маршрутных автобусов. Зачинщиком конфликта, судя по всему, стал водитель автобуса № 63 — он заблокировал автобус своего коллеги на остановке и обвинял его в повреждении какого-то имущества. Красноярцы предположили, что конфликт мог произойти из-за несоблюдения расписания движения.
Предыстория: В центре Красноярска подрались водители маршруток. Спорили об очередности движения (видео)]]></text>
</doc>
