<?xml version='1.0' encoding='UTF-8'?>
<doc>
  <source><![CDATA[https://newslab.ru/news/903505]]></source>
  <category verify="true" type="str" auto="true"><![CDATA[Новости]]></category>
  <title verify="true" type="str" auto="true"><![CDATA[На севере Красноярского края подростки в масках и с ножом совершили разбойное нападение на мужчину]]></title>
  <keywords verify="true" type="list" auto="true">
    <item type="str"><![CDATA[Новости]]></item>
    <item type="str"><![CDATA[Происшествия]]></item>
    <item type="str"><![CDATA[В Красноярском крае]]></item>
  </keywords>
  <text verify="true" type="str" auto="true"><![CDATA[Четверо юных жителей города Норильска Красноярского подозреваются в разбойном нападении на мужчину. Преступление они совершили 30 мая, но подробности следователи рассказали только сегодня.
Под уголовное преследование по ч. 3 ст. 162 (разбой) попали парни 14, 16, 17 и 18 лет. Затеял преступление самый старший из злоумышленников.
«Зная, что у его знакомого имеется планшет, он предложил троим подросткам совершить на него разбойное нападение. Для этого подозреваемые надели маски и незаконно проникли в квартиру, расположенную по улице Шахтерская. Там, угрожая ножом 56-летнему хозяину жилья, они похитили его планшетный компьютер марки Irbis, распорядившись украденной вещью по своему усмотрению», — рассказали в ГСУ СК по краю.
Налетчиков задержали в кратчайшие сроки, 18-летнему организатору избрали меру пресечения в виде ареста, трое его подельников находятся под подпиской о невыезде. Парни полностью признали свою вину и раскаялись.]]></text>
</doc>
