<?xml version='1.0' encoding='UTF-8'?>
<doc>
  <source><![CDATA[https://newslab.ru/news/905316]]></source>
  <category verify="true" type="str" auto="true"><![CDATA[Новости]]></category>
  <title verify="true" type="str" auto="true"><![CDATA[Столб дыма над Афонтовским переулком напугал жителей правобережья Красноярска (видео)]]></title>
  <keywords verify="true" type="list" auto="true">
    <item type="str"><![CDATA[Новости]]></item>
    <item type="str"><![CDATA[Происшествия]]></item>
    <item type="str"><![CDATA[В Красноярском крае]]></item>
  </keywords>
  <text verify="true" type="str" auto="true"><![CDATA[На правобережье Красноярска небольшой пожар и столб дыма напугал местных жителей. О происшествии рассказали в социальных сетях сотрудники телекомпании «Афонтово».
Около часа назад жители Свердловского района Красноярска заметили, что над переулком Афонтовский поднимается столб черного дыма. Рядом расположена школа и жилые дома, поэтому люди сразу вызвали пожарных.
Происшествие оказалось незначительным — на старой хоккейной коробке горели автомобильные шины. Пламя перекинулось на деревянные бортики площадки. Пожар удалось потушить за несколько минут.
В пресс-службе ГУ МЧС России по Красноярскому краю попросили красноярцев провести дополнительные беседы с детьми об опасности игры со спичками или зажигалками. Неосторожное обращение с огнем может стать не только причиной серьезного пожара, но и привести к травмам или гибели.
Вы можете напомнить о правилах пожарной безопасности друзьям, нажав кнопку «Поделиться в соцсети»:]]></text>
</doc>
