<?xml version='1.0' encoding='UTF-8'?>
<doc>
  <source><![CDATA[https://newslab.ru/news/902605]]></source>
  <category verify="true" type="str" auto="true"><![CDATA[Новости]]></category>
  <title verify="true" type="str" auto="true"><![CDATA[Красноярским рекламным щитам и баннерам хотят раздать штрихкоды]]></title>
  <keywords verify="true" type="list" auto="true">
    <item type="str"><![CDATA[Новости]]></item>
    <item type="str"><![CDATA[Общество]]></item>
    <item type="str"><![CDATA[В Красноярском крае]]></item>
  </keywords>
  <text verify="true" type="str" auto="true"><![CDATA[Обновлено: На рекламные щиты в Красноярске добавят особые коды
В Красноярске рекламным конструкциям предложили выдавать индивидуальные QR-коды. Каждый код будет содержать краткую информацию о собственнике, месте размещения, сроке действия разрешения на установку и использование.
QR-код будет выдавать управление архитектуры города, где есть все необходимое оборудование и программы. Печатать коды будут сами собственники.
«Согласно проведённой правовой оценке проект не противоречит нормам действующего законодательства и не является избыточной или ограничительной мерой для предпринимателей, — отметила главный архитектор города Юлия Соловарова. — На практике внедрение QR-кода позволит с легкостью идентифицировать рекламные конструкции. Это, прежде всего, необходимо для усиления нашего и общественного контроля за размещением незаконной наружной рекламы».
На предварительном рассмотрении введение штрихкодов одобрено депутатами. Предприниматели позитивно встретили предложение. Если проект утвердят на сессии, штрихкоды начнут присваивать уже в середине лета.]]></text>
</doc>
