<?xml version='1.0' encoding='UTF-8'?>
<doc>
  <source><![CDATA[https://newslab.ru/news/905463]]></source>
  <category verify="true" type="str" auto="true"><![CDATA[Новости]]></category>
  <title verify="true" type="str" auto="true"><![CDATA[У красноярских волонтеров-поисковиков появился свой офис]]></title>
  <keywords verify="true" type="list" auto="true">
    <item type="str"><![CDATA[Новости]]></item>
    <item type="str"><![CDATA[Общество]]></item>
    <item type="str"><![CDATA[В Красноярском крае]]></item>
  </keywords>
  <text verify="true" type="str" auto="true"><![CDATA[В Красноярске открылся офис подразделения Национального центра помощи пропавшим и пострадавшим детям в крае. Организация заработала по адресу Свердловская, 9 а.
Как сообщили на сайте правительства, в офисе организуют ресурсный центр — там будут готовить волонтеров к поисковым работам, а также добровольцев организации «Поиск пропавших детей — Красноярск», которые ищут пропавших в городе и крае.
Особенно актуально обучение волонтеров летом, когда пропадает больше людей. Всего, по словам руководителя организации, за месяц выезжают по 20-30 раз. Организация «Поиск пропавших детей — Красноярск» работает в городе с 2013 года. С каждым годом число выездов на поиски пропавших только растет.
Подготовка к работе нового офиса подразделения Национального центра в Красноярске началась в прошлом году. Тогда губернатор края и председатель совета Центра Елена Мильская подписали соглашение о сотрудничестве.]]></text>
</doc>
