<?xml version='1.0' encoding='UTF-8'?>
<doc>
  <source><![CDATA[https://newslab.ru/news/904398]]></source>
  <category verify="true" type="str" auto="true"><![CDATA[Новости]]></category>
  <title verify="true" type="str" auto="true"><![CDATA[Цирк в центре города, этноэлектронный концерт и проделки опасной женщины: выходные в Красноярске]]></title>
  <keywords verify="true" type="list" auto="true">
    <item type="str"><![CDATA[Новости]]></item>
    <item type="str"><![CDATA[Общество]]></item>
    <item type="str"><![CDATA[В Красноярском крае]]></item>
  </keywords>
  <text verify="true" type="str" auto="true"><![CDATA[В субботу, 15 июня, температура на улице с утра установится на уровне в +14...+22 °C, после обеда воздух прогреется до +25 °C. Синоптики обещают ясную погоду, слабый ветер и дождь в течение дня.
Воскресенье, 16 июня, будет таким же тёплым, но пасмурным. В светлое время суток температура воздуха составит +21... 26 °C. На улице будет почти штиль — ветер подует со скоростью до 1 м/c.
С 15:00 в Центральном парке (улица Карла Маркса, 151) начнётся эстрадно-цирковое шоу. Вход бесплатный для детей и взрослых. Должно быть ярко и весело.
В 18:00 в парке «Троя» на Даче великана (Баумана, 21/1) состоится концерт этноэлектронной музыки. Цена билета — 300 руб. Вы сможете отдохнуть, погулять и вкусно перекусить.
В 22:30 в Yushin Brothers (Карла Маркса, 102 «а») выступит молодая красноярская группа «Волновые». Сочетание домры, скрипки, гитары, битбокса и вокала создают новое и уникальное звучание известных и любимых песен. Колоссальный заряд энергии, драйв, музыка из самого сердца и незабываемые эмоции — вот, что обещают зрителям. Вход свободный.
В субботу и в воскресенье с 19:00 до 22:00 в сквере имени Пушкина на проспекте Мира пройдёт танцевальный open-air. Организаторы приглашают всех желающих отдохнуть, познакомиться с новыми людьми и вдоволь поплясать.
В кинотеатрах Красноярска покажут триллер-ужасы «МА». Все знают, что у МА самые крутые вечеринки в городе. Здесь всегда громкая музыка, и алкоголь льется рекой. В этом доме нет никаких ограничений, кроме одного: никогда не заходи в ее комнату.
В 19:00 на специальной площадке, расположенной на западной стороне Татышев-парка недалеко от Октябрьского моста, состоится тренировка по йоге. Занятия проходят бесплатно в рамках проекта «Ритмы лета».
В Доме кино Красноярска (проспект Мира, 88) покажут комедию «Венецианский детектив». Сыщик Стукки расследует серию убийств, произошедших в небольшом городке на севере Италии, недалеко от Венеции. Чем дальше он продвигается в расследовании, тем больше начинает понимать, что за тайну скрывают жители города. Билеты в кассе кинотеатра.
В 20:00 на пространстве Yushin Brothers (улица Карла Маркса, 102) пройдёт «Вечер аргентинского танго». Вы сможете послушать шуршащие записи прошлого века, посмотреть на элегантные, двигающиеся в унисон с музыкой, пары под горячие напитки.
С 19:00 до 21:00 на главной сцене левобережной набережной Енисея пройдёт концерт в рамках проект «Летние вечера» Арт-берега. Выступят творческие коллективы Красноярска.
О других интересных событиях можно узнать в афише Красноярска
Расскажите о планах на выходные друзьям, нажав кнопку «Поделиться в соцсети»:]]></text>
</doc>
