<?xml version='1.0' encoding='UTF-8'?>
<doc>
  <source><![CDATA[https://newslab.ru/news/902653]]></source>
  <category verify="true" type="str" auto="true"><![CDATA[Новости]]></category>
  <title verify="true" type="str" auto="true"><![CDATA[В Черемушках ищут женщину с синими волосами и тремя маленькими детьми]]></title>
  <keywords verify="true" type="list" auto="true">
    <item type="str"><![CDATA[Новости]]></item>
    <item type="str"><![CDATA[Происшествия]]></item>
    <item type="str"><![CDATA[В Красноярском крае]]></item>
  </keywords>
  <text verify="true" type="str" auto="true"><![CDATA[В Ленинском районе Красноярска исчезла 31-летняя женщина с тремя детьми, сообщили представители общественной организации «Поиск пропавших детей — Красноярск».
Известно, что Надежда Шишлова ушла из дома на улице Бийской и увела с собой трех своих детей — двух мальчиков 10 и 9 лет и их 8-летнюю сестру. Куда женщина могла направиться, никто не знает. Сейчас ее поисками занялась полиция и волонтеры.
Никаких особых примет женщины и детей волонтеры не приводят. На предоставленной родственниками фотографии видно, что ее волосы покрашены в синий цвет. В комментариях люди, знающие молодую маму, утверждают, что она странная, но ее дети всегда чистые и ухоженные.
Поисковики просят саму Надежду Шишлову, а также тех, кто знает о ее местонахождении, связаться с ними по телефону 8-950-996-60-66. Информацию можно передать в 8 отдел полиции — он находится на улице Учумская, 9а.
«Ориентировка выложена для того, чтобы найти маму и убедиться, что у семьи все в порядке», — пояснили волонтеры.
Вы можете помочь поискам, нажав кнопку «Поделиться в соцсети»:]]></text>
</doc>
