<?xml version='1.0' encoding='UTF-8'?>
<doc>
  <source><![CDATA[https://newslab.ru/news/903736]]></source>
  <category verify="true" type="str" auto="true"><![CDATA[Новости]]></category>
  <title verify="true" type="str" auto="true"><![CDATA[В России отложили введение «нештрафуемого порога» до 10 км/ч]]></title>
  <keywords verify="true" type="list" auto="true">
    <item type="str"><![CDATA[Новости]]></item>
    <item type="str"><![CDATA[Общество]]></item>
    <item type="str"><![CDATA[В России]]></item>
    <item type="str"><![CDATA[В Красноярском крае]]></item>
  </keywords>
  <text verify="true" type="str" auto="true"><![CDATA[Комитеты Госдумы рекомендовали правительству России не отменять «нештрафуемый порог» превышения скорости в 20 км/ч. Об этом сообщает «Коммерсант», ссылаясь на федеральных чиновников.
Речь идет об инициативе ввести штраф за превышение скоростного лимита на величину более 10 км/ч. Сейчас автомобилисты могут превышать скорость, установленную знаком «Ограничение скорости», на 20 км/ч без штрафа. Специалисты Министерства транспорта России предложили снизить «нештрафуемый порог» и наказывать водителей на 500 рублей за превышение скорости от 10 до 20 км/ч, а также в диапазоне от 20 км/час и выше (тут наказание должно быть еще строже).
Инициативу обсуждали в регионах. Недавно правительственная комиссия сошлась на том, что новые правила на дорогах нуждаются в доработке.
«Вопрос уменьшения скоростного порога отложен на дальнюю перспективу. Правительству советуют провести „ревизию улично-дорожной сети“, Генпрокуратуре и Счетной палате — проверить действующие региональные системы фотовидеофиксации, регионам — принять меры по недопущению использования дорожных камер, не соответствующих ГОСТам, Росстандарту — создать отдельный реестр дорожных камер. Статистики о том, что аварийность растет из-за превышения на 10 км/ч, нет. Принято решение навести на дорогах порядок, только потом обсуждать эту тему вновь», — приводит рекомендации думских комитетов «Коммерсант».
По результатам опроса, который прошёл на сайте Законодательного собрания Красноярского края в апреле этого года, 82,9 % жителей региона отрицательно восприняли нововведение. Среди поступивших ответов от населения часто встречалось предложение сделать дороги безопасными.
Предыстория: «Сделайте нормальные дороги»: красноярцы не поддержали штрафы за превышение скорости]]></text>
</doc>
