<?xml version='1.0' encoding='UTF-8'?>
<doc>
  <source><![CDATA[https://newslab.ru/news/903918]]></source>
  <category verify="true" type="str" auto="true"><![CDATA[Новости]]></category>
  <title verify="true" type="str" auto="true"><![CDATA[В Красноярском крае легковушка вылетела с трассы. В ДТП погиб 8-летний мальчик]]></title>
  <keywords verify="true" type="list" auto="true">
    <item type="str"><![CDATA[Новости]]></item>
    <item type="str"><![CDATA[Происшествия]]></item>
    <item type="str"><![CDATA[В Красноярском крае]]></item>
  </keywords>
  <text verify="true" type="str" auto="true"><![CDATA[В Абанском районе Красноярского края произошло ДТП, в котором погиб ребенок.
Как рассказали в пресс-службе краевой полиции, 19-летний водитель за рулем «Лады» ехал в Красноярск из Иркутской области. В районе села Долгий Мост он не справился с управлением. Машина перевернулась и опрокинулась на крышу. Водитель и его 41-летняя пассажирка получили травмы. На заднем сидении ехал 8-летний мальчик, он не был пристегнут и погиб на месте аварии.
Пострадавшую женщину увезли в районную больницу, водителю оказали помощь на месте.
В отношении молодого человека возбуждено уголовное дело по статье «Нарушение ПДД, повлекшее по неосторожности смерть человека». Максимальная санкция данной статьи предполагает наказание до 5 лет лишения свободы. Решается вопрос об избрании водителю меры пресечения.]]></text>
</doc>
