<?xml version='1.0' encoding='UTF-8'?>
<doc>
  <source><![CDATA[https://newslab.ru/news/904764]]></source>
  <category verify="true" type="str" auto="true"><![CDATA[Новости]]></category>
  <title verify="true" type="str" auto="true"><![CDATA[Суд не разрешил откладывать снос ларьков в Центральном парке Красноярска]]></title>
  <keywords verify="true" type="list" auto="true">
    <item type="str"><![CDATA[Новости]]></item>
    <item type="str"><![CDATA[Общество]]></item>
    <item type="str"><![CDATA[В Красноярском крае]]></item>
  </keywords>
  <text verify="true" type="str" auto="true"><![CDATA[Арбитражный суд Красноярского не удовлетворил ходатайство Центрального парка о приостановке требования мэрии демонтировать там незаконные постройки.
После того, как 6 июня администрация Красноярска вынесла предписание избавиться от 74 построек на территории парка, его арендатор, ЗАО «Центральный парк», обратился в суд с заявлением о признании решения мэрии незаконным. Как следует из материалов суда, руководство парка попросило также приостановить действие предписания.
Суд отказал в прошении о приостановлении действия оспариваемого документа. Семидневный срок его исполнения вышел 13 июня (заседание состоялось 14 июня), а ни одну постройку с территории до сих пор не демонтировали. Дата следующих слушаний назначена на 25 июля.
В решении суда также указано, что истец не смог предоставить доказательства о значительных убытках, которые он понесёт при сносе конструкций.
Как ранее заявлял заместитель главы города Владислав Логинов, незаконными в Центральном парке признали многие павильоны, включая кафе, туалеты и помещения охраны.
«Мы хотим, чтобы парк стал самым красивым и самым лучшим в городе. Тем более, что виды оттуда открываются очень красивые — на Енисей и площадь Революции», — пояснил чиновник.
Администрация планирует провести демонтаж своими силами, если арендатор не пойдёт на это добровольно.
Предыстория: В Центральном парке Красноярска снесут 74 постройки]]></text>
</doc>
