<?xml version='1.0' encoding='UTF-8'?>
<doc>
  <source><![CDATA[https://newslab.ru/news/902614]]></source>
  <category verify="true" type="str" auto="true"><![CDATA[Новости]]></category>
  <title verify="true" type="str" auto="true"><![CDATA[Национальный лесной форум и международная выставка «Эксподрев»: в Красноярске готовятся к главным событиям года в ЛПК]]></title>
  <keywords verify="true" type="list" auto="true">
    <item type="str"><![CDATA[Новости]]></item>
    <item type="str"><![CDATA[Экономика]]></item>
    <item type="str"><![CDATA[В Красноярском крае]]></item>
  </keywords>
  <text verify="true" type="str" auto="true"><![CDATA[В Красноярске впервые пройдет Национальный лесной форум, в котором примут участие ведущие российские эксперты, федеральные чиновники и зарубежные гости. Программа рассчитана на 2 и 3 сентября. Мероприятие пройдет под эгидой Госдумы Федерального Собрания РФ.
Запланирована работа целого ряда площадок. Одна из них — «Лесное законодательство в действии», которая будет состоять из двух тематических блоков:
Вторая площадка будет посвящена вопросам ценообразования на природные ресурсы. Участники третьей площадки «Лес и природа города» рассмотрят практику и проблемы в постановке городских лесов на кадастровый учет, меры содействия формированию городских лесничеств, благоустройство городских лесов.
Тема четвёртой площадки: «Взаимодействие государства и бизнеса в природопользовании». На ней обсудят:
В качестве заключительного мероприятия состоится пленарное заседание «Основные векторы развития рационального природопользования». Зарегистрироваться на форум можно на сайте форума.
Одновременно в МВДЦ «Сибирь» откроется XXI специализированная выставка «ЭКСПОДРЕВ», на которой представят передовые технологии лесозаготовки и переработки, новейшее оборудование и инструменты для деревообрабатывающей и мебельной промышленности мирового класса. Даты проведения выставки: 3–6 сентября 2019 года.
Чтобы принять участие в выставке «ЭКСПОДРЕВ», можно обратиться в оргкомитет: Елена Каширина — директор выставки, тел./факс: (391) 200-44-26, электронная почта:el@krasfair.ru. Регистрация специалистов на сайте выставки.]]></text>
</doc>
