<?xml version='1.0' encoding='UTF-8'?>
<doc>
  <source><![CDATA[https://newslab.ru/news/904059]]></source>
  <category verify="true" type="str" auto="true"><![CDATA[Новости]]></category>
  <title verify="true" type="str" auto="true"><![CDATA[«Вожу всегда много огнетушителей»: красноярец помог потушить загоревшийся автомобиль]]></title>
  <keywords verify="true" type="list" auto="true">
    <item type="str"><![CDATA[Новости]]></item>
    <item type="str"><![CDATA[Происшествия]]></item>
    <item type="str"><![CDATA[В Красноярском крае]]></item>
  </keywords>
  <text verify="true" type="str" auto="true"><![CDATA[Красноярец потушил машину в Ветлужанке и похвастался тем, что возит с собой большое количество огнетушителей.
Пожар произошел сегодня утром на улице Гусарова в микрорайоне Ветлужанка. Судя по видео, у серебристой иномарки во время движения загорелось что-то в моторном отсеке. Водителю на помощь пришли другие автолюбители. Один из них принес сразу несколько огнетушителей. Этого хватило, чтобы сбить огонь.
«Машина загорелась. Благодаря работе у меня всегда с собой много огнетушителей. И наконец кому-то „фортануло“ полыхнуть возле меня», — написал автор видео, но не уточнил, чем занимается.
Автомобилисты в комментариях отметили, что после такого наглядного примера они готовы купить дополнительные огнетушители для своих машин.
Напомним, вчера на улице Воронова в подобной же ситуации автомобиль сгорел почти полностью. Хозяин машины пытался использовать огнетушитель, но это не помогло. С возгоранием справились только пожарные, которые прибыли на место через 5 минут, но восстановить машину вряд ли получится.]]></text>
</doc>
