<?xml version='1.0' encoding='UTF-8'?>
<doc>
  <source><![CDATA[https://newslab.ru/news/903456]]></source>
  <category verify="true" type="str" auto="true"><![CDATA[Новости]]></category>
  <title verify="true" type="str" auto="true"><![CDATA[«Норникель» поделился опытом успешных практик в сфере социальной ответственности]]></title>
  <keywords verify="true" type="list" auto="true">
    <item type="str"><![CDATA[Новости]]></item>
    <item type="str"><![CDATA[Экономика]]></item>
    <item type="str"><![CDATA[В России]]></item>
  </keywords>
  <text verify="true" type="str" auto="true"><![CDATA[На Санкт-Петербургском экономическом форуме (ПМЭФ-2019) представители государства, НКО и крупнейших международных компаний обсудили роль устойчивого развития в успешном развитии общества и бизнеса в рамках панельной дискуссии «Корпоративная социальная ответственность как фактор устойчивого развития».
Заместитель министра экономического развития Российской Федерации Илья Торосов подчеркнул важность прозрачности в деловой среде. По его словам, публичная финансовая отчетность — необходимое условие для развития бизнеса, улучшения инвестиционной привлекательности и подтверждения ответственности компаний перед обществом.
Как отметила директор государственного секретариата по экономике Швейцарии (SECO) Мари-Габриэль Инайхен-Фляйш, важной задачей для компаний и государств является повышение знаний о проблемах окружающей среды и способах соответствия принципам устойчивого развития — именно на это обращают внимание современные покупатели.
В своем выступлении старший вице-президента «Норникеля» Лариса Зелькова отметила, что «Норникель» является одной из старейших российских индустриальных компаний, у которых очень большой опыт в сфере социальной ответственности.
«Мы одними из первых начали публиковать и делать прозрачной нашу нефинансовую отчетность, практически 20 лет занимаемся продвижением самых успешных практик, которые реализуем не только мы сами, но и наши коллеги по цеху. И за это отдельное спасибо Российскому Союзу Промышленников и Предпринимателей, который, безусловно, выступает очень качественным модератором для большинства наших российских участников, и нам кажется, что сформировал вокруг себя не только интересную экспертизу, не только уникальный опыт и практики, но и продвинулся дальше», — уточнила спикер.
По словам Зельковой, для любой крупной компании, особенно компании акционерной, крайне важно чтобы «цели устойчивого развития» были частью управления рисками. Сегодня в матрице управления рисками компании нашли отражение практически все «цели устойчивого развития», поскольку они релевантны основным управленческим вопросам и рискам.
«Норникель» в последние годы активно реализует большую экологическую программу. В ближайшие пять лет инвестиции в модернизацию и экологии составят порядка 150 млрд рублей. «К моменту, когда этот рывок произойдет (а мы сделаем для этого все возможное) мы хотели бы получить в свою очередь новый инструментарий по управлению теми самыми рисками, о которых я уже сказала, с привязкой к „целям устойчивого развития“. Мы видим те рейтинги и те индексы, которые существуют в российской практике, к сожалению, они пока не интегрированы с международными», — добавила вице-президент.]]></text>
</doc>
