<?xml version='1.0' encoding='UTF-8'?>
<doc>
  <source><![CDATA[https://newslab.ru/news/904221]]></source>
  <category verify="true" type="str" auto="true"><![CDATA[Новости]]></category>
  <title verify="true" type="str" auto="true"><![CDATA[Для маленьких пассажиров железнодорожного вокзала открыли детский городок]]></title>
  <keywords verify="true" type="list" auto="true">
    <item type="str"><![CDATA[Новости]]></item>
    <item type="str"><![CDATA[Общество]]></item>
    <item type="str"><![CDATA[В Красноярском крае]]></item>
  </keywords>
  <text verify="true" type="str" auto="true"><![CDATA[Детский игровой городок «Весёлая станция» открыт для самых юных пассажиров на железнодорожном вокзале Красноярска. Площадка находится на первом этаже, в холле комнат отдыха, и занимает площадь 50 кв. метров, сообщили в пресс-службе КрасЖД.
«Есть категория пассажиров, которым приходится долго ожидать свой поезд. И если взрослым легко скоротать это время, то занять ребенка значительно сложнее. Поэтому компанией РЖД принято решение о создании детских уголков на железнодорожных вокзалах страны с высоким пассажиропотоком», — рассказала начальник вокзала станции Красноярск Елена Турошева.
Детский городок выполнен в «железнодорожном» стиле и напоминает маленькую станцию. Там есть домик-вокзал, подземный переход—лабиринт, паровозик-горка и другие игровые конструкции. На площадке уложено специальное мягкое покрытие. Одновременно на «Весёлой станции» могут находиться до 20 детей. Посещение городка возможно только в присутствии взрослых.
В настоящее время проект по созданию детских городков реализован на 49 железнодорожных вокзалах России.]]></text>
</doc>
