<?xml version='1.0' encoding='UTF-8'?>
<doc>
  <source><![CDATA[https://newslab.ru/news/904399]]></source>
  <category verify="true" type="str" auto="true"><![CDATA[Новости]]></category>
  <title verify="true" type="str" auto="true"><![CDATA[С экс-председателя Минусинского горсовета взыщут 3 млн за сомнительную покупку дорогого джипа]]></title>
  <keywords verify="true" type="list" auto="true">
    <item type="str"><![CDATA[Новости]]></item>
    <item type="str"><![CDATA[Экономика]]></item>
    <item type="str"><![CDATA[Общество]]></item>
    <item type="str"><![CDATA[В Красноярском крае]]></item>
  </keywords>
  <text verify="true" type="str" auto="true"><![CDATA[Суд удовлетворил иск прокурора о взыскании 3 млн рублей с бывшего депутата и председателя Минусинского городского Совета депутатов, который не подтвердил законность доходов, потраченных на покупку автомобиля. Фамилию депутата в прокуратуре не уточняют, но известно, что речь идет о Геннадии Циплине, который неоднократно становился участником различных скандалов.
Сумма взыскания эквивалентна стоимости машины Toyota Land Cruiser 200, которую он купил в 2017 году. При этом ее стоимость в 3 млн рублей «значительно превышала» его совокупный доход за 2014, 2015 и 2016 годы (493 тыс рублей).
«В соответствии с требованиями действующего законодательства, депутат обязан был предоставить не только данные о приобретении дорогостоящего транспортного средства, поскольку его стоимость превышала общий доход за 3 года, предшествующих его приобретению, но и указать источники получения средств, за счет которых эта сделка совершена. Требуемые законом сведения в установленный срок он не предоставил. Учитывая данные обстоятельства, прокурор направил в суд заявление о взыскании с бывшего депутата в доход государства суммы, эквивалентной стоимости спорного автомобиля, поскольку на тот момент транспортное средство он уже продал. Минусинский городской суд исковые требования удовлетворил в полном объеме, взыскав с ответчика 3 млн рублей. Решение суда в законную силу не вступило», — уточнили в прокуратуре.
Предыстория: Председатель Минусинского горсовета попал под уголовное дело
Предыстория: Прокуратура требует взыскать с минусинского депутата более 3 миллионов рублей]]></text>
</doc>
