<?xml version='1.0' encoding='UTF-8'?>
<doc>
  <source><![CDATA[https://newslab.ru/news/905474]]></source>
  <category verify="true" type="str" auto="true"><![CDATA[Новости]]></category>
  <title verify="true" type="str" auto="true"><![CDATA[«Рубашки поло и фартуки цвета бордо»: экипажи красноярских автобусов переодели в летнюю форму]]></title>
  <keywords verify="true" type="list" auto="true">
    <item type="str"><![CDATA[Новости]]></item>
    <item type="str"><![CDATA[Общество]]></item>
    <item type="str"><![CDATA[В Красноярском крае]]></item>
  </keywords>
  <text verify="true" type="str" auto="true"><![CDATA[Экипажи красноярских автобусов переходят на летнюю форму, сообщили в мэрии.
Водители и кондукторы муниципального транспорта теперь будут носить облегченный вариант формы — это синие рубашки поло для водителей и фартуки цвета бордо для кондукторов.
«У транспортной системы теперь есть свой фирменный стиль, который накладывает на наших работников еще большую ответственность. Стандартные костюмы — это дисциплина, порядок. Летняя форма выполнена в соответствии с ГОСТом, рубашки — 100% хлопок. Фартук наполовину из полиэстера для защиты от общих производственных загрязнений и механических воздействий», — отметил заместитель руководителя департамента транспорта Виталий Чеусов.
Фирменный стиль у городского транспорта появился этой зимой — на автобусах появился логотип, а у экипажей специальная форма.
Предыстория: «Два берега и великая река»: в Красноярске презентовали фирменный логотип общественного транспорта]]></text>
</doc>
