<?xml version='1.0' encoding='UTF-8'?>
<doc>
  <source><![CDATA[https://newslab.ru/news/904614]]></source>
  <category verify="true" type="str" auto="true"><![CDATA[Новости]]></category>
  <title verify="true" type="str" auto="true"><![CDATA[Акробатический рок-н-ролл на берегу, мужские законы и модный поэт: понедельник в Красноярске]]></title>
  <keywords verify="true" type="list" auto="true">
    <item type="str"><![CDATA[Новости]]></item>
    <item type="str"><![CDATA[Общество]]></item>
    <item type="str"><![CDATA[В Красноярском крае]]></item>
  </keywords>
  <text verify="true" type="str" auto="true"><![CDATA[Понедельник, 17 июня. С утра и в течение дня ожидается от +13 до +17 °C. Синоптики прогнозируют пасмурную погоду. Сильный западный ветер подует со скоростью до 5 м/c. Кратковременный дождь возможен утром и в обед.
Сегодня на проекте «Арт-берег» на левобережной набережной Енисея:
18:00 — 19:00 мастер-класс по зажигательным танцам Zumba;
19:00 — 20:00 — акробатический рок-н-ролл;
20:00 — 21:30 — выступит и научит ирландским танцам студия «Талисман»;
после 21:30 — свободный микрофон.
Встречаются все на площадке под Коммунальным мостом.
Newslab.ru подготовил вам подборку мероприятий, которые можно посетить в Красноярске в этот понедельник:
В 7:00 всех приглашают на утреннюю зарядку на левобережной набережной Енисея, в районе Центрального парка (Карла Маркса, 151).
В 9:00 в парке «Троя» (улица Баумана, 18) перед главной сценой для желающих размяться в первый день рабочей недели приготовили тренировку кардио+силовая. Перед посещением, пожалуйста, позвоните по телефону 290-00-07 и узнайте, состоится ли занятие.
В кинотеатре Красноярска покажут фильм о любовном треугольнике 19 века «Куриоса». Париж. Пьер — денди и модный поэт. Он и его друг Генри без ума от Мари, дочери их покровителя. Мари становится женой Генри, несмотря на влюбленность в Пьера. Пьер отправляется развеяться в долгое путешествие, но после его возвращения чувственному любовному треугольнику суждено повториться. Билеты в кассах кинотеатров.
В 19:00 в Yushin Brothers (улица Карла Маркса, 102) пройдёт семинар «Инь и Ян. Законы движения энергий». Гостям расскажут, как движутся два типа энергии в жизни, в теле человека, за что они отвечают, на что их направлять, как делать это качественно. Отдельной темой пройдёт обсуждение проявления этих энергий и мужчин и женщин, поиск баланса. Вход свободный.
В 22:00 в кафе-клубе в баре «Штаб» (проспект Мира, 86) с акустической программой выступит группа Cover Craft. Вход свободный.
О других интересных событиях можно узнать в афише Красноярска.
Расскажите о планах на понедельник друзьям, нажав кнопку:]]></text>
</doc>
