<?xml version='1.0' encoding='UTF-8'?>
<doc>
  <source><![CDATA[https://newslab.ru/news/902422]]></source>
  <category verify="true" type="str" auto="true"><![CDATA[Новости]]></category>
  <title verify="true" type="str" auto="true"><![CDATA[Красноярская Росгвардия рассказала о добром поступке сотрудника. Помог в автобусе незнакомой женщине]]></title>
  <keywords verify="true" type="list" auto="true">
    <item type="str"><![CDATA[Новости]]></item>
    <item type="str"><![CDATA[Происшествия]]></item>
    <item type="str"><![CDATA[В Красноярском крае]]></item>
  </keywords>
  <text verify="true" type="str" auto="true"><![CDATA[Красноярский росгвардеец вызвал врачей для потерявшей сознание молодой женщины и получил за это благодарность от очевидцев.
Как рассказали в пресс-службе управления Росгвардии, на прошлой неделе старший сержант Эдуард М. на автобусе возвращался домой с ночного дежурства. В автобусе он обратил внимание на 35-летнюю женщину, которая начала из-за жары терять сознание. Росгвардеец усадил ее на сидение и напоил водой, которую достал из своей сумки.
Через несколько остановок, на «Доме быта», женщина снова почувствовала себя плохо. Эдуард решил, что ей нужна помощь врачей. Он вывел ее на улицу и позвонил в скорую помощь.
«Я принял решение вывести девушку из автобуса на свежий воздух и вызвал бригаду скорой медицинской помощи. Я не знал, будет ли она находиться в сознании до приезда врачей, поэтому собрал все необходимые данные. Узнал имя, фамилию, возраст, место жительства», — рассказал росгвардеец.
Эдуард дождался приезда скорой медицинской помощи и передал пострадавшую врачам. О происшествии он никому не рассказал, но очевидцы прислали его руководству письмо с просьбой поблагодарить отзывчивого мужчину.
«Он не отходил от женщины, все делал для того, чтобы она вновь не потеряла сознание, задавал ей вопросы профессионально. Меня поразило, что парень не ушел, дождался скорую помощь, передал врачам все данные женщины», — добавила очевидец.]]></text>
</doc>
