<?xml version='1.0' encoding='UTF-8'?>
<doc>
  <source><![CDATA[https://newslab.ru/news/905473]]></source>
  <category verify="true" type="str" auto="true"><![CDATA[Новости]]></category>
  <title verify="true" type="str" auto="true"><![CDATA[«Норникель» награжден премией «Инновация года» за программу «Технологический прорыв»]]></title>
  <keywords verify="true" type="list" auto="true">
    <item type="str"><![CDATA[Новости]]></item>
    <item type="str"><![CDATA[Экономика]]></item>
    <item type="str"><![CDATA[В Красноярском крае]]></item>
  </keywords>
  <text verify="true" type="str" auto="true"><![CDATA[Флагманская программа компании «Норникель» «Технологический прорыв» награждена премией «Инновация года 2019», учрежденной ведущим информационно-аналитическим агентством Cnews. Организаторы премии особенно отметили проект имитационного моделирования рудника. Благодаря точной 3D-версии площадки стало возможным быстрое планирование работ. Если раньше один вариант годового плана составлялся несколько месяцев, то теперь за месяц можно создать до 10 вариантов и с помощью имитационной модели выбрать оптимальный.
Также в рамках программы «Технологический прорыв» создана мощная система передачи информации с поверхности под землю и обратно. Все подземные рудники «Норникеля» оснащены системами позиционирования человека и техники, проложено оптоволокно, работает Wi-Fi. Службы управления производством в реальном времени получают данные об объемах и качестве добываемой руды. Внедрены единая геологическая база данных и цифровая система геологоразведки, 3D-проектирование шахт и их запасов. Сейчас в «Норникеле» работают над созданием цифрового интеллектуального безлюдного рудника.
Награду для компании получил директор по автоматизации и информационной трансформации производства Департамента промышленных активов «Норникеля» и технический директор программы «Технологический прорыв» Владимир Трапезин.
В ближайшие 10 лет уровень автоматизации в «Норникеле», по планам, превысит 80 процентов. Руководство компании ставит задачу трансформировать её в цифровую и гибко адаптируемую к условиям четвёртой промышленной революции. Кроме «Технологического прорыва», «Норникель» реализует еще несколько соответствующих программ.]]></text>
</doc>
