<?xml version='1.0' encoding='UTF-8'?>
<doc>
  <source><![CDATA[https://newslab.ru/news/903693]]></source>
  <category verify="true" type="str" auto="true"><![CDATA[Новости]]></category>
  <title verify="true" type="str" auto="true"><![CDATA[В Солнечном столкнулись два ВАЗа. Водители уехали с места происшествия на скорой]]></title>
  <keywords verify="true" type="list" auto="true">
    <item type="str"><![CDATA[Новости]]></item>
    <item type="str"><![CDATA[Происшествия]]></item>
    <item type="str"><![CDATA[В Красноярском крае]]></item>
  </keywords>
  <text verify="true" type="str" auto="true"><![CDATA[В красноярском микрорайоне Солнечный столкнулись два автомобиля ВАЗ, сообщили очевидцы происшествия.
ДТП произошло на улице 60 лет образования СССР в районе строящегося жилого комплекса «Ярослав». По предварительным данным, водитель автомобиля ВАЗ-2107 не справился с управлением и выехал на полосу встречного движения. Там он врезался в ВАЗ-2106.
В пресс-службе ГИБДД пояснили, что оба водителя уехали с места происшествия на скорой помощи. Несколько серьезные травмы они получили, неизвестно. Оба автомобиля получили очень серьезные повреждения. Происшествие сейчас оформляют дорожные полицейские.]]></text>
</doc>
