<?xml version='1.0' encoding='UTF-8'?>
<doc>
  <source><![CDATA[https://newslab.ru/news/903041]]></source>
  <category verify="true" type="str" auto="true"><![CDATA[Новости]]></category>
  <title verify="true" type="str" auto="true"><![CDATA[«С топором гонялся по ограде»: в Красноярском крае молодого мужчину осудят за массовое убийство]]></title>
  <keywords verify="true" type="list" auto="true">
    <item type="str"><![CDATA[Новости]]></item>
    <item type="str"><![CDATA[Происшествия]]></item>
    <item type="str"><![CDATA[В Красноярском крае]]></item>
  </keywords>
  <text verify="true" type="str" auto="true"><![CDATA[В Красноярском крае будут судить молодого мужчину за жестокое убийство четырех мужчин. Скрыть следы преступления ему помогала супруга брата, сообщили в краевом следственном управлении Следственного комитета.
Убийство произошло 28 мая 2018 года в одном из домов села Тасеево. Как установили следователи, 27-летний житель Канска со своим 34-летним братом в этот день пришли в гости. Их собутыльниками были четверо местных жителей в возрасте от 22 до 65 лет. Во время застолья мужчины поссорились, и молодой человек схватился за топор.
Двух товарищей он убил в доме, двое других попытались убежать. Их злоумышленник догнал в ограде дома и несколько раз ударил топором, причинив смертельные ранения. Тела мужчина занес в дом, а затем решил скрыть следы преступления при помощи поджога. В этом ему помогла 32-летняя родственница.
«Он пошел к дому своего брата, где его супруга помогла найти бензин для поджога дома. Она пришла с ним к месту преступления. На месте убийства обвиняемый в доме разлил бензин и поджег его, но возгорания не произошло. После этого злоумышленник скрылся в Канске, где был арестован на следующий день», — пояснили в следственном управлении.
Обвиняемые признали вину в совершенном преступлении. Мужчине уже предъявили обвинения в убийстве двух и более лиц (п. «а» ч. 2 ст. 105 УК РФ) и покушении на умышленное уничтожение чужого имущества (ч. 3 ст. 30, ч. 2 ст. 167 УК РФ). Женщина будет отвечать перед законом за пособничество в покушении на поджог (ч. 5 ст. 33, ч. 3 ст. 30, ч. 2 ст. 167 УК РФ) и укрывательство особо тяжкого преступления (ст. 316 УК РФ). Дела переданы в суд, который скоро приступит к их рассмотрению.
Предыстория: «Плохо отзывались о младшем брате»: полицейские рассказали о причинах массового убийства в Тасеево]]></text>
</doc>
