<?xml version='1.0' encoding='UTF-8'?>
<doc>
  <source><![CDATA[https://newslab.ru/news/903648]]></source>
  <category verify="true" type="str" auto="true"><![CDATA[Новости]]></category>
  <title verify="true" type="str" auto="true"><![CDATA[В Красноярском крае обнародовали результаты ЕГЭ по трем предметам. Рекордное количество 100-балльников насчитали на экзамене по литературе]]></title>
  <keywords verify="true" type="list" auto="true">
    <item type="str"><![CDATA[Новости]]></item>
    <item type="str"><![CDATA[Общество]]></item>
    <item type="str"><![CDATA[В Красноярском крае]]></item>
  </keywords>
  <text verify="true" type="str" auto="true"><![CDATA[В Красноярском крае стали известны результаты ЕГЭ сразу по трем предметам: литературе, географии и базовой математике. ЕГЭ по литературе на высший балл написали 18 выпускников, что признали рекордом. Для сравнения, в прошлом году в крае было всего 2 высших результата по этой дисциплине, а два года назад — 4.
Всего экзамен по литературе в регионе сдавал 891 человек, на высокие баллы (свыше 80) предмет написали 19,8 % выпускников (175 человек). При этом 18 ребят получили за работу 97 баллов. Среди стобалльников — 8 человек из Красноярска, также есть выпускницы красноярской Мариинской гимназии, из Железногорска, Норильска, а также девушка из Новопятницкой школы Уярского района. Она призналась, что высший балл не стал для нее сюрпризом — ранее она участвовала во Всероссийской олимпиаде школьников по литературе.
«Это лучший результат в Красноярском крае по количеству стобалльников за последние 5 лет по литературе», — уточнила первый заместитель министра образования края Наталья Анохина.
Также стали известны итоги ЕГЭ по географии. Эту дисциплину в регионе сдавали 263 человека. На высокие баллы (свыше 80) географию написали 14 человек, в том числе два выпускника получили 96 баллов. Двое получили за работу высший балл — это выпускник из Канска Петр Кузнецов и выпускница красноярской Мариинской гимназии Елена Самченко. В прошлом году в регионе только один человек написал ЕГЭ по географии на 100 баллов. Елена Самченко рассказала, что собирается поступать в СФУ на специальность «экология». С ее слов, она готовилась к экзамену без помощи репетиторов и результат для нее был ожидаем.
Базовый ЕГЭ по математике состоял из 20 заданий и оценивался по 5-балльной шкале. Для удовлетворительной оценки требовалось правильно решить 7 заданий. Максимальный результат — 5 баллов — у 2 892 человек (почти 40 %). Всего этот экзамен написали 7 282 выпускника. В сравнении с прошлым годом, процент отличных результатов увеличился почти на 10 %. Не справились с экзаменом менее 5 % (346) ребят. Они смогут пересдать предмет в резервные сроки при положительной оценке по русскому языку.
Основная волна ЕГЭ стартовала 27 мая и продлится до 1 июля. 10 июня выпускники сдавали самый массовый экзамен по выбору — по обществознанию, а 13 июня напишут ЕГЭ по биологии и информатике.]]></text>
</doc>
