<?xml version='1.0' encoding='UTF-8'?>
<doc>
  <source><![CDATA[https://newslab.ru/news/902649]]></source>
  <category verify="true" type="str" auto="true"><![CDATA[Новости]]></category>
  <title verify="true" type="str" auto="true"><![CDATA[В Красноярском крае машина с 5-месячным ребенком слетела в кювет. У девочки перелом черепа]]></title>
  <keywords verify="true" type="list" auto="true">
    <item type="str"><![CDATA[Новости]]></item>
    <item type="str"><![CDATA[Происшествия]]></item>
    <item type="str"><![CDATA[В Красноярском крае]]></item>
  </keywords>
  <text verify="true" type="str" auto="true"><![CDATA[В Минусинском районе Красноярского края Toyota улетела в кювет. Серьезную травму получила 5-месячная девочка, которую мама держала на руках.
Как пояснили в дорожной полиции, авария произошла еще 30 мая на 456 километре дороги Р-257. 23-летний водитель Toyota Corolla Spacio двигался со стороны Минусинска в направлении Кызыла. Он не справился с управлением и машина слетела в кювет и опрокинулась.
В полиции пояснили, что сам молодой человек не пострадал, так как был пристегнут ремнем безопасности. На заднем сидении машины ехала женщина с 5-месячным ребенком. Девочку, в нарушение правил, мать держала на руках. Во время аварии ребенок получил серьезную травму — у нее линейный перелом левой теменной кости.
В полиции напомнили, что перевозить детей до 7 лет нужно только в детских удерживающих устройствах. Более взрослые дети, если это позволяет их рост, могут пользоваться обычными ремнями безопасности.]]></text>
</doc>
