<?xml version='1.0' encoding='UTF-8'?>
<doc>
  <source><![CDATA[https://newslab.ru/news/905470]]></source>
  <category verify="true" type="str" auto="true"><![CDATA[Новости]]></category>
  <title verify="true" type="str" auto="true"><![CDATA[В семи районах края лесные пожары будут отслеживать с помощью видеокамер]]></title>
  <keywords verify="true" type="list" auto="true">
    <item type="str"><![CDATA[Новости]]></item>
    <item type="str"><![CDATA[Общество]]></item>
    <item type="str"><![CDATA[В Красноярском крае]]></item>
  </keywords>
  <text verify="true" type="str" auto="true"><![CDATA[На территории семи муниципалитетов Красноярского края будет работать система видеонаблюдения за лесопожарной обстановкой. Это Емельяновский, Сухобузимский, Большемуртинский, Минусинский, Ермаковский, Шушенский районы, а также Железногорск. В центральных и южных районах края специалисты уже установили 17 видеокамер на вышках сотовой связи. До конца июня появятся еще 13 устройств, сообщает пресс-служба министерства лесного хозяйства.
Вся информация с камер будет передаваться операторам региональной диспетчерской службы лесного хозяйства в режиме онлайн. В случае обнаружения возгорания на место выдвинется мобильная группа Лесопожарного центра.
Первый лесной пожар, который помогла обнаружить новая система, был зафиксирован накануне в Большемуртинском районе. Его удалось ликвидировать в течение нескольких часов. В полную силу система видеомониторинга за лесопожарной обстановкой в крае должна заработать с 1 июля. В дальнейшем планируется установить еще 70 камер.
С 2019 года в регионе реализуется комплексный план совершенствования и модернизации системы охраны лесов от пожаров. Главная цель — повышение оперативности обнаружения и ликвидации огня. В этом году в крае также создан парк беспилотных летательных аппаратов, которые применяются для патрулирования и тушения пожаров. На сегодняшний день БПЛА уже используются в южных районах края. В авиационном патрулировании лесов используются легкие вертолеты, что тоже позволит более оперативно реагировать в случае возгораний.
«Одним из ключевых мероприятий по совершенствованию системы охраны лесов от пожаров в крае является участие в федеральном проекте „Сохранение лесов“ национального проекта „Экология“. Впервые с 2013 года мы получили финансирование на существенное обновление парка лесопожарной техники и оборудования, на эти цели из федерального бюджета в этом году выделено 77 млн рублей. Сейчас проводится закупка более 20 единиц специализированной техники — это малые лесопожарные комплексы, тракторы, пожарные автоцистерны, бульдозер, которые поступят в регион уже в июле», — сообщил министр лесного хозяйства края Димитрий Маслодудов.
Общий объем финансирования по проекту до 2021 года превысит 231 млн рублей.]]></text>
</doc>
