<?xml version='1.0' encoding='UTF-8'?>
<doc>
  <source><![CDATA[https://newslab.ru/news/903689]]></source>
  <category verify="true" type="str" auto="true"><![CDATA[Новости]]></category>
  <title verify="true" type="str" auto="true"><![CDATA[Красноярскому полку ДПС подарили четыре новых немецких мотоцикла]]></title>
  <keywords verify="true" type="list" auto="true">
    <item type="str"><![CDATA[Новости]]></item>
    <item type="str"><![CDATA[Экономика]]></item>
    <item type="str"><![CDATA[В Красноярском крае]]></item>
  </keywords>
  <text verify="true" type="str" auto="true"><![CDATA[Красноярский полк ДПС получил в подарок от города новые мотоциклы. Технику полицейским вручили сегодня на набережной Енисея.
Красноярский мотовзвод пополнили четыре новых мотоцикла BMW. Из мэрия Красноярска закупила в конце мая за 8,23 миллиона рублей — то есть каждая машина обошлась бюджету в 2 миллиона рублей. Кроме этого, полицейским подарили два велосипеда. На них стражи порядка будут патрулировать набережную и остров Татышев.
По словам начальника городской полиции Геннадия Березина, один инспектор ДПС на мотоцикле успевает за смену выявить более 20 административных правонарушений. За год мотовзвод пресекает около 1,5 тысяч нарушений правил дорожного движения. В прошлом году инспекторы поймали около 300 пьяных водителей, 250 человек, севших за руль без прав, 100 водителей незарегистрированных мотоциклов и остановили около 700 водителей двухколесного транспорта, которые не пользовались шлемами. Кроме этого, за год полицейские на мотоциклах оформляют почти 600 дорожно-транспортных происшествий.
Напомним, о желании мэрии Красноярска купить новые мотоциклы для полицейских стало известно еще в конце прошлого года. Депутаты Горсовета предлагали потратить эти деньги на скверы или расселение аварийного жилья. Вице-мэр города Владислав Логинов пояснил, что старая техника мотовзвода уже отработала свой ресурс и нуждается в замене. Закупку мотоциклов немецкой марки BMW он объяснил тем, что только они обладают возможностью установки на них аккредитованного в России оборудования — проблесковых маячков, радиостанций и прочего.]]></text>
</doc>
