<?xml version='1.0' encoding='UTF-8'?>
<doc>
  <source><![CDATA[https://newslab.ru/news/905318]]></source>
  <category verify="true" type="str" auto="true"><![CDATA[Новости]]></category>
  <title verify="true" type="str" auto="true"><![CDATA[ВСНК в честь своего 25-летия устроила детский праздник в Эвенкии]]></title>
  <keywords verify="true" type="list" auto="true">
    <item type="str"><![CDATA[Новости]]></item>
    <item type="str"><![CDATA[Общество]]></item>
    <item type="str"><![CDATA[В Красноярском крае]]></item>
  </keywords>
  <text verify="true" type="str" auto="true"><![CDATA[В Эвенкийском муниципальном районе Красноярского края прошел праздник, посвященный 25-летнему юбилею «Восточно-Сибирской нефтегазовой компании». В честь своего дня рождения ВСНК подарила подарок жителям поселка нефтяников Байкит — территории присутствия предприятия.
Для более 400 маленьких эвенкийцев и их родителей дочернее общество «Роснефти» организовало нон-стоп фестиваль мультфильмов «Северная сказка» и большое театрализованное представление «Новые приключения олененка Орхэ» с уже знакомыми персонажами комиксов ВСНК в главной роли и захватывающими интерактивными химическими и физическими экспериментами. Праздник объединил всех сельчан. Такого шоу в маленьком таежном селе не видели никогда.
В фойе сельского клуба открылась экспозиция, посвященная Юрубчено-Тохомскому месторождению, демонстрирующая средства индивидуальной защиты нефтяника «Роснефти», образцы керна, геодезические инструменты, карту лицензионных участков района и другие экспонаты. После праздника выставка отправилась в музей байкитской школы, где в новом учебном году будут организованы уроки краеведения с подробным экскурсом в историю освоения месторождений Эвенкии.
К приезду нефтяников школьники подготовили выставку самодельных буровых вышек, сделанных из подручных материалов. Жюри оценивало более двадцати реалистичных макетов, выполненных из металла, дерева, спичечных коробков, лего и традиционного для северян материала — бисера. Еще один конкурс — воздушных змеев с символикой Компании и Эвенкии — привлек 28 участников, в их числе и самые маленькие байкитяне — воспитанники детского сада «Морозко». Подарки от ВСНК получили все участники и победители.
Старшеклассники приняли участие в профориентационном уроке, на котором представители ВСНК рассказали о работе в нефтегазовой отрасли, профильных предметах, необходимых абитуриентам, решившим связать жизнь с профессией нефтяника.]]></text>
</doc>
