<?xml version='1.0' encoding='UTF-8'?>
<doc>
  <source><![CDATA[https://newslab.ru/news/904063]]></source>
  <category verify="true" type="str" auto="true"><![CDATA[Новости]]></category>
  <title verify="true" type="str" auto="true"><![CDATA[В пятницу в двух районах Красноярска отключат холодную воду]]></title>
  <keywords verify="true" type="list" auto="true">
    <item type="str"><![CDATA[Новости]]></item>
    <item type="str"><![CDATA[Общество]]></item>
    <item type="str"><![CDATA[В Красноярском крае]]></item>
  </keywords>
  <text verify="true" type="str" auto="true"><![CDATA[Завтра, 14 июня, в двух районах Красноярска отключат холодную воду.
В 23:00 остановят водозаборы островов Верхне- и Нижнеатамановский, которые обеспечивают часть правобережья.
Ровно сутки не будет холодной воды в Ленинском районе, части Кировского района до Затонской (в границах от железной дороги до Енисея), в коттеджах на Побежимова, Вавилова и в Березовке.
«Красноярцам рекомендуется набрать необходимый запас питьевой воды и, уезжая на выходные из города, закрыть краны, чтобы не затопить соседей. В социально-значимые учреждения питьевая вода будет подвозиться по согласованному графику», — предупредили специалисты «КрасКома».
Также в ходе подготовки системы к зиме будут меняться трубы и арматуры. Для этого перекроют проезды. Уже с 20:00 14 июня закроют сквозное движение через перекресток улиц Коломенская и Московская, частично ограничат внутриквартальные проезды на Юности, 4 и ул. 26-ти Бакинских Комиссаров, 10.
Телефон центральной диспетчерской службы «КрасКома» 211-39-63.
График отключения воды в Красноярске в 2019 году
Вы можете рассказать о предстоящем отключении воды и перекрытиях своим друзьям и знакомым, нажав кнопку «Поделиться в соцсети»:]]></text>
</doc>
