<?xml version='1.0' encoding='UTF-8'?>
<doc>
  <source><![CDATA[https://newslab.ru/news/902800]]></source>
  <category verify="true" type="str" auto="true"><![CDATA[Новости]]></category>
  <title verify="true" type="str" auto="true"><![CDATA[«Комиссия выезжала несколько раз!»: чиновники назвали причины закрытия красноярского детского лагеря]]></title>
  <keywords verify="true" type="list" auto="true">
    <item type="str"><![CDATA[Новости]]></item>
    <item type="str"><![CDATA[Общество]]></item>
    <item type="str"><![CDATA[В Красноярском крае]]></item>
  </keywords>
  <text verify="true" type="str" auto="true"><![CDATA[В управлении образования Красноярска рассказали о том, почему приостановили работу частного детского лагеря KrasАir. Нарушения там нашли специалисты Роспотребнадзора, но лагерь все равно открыли и приняли детей, а через несколько дней учреждение закрыли. Руководство лагеря заявило, что выявленные нарушения являются мелкими и учреждение было полностью готово принимать детей.
В мэрии пояснили, что в"Красэйр" комиссия выезжала несколько раз, руководству указали на нарушения и недостатки. Но в установленный законом срок там не устранили нарушения обязательных требований: осуществление медицинской деятельности при отсутствии лицензии на медицинский пункт, не получено санитарно-эпидемиологическое заключение на источник водоснабжения, моечные ванны пищеблока не присоединены к внутренней канализационной сети и др.
«Принято вынужденное решение о расторжении в одностороннем порядке контракта с детским оздоровительным учреждением и аннулировании путёвок. Специалисты работают с каждой семьей индивидуально, с предложениями направления детей на отдых в другие загородные лагеря. Лагерю было дано время на устранение замечаний, даже перенесли на несколько дней заезд школьников, однако, за отведённое время ситуация никак не изменилась, руководство не исправило недочёты, лагерь так и не получил положительного заключения. Это значит, что лагерь не имеет право принять детей», — заключили в управлении образования.
Предыстория: «Нам просто не дают работать»: в Красноярске закрыли популярный летний лагерь]]></text>
</doc>
