<?xml version='1.0' encoding='UTF-8'?>
<doc>
  <source><![CDATA[https://newslab.ru/news/905467]]></source>
  <category verify="true" type="str" auto="true"><![CDATA[Новости]]></category>
  <title verify="true" type="str" auto="true"><![CDATA[Ремонтом правобережной набережной Красноярска займётся «прославившийся» плохими бордюрами подрядчик]]></title>
  <keywords verify="true" type="list" auto="true">
    <item type="str"><![CDATA[Новости]]></item>
    <item type="str"><![CDATA[Общество]]></item>
    <item type="str"><![CDATA[В Красноярском крае]]></item>
  </keywords>
  <text verify="true" type="str" auto="true"><![CDATA[В Красноярске определились с подрядчиком для ремонта набережной Красноярска от Предмостной площади до Пашенного. Им стала компания, на которую жаловались из-за некачественного ремонта дорог.
На конкурс по благоустройству берега Енисея от Коммунального моста до дома № 8 «а» по Гладкова поступило три заявки. Победителем стала компания ООО СПК «Сфера» — она единственная подала предложение по цене.
Стоимость контракта составит 138,5 млн рублей вместо начальной цены в 139,2 млн рублей. Благоустройство правобережной набережной должны завершить к 31 октября 2019 года.
По проекту, на набережной планируют организовать удобную видовую зону для прогулок, амфитеатр и общественный центр «Лаборатория городских деталей» из сборно-разборных модулей. Концепция перекликается с историей развития правого берега: от строительства Транссибирской магистрали до возведения Коммунального моста.
Компания-подрядчик на ремонт набережной ООО СПК «Сфера» занималась установкой новой праздничной иллюминации в Красноярске в 2018 году. Эта компания два последних года выигрывала контракты на ремонт улиц в нескольких районах города. Работы получали нарекания от прокуратуры и городских властей, в том числе из-за некачественной замены бордюров вдоль дорог. Некоторые бортики крошились от прикосновения пальцами сразу после установки. В этом году ООО СПК «Сфера» стала ещё и главным озеленителем города.
Какие ещё скверы Красноярска отремонтируют в 2019-м году
Предыстория: В Красноярске заказали проект ремонта правобережной набережной от Торгового центра
На правобережной набережной срубят 53 дерева
Предыстория: Красноярцам показали проект «перезагрузки» правобережной набережной в 2019 году]]></text>
</doc>
