<?xml version='1.0' encoding='UTF-8'?>
<doc>
  <source><![CDATA[https://newslab.ru/news/902803]]></source>
  <category verify="true" type="str" auto="true"><![CDATA[Новости]]></category>
  <title verify="true" type="str" auto="true"><![CDATA[При попытке продать квартиру пенсионерка из Норильска лишилась 170 тысяч]]></title>
  <keywords verify="true" type="list" auto="true">
    <item type="str"><![CDATA[Новости]]></item>
    <item type="str"><![CDATA[Происшествия]]></item>
    <item type="str"><![CDATA[Общество]]></item>
    <item type="str"><![CDATA[В Красноярском крае]]></item>
  </keywords>
  <text verify="true" type="str" auto="true"><![CDATA[Доверчивая 61-летняя жительница Норильска Красноярского края стала жертвой мошенника. Сейчас его разыскивают полицейские.
Женщина дала объявление о продаже квартиры, после чего ей позвонил неизвестный. Во время телефонного разговора злоумышленник убедил ее, что готов купить жилье, но для этого ему необходимы реквизиты ее банковской карты.
«Пенсионерка сама назвала данные своего счета, после чего с него было снято более 170 тысяч рублей», — рассказали в полиции.
В настоящее время по факту мошенничества возбуждено уголовное дело по ч. 2 ст. 159 УК РФ, санкция предусматривает до 5 лет колонии. «Сотрудники полиции напоминают: чтобы не попасться на уловки мошенников, не совершайте действия, на которые вам указывает неизвестное лицо. Полицейские также рекомендует гражданам регулярно проводить беседы со своими пожилыми родственниками и объяснять им, как действовать в подобных ситуациях», — призвали в Главке.]]></text>
</doc>
