<?xml version='1.0' encoding='UTF-8'?>
<doc>
  <source><![CDATA[https://newslab.ru/news/902456]]></source>
  <category verify="true" type="str" auto="true"><![CDATA[Новости]]></category>
  <title verify="true" type="str" auto="true"><![CDATA[Красноярские мусульмане отпраздновали Ураза-байрам]]></title>
  <keywords verify="true" type="list" auto="true">
    <item type="str"><![CDATA[Новости]]></item>
    <item type="str"><![CDATA[Общество]]></item>
    <item type="str"><![CDATA[В Красноярском крае]]></item>
  </keywords>
  <text verify="true" type="str" auto="true"><![CDATA[Сегодня, 4 июня, красноярские мусульмане отмечают главный исламский праздник — Ураза-байрам. В 8 утра у Соборной мечети на Металлургов началась молитва. По данным официальный сайт Единого духовного управления мусульман Красноярского края, на нее собралось 25 тысяч человек.
Всех пришедших поздравил муфтий Красноярского края Гаяз-хазрат Фаткуллин.
«Пост в месяц Рамадан — это большой духовный труд: нужно удержать себя от страстей, от таких недугов, как зависть, лень и другие. Научиться прощать и нести в этот мир свет и добро, несмотря ни на что», — начал выступление муфтий. После этого он прочитал праздничную проповедь и возглавил молитву.
Ураза-байрам, или праздник разговения отмечается в честь окончания поста в месяц Рамадан. В этот день мусульмане совершают молитву, надевают лучшую одежду, готовят традиционные блюда и приглашают гостей.
В честь окончания праздника каждый верующий должен выплатить Фитр-садака, обязательную милостыню. Президиум Единого духовного управления мусульман Красноярского края установил величину Фитр-садака для бедных — 100 рублей, для людей среднего достатка — 300 рублей, для богатых — 500 рублей.]]></text>
</doc>
