<?xml version='1.0' encoding='UTF-8'?>
<doc>
  <source><![CDATA[https://newslab.ru/news/904897]]></source>
  <category verify="true" type="str" auto="true"><![CDATA[Новости]]></category>
  <title verify="true" type="str" auto="true"><![CDATA[Трое красноярцев не смогли спуститься с Манской петли и попросили помощи у спасателей]]></title>
  <keywords verify="true" type="list" auto="true">
    <item type="str"><![CDATA[Новости]]></item>
    <item type="str"><![CDATA[Происшествия]]></item>
    <item type="str"><![CDATA[В Красноярском крае]]></item>
  </keywords>
  <text verify="true" type="str" auto="true"><![CDATA[Трое туристов не рассчитали свои силы и не смогли самостоятельно спуститься с Манской петли под Красноярском. Как сообщается в сводке КГКУ «Спасатель», все случилось в минувший понедельник, 17 июня.
Люди поднялись на гору, но почему-то не смогли спуститься вниз. На подмогу они вызвали спасателей. Те прибыли на место и эвакуировали людей, доставив их до машины.
Возраст туристов и другие обстоятельства инцидента не уточняются.]]></text>
</doc>
