<?xml version='1.0' encoding='UTF-8'?>
<doc>
  <source><![CDATA[https://newslab.ru/news/902798]]></source>
  <category verify="true" type="str" auto="true"><![CDATA[Новости]]></category>
  <title verify="true" type="str" auto="true"><![CDATA[«Вы феи добра»: мэр Сергей Еремин поблагодарил лучших соцработников города]]></title>
  <keywords verify="true" type="list" auto="true">
    <item type="str"><![CDATA[Новости]]></item>
    <item type="str"><![CDATA[Общество]]></item>
    <item type="str"><![CDATA[В Красноярском крае]]></item>
  </keywords>
  <text verify="true" type="str" auto="true"><![CDATA[Сегодня, 6 июня, краснояркая мэрия поздравила с наступающим праздником Дня социального работника горожан, которые трудятся в этой сфере. За особые результаты в многолетней работе красноярцев поблагодарил мэр Сергей Ерёмин.
На церемонии награждения лучших работников сферы соцобслуживания мэр Сергей Ерёмин отметил, что повышение качества жизни старшего поколения, малообеспеченных горожан, инвалидов и семей с детьми — это важные и приоритетные направления развития города.
«Большинство работников — женщины, и это не случайно, женщина — символ добра. Вы, наши девчата, стоите на „социальной баррикаде“. Формируете в обществе миллионного города стандарт того, как мы должны развиваться духовно. Вы феи добра, процитирую я других людей. Сил вам, здоровья и творческих успехов», — поздравил социальных работников города мэр Красноярска.
В сфере социальной защиты Красноярска работают более 2 500 человек. Это районные управления соцзащиты, которые оказывают около 100 мер различной социальной поддержки, учреждения соцобслуживания. Среди специалистов отрасли много творческих людей, которые проявляют себя в профессиональной деятельности не только на уровне своего учреждения, но и в масштабах города, края и страны. Участвуют в конкурсах, разрабатывают уникальные методики адаптации в обществе людей с проблемами здоровья.
Благодарственные письма от администрации города получили 18 работников социальной отрасли. Награждения продолжатся и завтра, 7 июня. Всего более ста красноярцев удостоятся почётных грамот от Горсовета, управления социальной защиты населения города, министерства социальной политики края.]]></text>
</doc>
