<?xml version='1.0' encoding='UTF-8'?>
<doc>
  <source><![CDATA[https://newslab.ru/news/904938]]></source>
  <category verify="true" type="str" auto="true"><![CDATA[Новости]]></category>
  <title verify="true" type="str" auto="true"><![CDATA[Роспотребнадзор опроверг информацию о резком росте заболеваемости коклюшем среди детей]]></title>
  <keywords verify="true" type="list" auto="true">
    <item type="str"><![CDATA[Новости]]></item>
    <item type="str"><![CDATA[Общество]]></item>
    <item type="str"><![CDATA[В Красноярском крае]]></item>
  </keywords>
  <text verify="true" type="str" auto="true"><![CDATA[В Роспотребнадзоре по Красноярскому краю не подтвердили информацию о резком увеличении числа детей, которые заболели коклюшем. Ее вчера распространили представители Центра профилактики и борьбы со СПИД.
По данным управления, заболеваемость коклюшем на территории региона не превышает среднемноголетних значений и ниже общероссийского показателя. За год обычно регистрируется от 30 до 65 случаев. За 2018 год в крае зарегистрировано 173 случая заболеваний коклюшем среди детей. В подавляющем большинстве случаев — госпитализация в стационар требовалась не привитым детям в возрасте до одного года.
В Роспотребнадзоре подтвердили, что каких-либо специфических лекарств от коклюша нет, защитить ребенка от этой инфекции может только прививка. Ставить ее надо комплексом — в 3, 4,5 и в 6 месяцев, а затем должна последовать ревакцинация в 18 месяцев.
Сейчас охват вакцинацией детей составляет более 95 %. Но специалисты отмечают, что родители все чаще стали писать отказы от прививок.
«Отказ от вакцинации отчасти связан с благополучной ситуацией по заболеваемости коклюшем на протяжении ряда лет, но это не должно вводить родителей в заблуждение», — считают специалисты.
Получить профилактическую прививку против коклюша можно в поликлинике по месту жительства.
Предыстория: Красноярцев предупредили о смертельно опасной для младенцев инфекции. Прививки нужны и взрослым]]></text>
</doc>
