<?xml version='1.0' encoding='UTF-8'?>
<doc>
  <source><![CDATA[https://newslab.ru/news/904761]]></source>
  <category verify="true" type="str" auto="true"><![CDATA[Новости]]></category>
  <title verify="true" type="str" auto="true"><![CDATA[Аналитики посчитали траты на выпускной банкет для российского школьника]]></title>
  <keywords verify="true" type="list" auto="true">
    <item type="str"><![CDATA[Новости]]></item>
    <item type="str"><![CDATA[Общество]]></item>
    <item type="str"><![CDATA[В России]]></item>
    <item type="str"><![CDATA[В Красноярском крае]]></item>
  </keywords>
  <text verify="true" type="str" auto="true"><![CDATA[Банкет в честь выпускного обойдётся российскому школьнику в среднем в 1 680 рублей. Об этом пишут РИА «Новости» со ссылкой на исследование оператора онлайн-касс «Эвотор».
По данным аналитиков, банкет на класс из 30 учеников в разных регионах страны будет стоить в среднем 50,4 тысячи рублей. В Москве праздник обойдется почти на треть дороже — в 73,2 тысячи рублей, в Санкт-Петербурге — в 53,2 тысячи рублей. Предполагаемое меню для выпускного составили из холодных закусок, салата, горячего, десертов, фруктов, прохладительных напитков и чая.
Для анализа использовали данные со смарт-терминалов, расположенных в 15 тысячах ресторанах, кафе и столовых во всех городах России.
Как рассказывают красноярские родители, траты на банкет — лишь малая часть расходов при подготовки к торжеству прощания со школой. С учётом покупки выпускнику наряда затраты порой достигают 30 и более тысяч рублей. Решение о том, как будет проходить праздник после вручения аттестатов, принимают родители и руководство школы. В минобре Красноярского края напомнили, что они не рекомендуют устраивать его за пределами города. Подросткам запрещено употреблять спиртное.
В этом году праздновать окончание учебы в школе красноярские 11-классники будут с 21 по 29 июня, а девятиклассники смогут выбрать даты с 14 по 29 июня. Всего из школы выпускается около 15 тысяч одиннадцатиклассников, 9 класс заканчивают порядка 30 тысяч школьников.]]></text>
</doc>
