<?xml version='1.0' encoding='UTF-8'?>
<doc>
  <source><![CDATA[https://newslab.ru/news/905358]]></source>
  <category verify="true" type="str" auto="true"><![CDATA[Новости]]></category>
  <title verify="true" type="str" auto="true"><![CDATA[В Красноярском крае «черные лесорубы» и помогавшая им сотрудник полиции попали под следствие]]></title>
  <keywords verify="true" type="list" auto="true">
    <item type="str"><![CDATA[Новости]]></item>
    <item type="str"><![CDATA[Происшествия]]></item>
    <item type="str"><![CDATA[В Красноярском крае]]></item>
  </keywords>
  <text verify="true" type="str" auto="true"><![CDATA[В Красноярском крае возбудили сразу два уголовных дела из-за вырубки леса на 7 миллионов, сообщили в следственном управлении Следственного комитета по региону.
По предварительной версии следствия, в 2018 году в Большеулуйском районе бригада рабочих под руководством одного из местных жителей вырубила кедры, ели и пихты на общую сумму 7 миллионов рублей. Никакого разрешения на это у бригады не было, поэтому ситуацией заинтересовались в полиции.
Дело о незаконной рубке леса попало в производство к начальнику отделения дознания полиции Большеулуйского района. Женщина сфальсифицировала три протокола допросов свидетелей, внеся в них заведомо ложные сведения. Это позволило приостановить предварительное следствие, так как якобы не получилось установить лицо, подлежащее к привлечению в качестве обвиняемого.
Материалы дела проверили в УФСБ России по Красноярскому краю, после чего передали их следователям. В отношении «черных лесорубов» возбудили уголовное дело по ч. 3 ст. 260 УК РФ (незаконная рубка лесных насаждений). Максимальное наказание по этой статье составляет 7 лет лишения свободы. В отношении начальника отделения дознания МО МВД России «Большеулуйское» возбудили уголовное дело за фальсификацию доказательств (ч. 2 ст. 303 УК РФ). Женщине грозит до 5 лет лишения свободы.
Следователи уже побывали в лесном массиве, где проводились вырубки, а также начали сбор необходимых доказательств. В краевой полиции также начали собственную проверку по этому факту. Начальника отделения дознания МО МВД России «Большеулуйское» отстранили от работы.
Еще одно уголовное дело в отношении «черных лесорубов» возбудили в Казачинском районе Красноярского края. Там 40-летний предприниматель незаконно срубил более 30 сосен, 27 пихт, 9 елей и 3 березы общим объемом свыше 100 кубических метров. Сумма ущерба составила более 1 миллиона рублей. Ему грозит до 7 лет лишения свободы.]]></text>
</doc>
