<?xml version='1.0' encoding='UTF-8'?>
<doc>
  <source><![CDATA[https://newslab.ru/news/902603]]></source>
  <category verify="true" type="str" auto="true"><![CDATA[Новости]]></category>
  <title verify="true" type="str" auto="true"><![CDATA[В центре Красноярска появилась еще одна разметка-«вафельница»]]></title>
  <keywords verify="true" type="list" auto="true">
    <item type="str"><![CDATA[Новости]]></item>
    <item type="str"><![CDATA[Общество]]></item>
    <item type="str"><![CDATA[В Красноярском крае]]></item>
  </keywords>
  <text verify="true" type="str" auto="true"><![CDATA[В центре Красноярска появилась еще одна «вафельная» разметка. На этот раз ее нанесли на перекрёстке улиц Вейнбаума и Марковского — на этом участке почти каждый день образовываются заторы, водители выезжают на перекресток и мешают проехать другим машинам.
Разметка обозначает участок, на который запрещается выезжать, если впереди образовался затор. Увидев такую разметку, водитель не будет заезжать на нее, а остановится перед стоп-линией, чтобы не мешать движению в поперечном направлении. «Вафельница» также поможет доказать совершенное правонарушение, штраф составляет 1000 рублей.
На перекрёстке улиц Вейнбаума и Марковского появилась ещё одна дорожная разметка в виде «вафельницы». Первая была оборудована на перекрёстке улиц Вейнбаума и Маркса. Такая разметка визуально показывает водителям, что выезд на перекрёсток запрещён, если за ним образовался затор.
Публикация от МКУ «УДИБ» (@mky_udib) 4 Июн 2019 в 9:23 PDT
Ранее такая разметка появилась на перекрестке улиц Карла Маркса и Вейнбаума. А на улице Каратанова появился необычный ярко-красный велопереезд.
Предыстория: В Красноярске впервые появилась дорожная «вафля» (видео)]]></text>
</doc>
