<?xml version='1.0' encoding='UTF-8'?>
<doc>
  <source><![CDATA[https://newslab.ru/news/904718]]></source>
  <category verify="true" type="str" auto="true"><![CDATA[Новости]]></category>
  <title verify="true" type="str" auto="true"><![CDATA[ЭХЗ обнародовал отчет о деятельности за 2018 год]]></title>
  <keywords verify="true" type="list" auto="true">
    <item type="str"><![CDATA[Новости]]></item>
    <item type="str"><![CDATA[Экономика]]></item>
    <item type="str"><![CDATA[В Красноярском крае]]></item>
  </keywords>
  <text verify="true" type="str" auto="true"><![CDATA[АО «ПО «Электрохимический завод» (входит в Топливную компанию Росатома «ТВЭЛ») раскрыл интегрированный публичный отчет о деятельности в 2018 году. Текст отчета с приложениями размещен на сайте предприятия и на странице АО «ПО ЭХЗ» на сервере раскрытия информации Интерфакс. Для АО «ПО ЭХЗ» публичная отчетность — это важный управленческий и коммуникационный инструмент, а также наглядный маркер качества управления, как внутри компании, так и самой компанией.
Приоритетная тема отчета «Новые компетенции, продукты и бизнесы».
Ключевые показатели финансово-экономической деятельности предприятия за 2018 год говорят о его планомерном устойчивом развитии. Так, выручка предприятия в 2018 году, в сравнении с 2017 годом, выросла на 0,6 млрд рублей и составила 14,8 млрд рублей. Производительность труда возросла с 7,4 до 7,7 млн рублей на человека.
Чистая прибыль составила 4,5 млрд рублей. При этом ЭХЗ существенно нарастил капитальные вложения в развитие производства — с 1,0 до 3,4 млрд рублей.
Налоговые отчисления в бюджеты всех уровней в 2018 году составили 3,1 млрд рублей, а расходы по социальным программам достигли 0,2 млрд рублей. Расходы ЭХЗ на благотворительность в 2018 году составили 14,33 млн рублей. Предприятие поддержало 49 проектов почти по всем социально значимым направлениям — в сфере социальной политики, образования, культуры, спорта и патриотического воспитания. В прошедшем году 8 миллионов рублей направили на реализацию проекта «Бережливая поликлиника».
В отчетном году ЭХЗ по-прежнему уделял большое внимание вопросам безопасности производства, увеличив расходы на охрану труда (с 89,1 до 95,6 млн рублей) и расходы на экологические цели (с 207,7 до 243,8 млн рублей). В 2018 году на предприятии не было ни одного инцидента и несчастного случая.]]></text>
</doc>
