<?xml version='1.0' encoding='UTF-8'?>
<doc>
  <source><![CDATA[https://newslab.ru/news/902965]]></source>
  <category verify="true" type="str" auto="true"><![CDATA[Новости]]></category>
  <title verify="true" type="str" auto="true"><![CDATA[Красноярцев в субботу удивят фейерверком-подарком]]></title>
  <keywords verify="true" type="list" auto="true">
    <item type="str"><![CDATA[Новости]]></item>
    <item type="str"><![CDATA[Общество]]></item>
    <item type="str"><![CDATA[В Красноярском крае]]></item>
  </keywords>
  <text verify="true" type="str" auto="true"><![CDATA[В субботу, 8 июня, в Красноярске запустят фейерверк. Как сообщили в пресс-службе мэрии, он станет подарком от почетного гражданина города Хазрета Совмена.
Салют запустят в 22:45 с баржи, установленной в восточной стороне острова Татышев на Енисее. Лучший вид на фейерверк будет с острова и с площадки перед ТРЦ «Июнь».
Для того, чтобы все участники праздника смогли без проблем добраться домой, общественный транспорт 8 июня будет работать дольше обычного.
Также в мэрии отметили, что велосипедистам 8 июня на остров Татышев приезжать не стоит. Остров на этот день планируют сделать полностью пешеходным, велопрокаты закроют.
«Миллион вариантов удивиться и отдохнуть»: программа на 8 июня на Татышеве
Вы можете рассказать о фейерверке друзьям, нажав кнопку «Поделиться в соцсети»:]]></text>
</doc>
