<?xml version='1.0' encoding='UTF-8'?>
<doc>
  <source><![CDATA[https://newslab.ru/news/902462]]></source>
  <category verify="true" type="str" auto="true"><![CDATA[Новости]]></category>
  <title verify="true" type="str" auto="true"><![CDATA[Сотрудник красноярского уголовного розыска дал начальнику 30 тысяч взятки и остался на свободе]]></title>
  <keywords verify="true" type="list" auto="true">
    <item type="str"><![CDATA[Новости]]></item>
    <item type="str"><![CDATA[Происшествия]]></item>
    <item type="str"><![CDATA[В Красноярском крае]]></item>
  </keywords>
  <text verify="true" type="str" auto="true"><![CDATA[Бывшего сотрудника красноярской полиции признали виновным в даче взятки должностному лицу и приговорили к условному сроку. Речь идет о экс-начальнике отделения по борьбе с организованными преступными формированиями, преступными сообществами отдела УУР ГУ МВД России по краю.
Все случилось в 2017 году. В октябре и ноябре он двумя частями передал взятку на общую сумму 30 000 рублей своему непосредственному руководителю. За эти деньги последний должен был предоставить информацию о проведении сотрудниками этого отдела оперативно-розыскных мероприятий в отношении лиц, причастных к организации занятиями проституцией.
Минимальное наказание, которое грозило бывшему полицейскому по ч. 3 ст. 291 УК РФ, — штраф в размере до 1,5 млн рублей, максимальное — до 8 лет колонии также со штрафом.
«Железнодорожный районный суд Красноярска назначил ему наказание в виде лишения свободы сроком на 3 года условно с испытательным сроком 2 года и с выплатой штрафа в размере 150 000 рублей. Приговор в законную силу не вступил», — рассказали 4 июня в ГСУ СК по краю.
Начальника осужденного никак не наказали, так как он был подставным участником оперативной разработки.]]></text>
</doc>
