<?xml version='1.0' encoding='UTF-8'?>
<doc>
  <source><![CDATA[https://newslab.ru/news/903690]]></source>
  <category verify="true" type="str" auto="true"><![CDATA[Новости]]></category>
  <title verify="true" type="str" auto="true"><![CDATA[«Давай-давай, родной!»: норильчане спасли увязшего в снегу оленя (видео)]]></title>
  <keywords verify="true" type="list" auto="true">
    <item type="str"><![CDATA[Новости]]></item>
    <item type="str"><![CDATA[Общество]]></item>
    <item type="str"><![CDATA[В Красноярском крае]]></item>
  </keywords>
  <text verify="true" type="str" auto="true"><![CDATA[В Норильске Красноярского края двое мужчин спасли оленя, увязшего в снегу. Произошедшее попало на видео.
На нем видно, что мужчины ехали на снегоходах по равнине. Они заметили голову оленя, торчащую из снега. Олень увяз в снегу почти всем телом. Тогда мужчины достали лопату, раскопали снег вокруг животного и вытащили его за рога.
При этом участники подбадривали застрявшего оленя: «Давай-давай, родной, вылезай!», — приговаривали спасители.
Как мы северного оленя спасали из заточения. Юрий Викторович — спаситель! 😄 ⠀⠀⠀⠀⠀⠀⠀⠀⠀ Обязательно подпишись чтобы быть в курсе событий! ⠀⠀⠀⠀⠀⠀⠀⠀⠀ Хочешь поделиться видео или фото? Присылай в Direct. Все публикуется анонимно (если не указано иное)! ⠀⠀⠀⠀⠀⠀⠀⠀⠀ #Норильск #Талнах #Кайеркан #Дудинка #Norilsk #житьвнорильске
Публикация от Норильск. Жить В Норильске (@zhitvnorilske) 10 Июн 2019 в 7:17 PDT
После спасения олень отряхнулся и побежал. Мужчины предположили, что с животным все будет хорошо.
Когда именно это произошло, неизвестно. Но известно, что в Норильске и окрестностях до сих пор лежит снег.]]></text>
</doc>
