<?xml version='1.0' encoding='UTF-8'?>
<doc>
  <source><![CDATA[https://newslab.ru/news/903502]]></source>
  <category verify="true" type="str" auto="true"><![CDATA[Новости]]></category>
  <title verify="true" type="str" auto="true"><![CDATA[Житель края знал об уловках мошенников, но все равно поверил им и лишился 200 тысяч]]></title>
  <keywords verify="true" type="list" auto="true">
    <item type="str"><![CDATA[Новости]]></item>
    <item type="str"><![CDATA[Происшествия]]></item>
    <item type="str"><![CDATA[В Красноярском крае]]></item>
  </keywords>
  <text verify="true" type="str" auto="true"><![CDATA[Житель города Лесосибирска Красноярского края лишился денег при попытке продать гараж — 200 тысяч рублей списали с его банковского счета.
Жертвой мошенников стал 57-летний мужчина, который разместил объявление о продаже гаража на популярном сайте. «Вскоре с ним связался „потенциальный покупатель“. Звонивший мужчина заявил, что желает приобрести гараж и готов перевести предоплату. Чтобы получить задаток, продавцу предложили проследовать к банкомату и под руководством злоумышленника провести ряд операций. Выполнив их, житель Лесосибирска лишился собственных средств в размере более 200 тысяч рублей. После этого связь с „покупателем“ прервалась. При этом, несмотря на то, что потерпевший ранее слышал о подобных фактах обмана, ему аргументы „покупателя“ показались убедительными», — рассказали в пресс-службе полиции региона.
Стражи порядка продолжают розыск мошенника и призывают жителей быть бдительнее и осторожнее:
«Никогда не проводите под руководством посторонних лиц никаких операций со своими банковскими картами и счетами, не передавайте респондентам, личность которых невозможно подтвердить, никакой конфиденциальной информации».]]></text>
</doc>
