<?xml version='1.0' encoding='UTF-8'?>
<doc>
  <source><![CDATA[https://newslab.ru/news/905357]]></source>
  <category verify="true" type="str" auto="true"><![CDATA[Новости]]></category>
  <title verify="true" type="str" auto="true"><![CDATA[Банк «Акцепт» вошел в число лучших предприятий Новосибирска в сфере оказания услуг]]></title>
  <keywords verify="true" type="list" auto="true">
    <item type="str"><![CDATA[Новости]]></item>
    <item type="str"><![CDATA[Экономика]]></item>
    <item type="str"><![CDATA[В Сибири]]></item>
    <item type="str"><![CDATA[В Красноярском крае]]></item>
  </keywords>
  <text verify="true" type="str" auto="true"><![CDATA[В Новосибирске 37 лучших предприятий и организаций, работающих в производстве продукции, оказании услуг, страховании и финдеятельности и других сферах получили награды из рук мэра Анатолия Локтя.
В числе лауреатов оказался банк «Акцепт», чье подразделение работает и в Красноярске. В этом году банк стал лауреатом в номинации «За предоставление комплекса услуг для клиентов» в сфере финансовой деятельности. Председатель Правления банка Константин Васильев получил награду от градоначальника и председателя банковского клуба уже 12-й раз.
«Новосибирск — наша Родина. И мы, безусловно, этим гордимся. Поэтому получать награду „Новосибирская марка“ всегда приятно и почетно», — поделился Константин Васильев.
Обслуживание юридических и физических лиц в Красноярске происходит в офисе банка по адресу ул. Молокова, 1, корпус 3.
Подробнее на www.akcept.ru
АО «Банк Акцепт». Лицензия Банка России № 567]]></text>
</doc>
