<?xml version='1.0' encoding='UTF-8'?>
<doc>
  <source><![CDATA[https://newslab.ru/news/903543]]></source>
  <category verify="true" type="str" auto="true"><![CDATA[Новости]]></category>
  <title verify="true" type="str" auto="true"><![CDATA[В Канске двух депутатов лишили полномочий за сокрытие доходов и имущества жён]]></title>
  <keywords verify="true" type="list" auto="true">
    <item type="str"><![CDATA[Новости]]></item>
    <item type="str"><![CDATA[Политика]]></item>
    <item type="str"><![CDATA[Экономика]]></item>
    <item type="str"><![CDATA[Общество]]></item>
    <item type="str"><![CDATA[В Красноярском крае]]></item>
  </keywords>
  <text verify="true" type="str" auto="true"><![CDATA[В Канске Красноярского края по требованию прокуратуры двух депутата городского Совета депутатов лишили полномочий за нарушение антикоррупционного законодательства при предоставлении сведений о доходах. Фамилии нарушителей в надзорном ведомстве не называют.
Заполняя декларацию за 2017 год, один из народных избранников не указал доходы, полученные его супругой-предпринимателем в размере более 8 млн рублей. Другой депутат в аналогичной справке не сообщил о наличии в собственности жены легкового автомобиля стоимостью более 1 млн рублей.
«Представление прокурора, направленное в адрес Канского городского Совета депутатов о рассмотрении вопроса о досрочном прекращении полномочий указанных депутатов, было оставлено без удовлетворения. В связи с этим прокуратура направила в суд административное исковое заявление о признании незаконным бездействия представительного органа. Канский городской суд удовлетворил требования прокуратуры, досрочно прекратив полномочия депутатов в связи с утратой доверия. Решение суда не вступило в законную силу», — говорится в сообщении надзорного ведомства.]]></text>
</doc>
