<?xml version='1.0' encoding='UTF-8'?>
<doc>
  <source><![CDATA[https://newslab.ru/news/902658]]></source>
  <category verify="true" type="str" auto="true"><![CDATA[Новости]]></category>
  <title verify="true" type="str" auto="true"><![CDATA[Догадливые красноярские следователи получили премию от руководства за быстрый поиск сбежавшего подростка]]></title>
  <keywords verify="true" type="list" auto="true">
    <item type="str"><![CDATA[Новости]]></item>
    <item type="str"><![CDATA[Происшествия]]></item>
    <item type="str"><![CDATA[В Красноярском крае]]></item>
  </keywords>
  <text verify="true" type="str" auto="true"><![CDATA[В Красноярском крае следователей наградили премией за быстрый поиск сбежавшего из дома подростка, сообщили в краевом следственном управлении Следственного комитета.
В конце апреля 2019 года в следственные органы Березовского района обратилась мать 16-летнего мальчика. Она рассказала, что ее сын около семи часов вечера ушел из дома и пропал. Своих личных вещей он не взял, поэтому женщина очень волновалась за подростка.
Расследованием происшествия сразу занялась старший следователь Екатерина Каралкина. Она приехала к родителям мальчика, осмотрела его комнату и изучила переписку в компьютере. Во время беседы с родными выяснилось, что дома произошла ссора. Единственным местом, где подросток мог бы находиться, родители назвали свою дачу в поселке Малый Кускун.
«Туда выехал следователь следственного отдела по Березовскому району лейтенант юстиции Рамил Хуциев. Он обнаружил беглеца. Подросток пояснил, что ушел из дома, так как у него был конфликт с родителями и ему стало стыдно за свое поведение», — рассказали в управлении.
Мать подростка решила поблагодарить отзывчивых следователей и написала письмо на имя главного следователя Красноярского края. Вместе с Екатериной Каралкиной и Рамилом Худиевым премию за расследование получила заместитель начальника следственного отдела Березовского района подполковник Наталья Попова. Размер премии в управлении не называют.]]></text>
</doc>
