<?xml version='1.0' encoding='UTF-8'?>
<doc>
  <source><![CDATA[https://newslab.ru/news/905079]]></source>
  <category verify="true" type="str" auto="true"><![CDATA[Новости]]></category>
  <title verify="true" type="str" auto="true"><![CDATA[Ночью во дворе на Железнодорожников сгорели 3 машины (видео)]]></title>
  <keywords verify="true" type="list" auto="true">
    <item type="str"><![CDATA[Новости]]></item>
    <item type="str"><![CDATA[Происшествия]]></item>
    <item type="str"><![CDATA[В Красноярском крае]]></item>
  </keywords>
  <text verify="true" type="str" auto="true"><![CDATA[В ночь на 19 июня во дворе дома № 10 «а» по улице Железнодорожников в Красноярске загорелся припаркованный автомобиль. Пламя от него перекинулось еще на две машины.
Как рассказали Newslab в ГУ МЧС, пожар вспыхнул в 00:23 часа. В результате сгорели 3 легковых машины, площадь пожара составила 20 кв м. Пожар сопровождался громкими хлопками, напоминающими взрывы.
Публикация от ЧП Красноярск (@kras.chp) 18 Июн 2019 в 7:21 PDT
Люди не пострадали, повреждения получили только транспортные средства.
На тушение пожара от МЧС привлекалось 3 единицы техники. Другие обстоятельства случившегося уточняются, включая причину возгорания.]]></text>
</doc>
