<?xml version='1.0' encoding='UTF-8'?>
<doc>
  <source><![CDATA[https://newslab.ru/news/904758]]></source>
  <category verify="true" type="str" auto="true"><![CDATA[Новости]]></category>
  <title verify="true" type="str" auto="true"><![CDATA[В автосалоне ФЦ-Редут пройдет вечер распродаж Ford со скидкой до 400 тысяч рублей]]></title>
  <keywords verify="true" type="list" auto="true">
    <item type="str"><![CDATA[Новости]]></item>
    <item type="str"><![CDATA[Общество]]></item>
    <item type="str"><![CDATA[В Красноярском крае]]></item>
  </keywords>
  <text verify="true" type="str" auto="true"><![CDATA[20 июня с 18:00 до 21:00 в автосалоне ФЦ-Редут состоится вечер распродаж автомобилей Ford.
Скидка на 23 новых автомобиля в наличии достигает 400 000 рублей.*
На распродаже также будут представлены автомобили с пробегом из тестового парка ФЦ-Редут (пробег от 500 км).
Доступные модели автомобилей: Ford Fiesta, Ford EcoSport, Ford Kuga, Ford Mondeo, Ford Explorer. Все модели можно приобрести при помощи программ трейд-ин и кредитования.
Для гостей мероприятия будет работать бар с закусками и прохладительными напитками.
Начало вечера распродаж — 20 июня в 18:00. Адрес: ул. Партизана Железняка, 46д.
Чтобы узнать подробную информацию или зафиксировать спецпредложение на автомобиль, необходимо обратиться в отдел продаж ФЦ-Редут, тел. +7 (391) 205-45-15.
Кредит предоставляет ООО Сетелем банк, лицензия ЦБ РФ № 2168.
*Предложение ограничено и действительно 20.06.19. Подробности в ООО «ФЦ-Редут».]]></text>
</doc>
