<?xml version='1.0' encoding='UTF-8'?>
<doc>
  <source><![CDATA[https://newslab.ru/news/902950]]></source>
  <category verify="true" type="str" auto="true"><![CDATA[Новости]]></category>
  <title verify="true" type="str" auto="true"><![CDATA[Красноярских жирафов выпустили на улицу]]></title>
  <keywords verify="true" type="list" auto="true">
    <item type="str"><![CDATA[Новости]]></item>
    <item type="str"><![CDATA[Общество]]></item>
    <item type="str"><![CDATA[В Красноярском крае]]></item>
  </keywords>
  <text verify="true" type="str" auto="true"><![CDATA[Жирафов красноярского зоопарка «Роев ручей» Фёклу, Принцессу и Байтерка выпустили в уличный вольер. Сначала они осмотрелись, а затем принялись искать пищу.
«Огромная, высотой почти 7 метров, дверь открылась. Жирафы, как обычно, сначала оглядывались, и только убедившись, что опасности нет, вышли на улицу. Они наклоняют свои шеи и всматриваются в траву, выискивая какие-то особо вкусные для них растения. Чтобы сорвать цветок, жирафу приходится согнуть колени и опустить шею, в дикой природе жирафы принимают такую позу не часто: в этом положении животные уязвимы для хищников», — рассказывают зоологи.
Основной рацион жирафов — ветки лиственных деревьев. В качестве подкормки в их кормушки насыпают немного моркови, яблок и репчатого лука. Количество овощей строго ограничено, посетителям зоопарка нельзя кормить жирафов. «Зато можно рассмотреть самых высоких животных планеты с разных ракурсов: подойти со стороны конюшни и встретиться с жирафом, так сказать, лицом к лицу, или подойти к вольеру со стороны реки Енисей и оказавшись у его ног, поразиться: „Какой же ты большой, жираф!“», — рассказали в зоопарке.]]></text>
</doc>
